(0.125) SELECT "django_session"."session_key", "django_session"."session_data", "django_session"."expire_date" FROM "django_session" WHERE ("django_session"."expire_date" > '2025-08-16T15:34:31.086651'::timestamp AND "django_session"."session_key" = 'mwb8nnpifcga6zkhafk4b3ikxu6yh15f') LIMIT 21; args=(datetime.datetime(2025, 8, 16, 15, 34, 31, 86651), 'mwb8nnpifcga6zkhafk4b3ikxu6yh15f'); alias=default
(0.109) SELECT "usuarios"."is_superuser", "usuarios"."usuarioid", "usuarios"."nombreusuario", "usuarios"."contraseña", "usuarios"."rolid", "usuarios"."last_login", "usuarios"."is_active", "usuarios"."is_staff" FROM "usuarios" WHERE "usuarios"."usuarioid" = 1 LIMIT 21; args=(1,); alias=default
(0.110) SELECT "clientes"."clienteid", "clientes"."nombre", "clientes"."apellido", "clientes"."telefono", "clientes"."email", "clientes"."numerodocumento" FROM "clientes" ORDER BY "clientes"."nombre" ASC, "clientes"."apellido" ASC; args=(); alias=default
(0.000) BEGIN; args=None; alias=default
(0.219) UPDATE "django_session" SET "session_data" = '.eJxVjDsOwjAQBe_iGlnxbxNT0nMGy7te4wCypTipEHeHSCmgfTPzXiLEbS1h67yEOYmzUOL0u2GkB9cdpHustyap1XWZUe6KPGiX15b4eTncv4MSe_nW7PRICoybgLwCNSEMDDGTAZ_J-iFB9tkConIw-kTIxKQoO521ASveH9mSOBk:1unNbk:M2u6F6BFVY_4RbijX0fyGocvyJ8Idf8pRGi8SjWngOc', "expire_date" = '2025-08-30T15:34:32.278102'::timestamp WHERE "django_session"."session_key" = 'mwb8nnpifcga6zkhafk4b3ikxu6yh15f'; args=('.eJxVjDsOwjAQBe_iGlnxbxNT0nMGy7te4wCypTipEHeHSCmgfTPzXiLEbS1h67yEOYmzUOL0u2GkB9cdpHustyap1XWZUe6KPGiX15b4eTncv4MSe_nW7PRICoybgLwCNSEMDDGTAZ_J-iFB9tkConIw-kTIxKQoO521ASveH9mSOBk:1unNbk:M2u6F6BFVY_4RbijX0fyGocvyJ8Idf8pRGi8SjWngOc', datetime.datetime(2025, 8, 30, 15, 34, 32, 278102), 'mwb8nnpifcga6zkhafk4b3ikxu6yh15f'); alias=default
(0.125) COMMIT; args=None; alias=default
"GET /visualizar_clientes/ HTTP/1.1" 200 16793
(0.110) SELECT "django_session"."session_key", "django_session"."session_data", "django_session"."expire_date" FROM "django_session" WHERE ("django_session"."expire_date" > '2025-08-16T15:34:35.703351'::timestamp AND "django_session"."session_key" = 'mwb8nnpifcga6zkhafk4b3ikxu6yh15f') LIMIT 21; args=(datetime.datetime(2025, 8, 16, 15, 34, 35, 703351), 'mwb8nnpifcga6zkhafk4b3ikxu6yh15f'); alias=default
(0.109) SELECT "usuarios"."is_superuser", "usuarios"."usuarioid", "usuarios"."nombreusuario", "usuarios"."contraseña", "usuarios"."rolid", "usuarios"."last_login", "usuarios"."is_active", "usuarios"."is_staff" FROM "usuarios" WHERE "usuarios"."usuarioid" = 1 LIMIT 21; args=(1,); alias=default
(0.109) SELECT COUNT(*) AS "__count" FROM "pedidosproveedor"; args=(); alias=default
(0.110) SELECT "pedidosproveedor"."pedidoid", "pedidosproveedor"."proveedorid", "pedidosproveedor"."sucursalid", "pedidosproveedor"."fechapedido", "pedidosproveedor"."fechaestimadaentrega", "pedidosproveedor"."costototal", "pedidosproveedor"."estado", "pedidosproveedor"."comentario", "pedidosproveedor"."fecha_recibido", "pedidosproveedor"."monto_pagado", "pedidosproveedor"."caja_pagoid" FROM "pedidosproveedor" ORDER BY "pedidosproveedor"."fechapedido" DESC LIMIT 6; args=(); alias=default
(0.109) SELECT "proveedores"."proveedorid", "proveedores"."nombre", "proveedores"."empresa", "proveedores"."telefono", "proveedores"."email", "proveedores"."direccion" FROM "proveedores" WHERE "proveedores"."proveedorid" = 17 LIMIT 21; args=(17,); alias=default
(0.109) SELECT "sucursales"."sucursalid", "sucursales"."nombre", "sucursales"."direccion", "sucursales"."telefono" FROM "sucursales" WHERE "sucursales"."sucursalid" = 4 LIMIT 21; args=(4,); alias=default
(0.110) SELECT "proveedores"."proveedorid", "proveedores"."nombre", "proveedores"."empresa", "proveedores"."telefono", "proveedores"."email", "proveedores"."direccion" FROM "proveedores" WHERE "proveedores"."proveedorid" = 17 LIMIT 21; args=(17,); alias=default
(0.109) SELECT "sucursales"."sucursalid", "sucursales"."nombre", "sucursales"."direccion", "sucursales"."telefono" FROM "sucursales" WHERE "sucursales"."sucursalid" = 4 LIMIT 21; args=(4,); alias=default
(0.125) SELECT "proveedores"."proveedorid", "proveedores"."nombre", "proveedores"."empresa", "proveedores"."telefono", "proveedores"."email", "proveedores"."direccion" FROM "proveedores" WHERE "proveedores"."proveedorid" = 4 LIMIT 21; args=(4,); alias=default
(0.110) SELECT "sucursales"."sucursalid", "sucursales"."nombre", "sucursales"."direccion", "sucursales"."telefono" FROM "sucursales" WHERE "sucursales"."sucursalid" = 3 LIMIT 21; args=(3,); alias=default
(0.109) SELECT "proveedores"."proveedorid", "proveedores"."nombre", "proveedores"."empresa", "proveedores"."telefono", "proveedores"."email", "proveedores"."direccion" FROM "proveedores" WHERE "proveedores"."proveedorid" = 17 LIMIT 21; args=(17,); alias=default
(0.109) SELECT "sucursales"."sucursalid", "sucursales"."nombre", "sucursales"."direccion", "sucursales"."telefono" FROM "sucursales" WHERE "sucursales"."sucursalid" = 14 LIMIT 21; args=(14,); alias=default
(0.110) SELECT "proveedores"."proveedorid", "proveedores"."nombre", "proveedores"."empresa", "proveedores"."telefono", "proveedores"."email", "proveedores"."direccion" FROM "proveedores" WHERE "proveedores"."proveedorid" = 4 LIMIT 21; args=(4,); alias=default
(0.109) SELECT "sucursales"."sucursalid", "sucursales"."nombre", "sucursales"."direccion", "sucursales"."telefono" FROM "sucursales" WHERE "sucursales"."sucursalid" = 6 LIMIT 21; args=(6,); alias=default
(0.109) SELECT "proveedores"."proveedorid", "proveedores"."nombre", "proveedores"."empresa", "proveedores"."telefono", "proveedores"."email", "proveedores"."direccion" FROM "proveedores" WHERE "proveedores"."proveedorid" = 1 LIMIT 21; args=(1,); alias=default
(0.110) SELECT "sucursales"."sucursalid", "sucursales"."nombre", "sucursales"."direccion", "sucursales"."telefono" FROM "sucursales" WHERE "sucursales"."sucursalid" = 8 LIMIT 21; args=(8,); alias=default
(0.000) BEGIN; args=None; alias=default
(0.219) UPDATE "django_session" SET "session_data" = '.eJxVjDsOwjAQBe_iGlnxbxNT0nMGy7te4wCypTipEHeHSCmgfTPzXiLEbS1h67yEOYmzUOL0u2GkB9cdpHustyap1XWZUe6KPGiX15b4eTncv4MSe_nW7PRICoybgLwCNSEMDDGTAZ_J-iFB9tkConIw-kTIxKQoO521ASveH9mSOBk:1unNbq:cgT1uoyQ98-84pNLxWaCaoX7Kw3n44HE-KocgvoJmCo', "expire_date" = '2025-08-30T15:34:38.275600'::timestamp WHERE "django_session"."session_key" = 'mwb8nnpifcga6zkhafk4b3ikxu6yh15f'; args=('.eJxVjDsOwjAQBe_iGlnxbxNT0nMGy7te4wCypTipEHeHSCmgfTPzXiLEbS1h67yEOYmzUOL0u2GkB9cdpHustyap1XWZUe6KPGiX15b4eTncv4MSe_nW7PRICoybgLwCNSEMDDGTAZ_J-iFB9tkConIw-kTIxKQoO521ASveH9mSOBk:1unNbq:cgT1uoyQ98-84pNLxWaCaoX7Kw3n44HE-KocgvoJmCo', datetime.datetime(2025, 8, 30, 15, 34, 38, 275600), 'mwb8nnpifcga6zkhafk4b3ikxu6yh15f'); alias=default
(0.109) COMMIT; args=None; alias=default
"GET /visualizar_pedidos/ HTTP/1.1" 200 14242
"GET /static/css/visualizar_pedidos.css HTTP/1.1" 304 0
(0.109) SELECT "django_session"."session_key", "django_session"."session_data", "django_session"."expire_date" FROM "django_session" WHERE ("django_session"."expire_date" > '2025-08-16T15:37:29.386304'::timestamp AND "django_session"."session_key" = 'mwb8nnpifcga6zkhafk4b3ikxu6yh15f') LIMIT 21; args=(datetime.datetime(2025, 8, 16, 15, 37, 29, 386304), 'mwb8nnpifcga6zkhafk4b3ikxu6yh15f'); alias=default
(0.094) SELECT "usuarios"."is_superuser", "usuarios"."usuarioid", "usuarios"."nombreusuario", "usuarios"."contraseña", "usuarios"."rolid", "usuarios"."last_login", "usuarios"."is_active", "usuarios"."is_staff" FROM "usuarios" WHERE "usuarios"."usuarioid" = 1 LIMIT 21; args=(1,); alias=default
(0.094) SELECT "clientes"."clienteid", "clientes"."nombre", "clientes"."apellido", "clientes"."telefono", "clientes"."email", "clientes"."numerodocumento" FROM "clientes" ORDER BY "clientes"."nombre" ASC, "clientes"."apellido" ASC; args=(); alias=default
(0.000) BEGIN; args=None; alias=default
(0.187) UPDATE "django_session" SET "session_data" = '.eJxVjDsOwjAQBe_iGlnxbxNT0nMGy7te4wCypTipEHeHSCmgfTPzXiLEbS1h67yEOYmzUOL0u2GkB9cdpHustyap1XWZUe6KPGiX15b4eTncv4MSe_nW7PRICoybgLwCNSEMDDGTAZ_J-iFB9tkConIw-kTIxKQoO521ASveH9mSOBk:1unNec:Irc9gLW5J-o1qen91ioVD_lX9Gw8FmOsNl8MTPW3H_M', "expire_date" = '2025-08-30T15:37:30.397802'::timestamp WHERE "django_session"."session_key" = 'mwb8nnpifcga6zkhafk4b3ikxu6yh15f'; args=('.eJxVjDsOwjAQBe_iGlnxbxNT0nMGy7te4wCypTipEHeHSCmgfTPzXiLEbS1h67yEOYmzUOL0u2GkB9cdpHustyap1XWZUe6KPGiX15b4eTncv4MSe_nW7PRICoybgLwCNSEMDDGTAZ_J-iFB9tkConIw-kTIxKQoO521ASveH9mSOBk:1unNec:Irc9gLW5J-o1qen91ioVD_lX9Gw8FmOsNl8MTPW3H_M', datetime.datetime(2025, 8, 30, 15, 37, 30, 397802), 'mwb8nnpifcga6zkhafk4b3ikxu6yh15f'); alias=default
(0.094) COMMIT; args=None; alias=default
"GET /visualizar_clientes/ HTTP/1.1" 200 16793
(0.078) SELECT "django_session"."session_key", "django_session"."session_data", "django_session"."expire_date" FROM "django_session" WHERE ("django_session"."expire_date" > '2025-08-16T15:37:55.899938'::timestamp AND "django_session"."session_key" = 'mwb8nnpifcga6zkhafk4b3ikxu6yh15f') LIMIT 21; args=(datetime.datetime(2025, 8, 16, 15, 37, 55, 899938), 'mwb8nnpifcga6zkhafk4b3ikxu6yh15f'); alias=default
(0.094) SELECT "usuarios"."is_superuser", "usuarios"."usuarioid", "usuarios"."nombreusuario", "usuarios"."contraseña", "usuarios"."rolid", "usuarios"."last_login", "usuarios"."is_active", "usuarios"."is_staff" FROM "usuarios" WHERE "usuarios"."usuarioid" = 1 LIMIT 21; args=(1,); alias=default
(0.093) SELECT COUNT(*) AS "__count" FROM "pedidosproveedor"; args=(); alias=default
(0.079) SELECT "pedidosproveedor"."pedidoid", "pedidosproveedor"."proveedorid", "pedidosproveedor"."sucursalid", "pedidosproveedor"."fechapedido", "pedidosproveedor"."fechaestimadaentrega", "pedidosproveedor"."costototal", "pedidosproveedor"."estado", "pedidosproveedor"."comentario", "pedidosproveedor"."fecha_recibido", "pedidosproveedor"."monto_pagado", "pedidosproveedor"."caja_pagoid" FROM "pedidosproveedor" ORDER BY "pedidosproveedor"."fechapedido" DESC LIMIT 6; args=(); alias=default
(0.078) SELECT "proveedores"."proveedorid", "proveedores"."nombre", "proveedores"."empresa", "proveedores"."telefono", "proveedores"."email", "proveedores"."direccion" FROM "proveedores" WHERE "proveedores"."proveedorid" = 17 LIMIT 21; args=(17,); alias=default
(0.078) SELECT "sucursales"."sucursalid", "sucursales"."nombre", "sucursales"."direccion", "sucursales"."telefono" FROM "sucursales" WHERE "sucursales"."sucursalid" = 4 LIMIT 21; args=(4,); alias=default
(0.079) SELECT "proveedores"."proveedorid", "proveedores"."nombre", "proveedores"."empresa", "proveedores"."telefono", "proveedores"."email", "proveedores"."direccion" FROM "proveedores" WHERE "proveedores"."proveedorid" = 17 LIMIT 21; args=(17,); alias=default
(0.093) SELECT "sucursales"."sucursalid", "sucursales"."nombre", "sucursales"."direccion", "sucursales"."telefono" FROM "sucursales" WHERE "sucursales"."sucursalid" = 4 LIMIT 21; args=(4,); alias=default
(0.094) SELECT "proveedores"."proveedorid", "proveedores"."nombre", "proveedores"."empresa", "proveedores"."telefono", "proveedores"."email", "proveedores"."direccion" FROM "proveedores" WHERE "proveedores"."proveedorid" = 4 LIMIT 21; args=(4,); alias=default
(0.078) SELECT "sucursales"."sucursalid", "sucursales"."nombre", "sucursales"."direccion", "sucursales"."telefono" FROM "sucursales" WHERE "sucursales"."sucursalid" = 3 LIMIT 21; args=(3,); alias=default
(0.078) SELECT "proveedores"."proveedorid", "proveedores"."nombre", "proveedores"."empresa", "proveedores"."telefono", "proveedores"."email", "proveedores"."direccion" FROM "proveedores" WHERE "proveedores"."proveedorid" = 17 LIMIT 21; args=(17,); alias=default
(0.094) SELECT "sucursales"."sucursalid", "sucursales"."nombre", "sucursales"."direccion", "sucursales"."telefono" FROM "sucursales" WHERE "sucursales"."sucursalid" = 14 LIMIT 21; args=(14,); alias=default
(0.078) SELECT "proveedores"."proveedorid", "proveedores"."nombre", "proveedores"."empresa", "proveedores"."telefono", "proveedores"."email", "proveedores"."direccion" FROM "proveedores" WHERE "proveedores"."proveedorid" = 4 LIMIT 21; args=(4,); alias=default
(0.078) SELECT "sucursales"."sucursalid", "sucursales"."nombre", "sucursales"."direccion", "sucursales"."telefono" FROM "sucursales" WHERE "sucursales"."sucursalid" = 6 LIMIT 21; args=(6,); alias=default
(0.094) SELECT "proveedores"."proveedorid", "proveedores"."nombre", "proveedores"."empresa", "proveedores"."telefono", "proveedores"."email", "proveedores"."direccion" FROM "proveedores" WHERE "proveedores"."proveedorid" = 1 LIMIT 21; args=(1,); alias=default
(0.078) SELECT "sucursales"."sucursalid", "sucursales"."nombre", "sucursales"."direccion", "sucursales"."telefono" FROM "sucursales" WHERE "sucursales"."sucursalid" = 8 LIMIT 21; args=(8,); alias=default
(0.000) BEGIN; args=None; alias=default
(0.172) UPDATE "django_session" SET "session_data" = '.eJxVjDsOwjAQBe_iGlnxbxNT0nMGy7te4wCypTipEHeHSCmgfTPzXiLEbS1h67yEOYmzUOL0u2GkB9cdpHustyap1XWZUe6KPGiX15b4eTncv4MSe_nW7PRICoybgLwCNSEMDDGTAZ_J-iFB9tkConIw-kTIxKQoO521ASveH9mSOBk:1unNf3:4mvUt5JnKbh30uBocDpg4VGHfuqfAjqiWKB5T_fu-ZQ', "expire_date" = '2025-08-30T15:37:57.885119'::timestamp WHERE "django_session"."session_key" = 'mwb8nnpifcga6zkhafk4b3ikxu6yh15f'; args=('.eJxVjDsOwjAQBe_iGlnxbxNT0nMGy7te4wCypTipEHeHSCmgfTPzXiLEbS1h67yEOYmzUOL0u2GkB9cdpHustyap1XWZUe6KPGiX15b4eTncv4MSe_nW7PRICoybgLwCNSEMDDGTAZ_J-iFB9tkConIw-kTIxKQoO521ASveH9mSOBk:1unNf3:4mvUt5JnKbh30uBocDpg4VGHfuqfAjqiWKB5T_fu-ZQ', datetime.datetime(2025, 8, 30, 15, 37, 57, 885119), 'mwb8nnpifcga6zkhafk4b3ikxu6yh15f'); alias=default
(0.078) COMMIT; args=None; alias=default
"GET /visualizar_pedidos/ HTTP/1.1" 200 14242
"GET /static/css/visualizar_pedidos.css HTTP/1.1" 304 0
(0.109) SELECT "django_session"."session_key", "django_session"."session_data", "django_session"."expire_date" FROM "django_session" WHERE ("django_session"."expire_date" > '2025-08-16T15:40:10.778599'::timestamp AND "django_session"."session_key" = 'mwb8nnpifcga6zkhafk4b3ikxu6yh15f') LIMIT 21; args=(datetime.datetime(2025, 8, 16, 15, 40, 10, 778599), 'mwb8nnpifcga6zkhafk4b3ikxu6yh15f'); alias=default
(0.109) SELECT "usuarios"."is_superuser", "usuarios"."usuarioid", "usuarios"."nombreusuario", "usuarios"."contraseña", "usuarios"."rolid", "usuarios"."last_login", "usuarios"."is_active", "usuarios"."is_staff" FROM "usuarios" WHERE "usuarios"."usuarioid" = 1 LIMIT 21; args=(1,); alias=default
(0.110) SELECT "clientes"."clienteid", "clientes"."nombre", "clientes"."apellido", "clientes"."telefono", "clientes"."email", "clientes"."numerodocumento" FROM "clientes" ORDER BY "clientes"."nombre" ASC, "clientes"."apellido" ASC; args=(); alias=default
(0.000) BEGIN; args=None; alias=default
(0.203) UPDATE "django_session" SET "session_data" = '.eJxVjDsOwjAQBe_iGlnxbxNT0nMGy7te4wCypTipEHeHSCmgfTPzXiLEbS1h67yEOYmzUOL0u2GkB9cdpHustyap1XWZUe6KPGiX15b4eTncv4MSe_nW7PRICoybgLwCNSEMDDGTAZ_J-iFB9tkConIw-kTIxKQoO521ASveH9mSOBk:1unNhD:RfL0uWdu7_X1y0L-yjoh4CO_ZTK5yIZDILnZmebDy0w', "expire_date" = '2025-08-30T15:40:11.942514'::timestamp WHERE "django_session"."session_key" = 'mwb8nnpifcga6zkhafk4b3ikxu6yh15f'; args=('.eJxVjDsOwjAQBe_iGlnxbxNT0nMGy7te4wCypTipEHeHSCmgfTPzXiLEbS1h67yEOYmzUOL0u2GkB9cdpHustyap1XWZUe6KPGiX15b4eTncv4MSe_nW7PRICoybgLwCNSEMDDGTAZ_J-iFB9tkConIw-kTIxKQoO521ASveH9mSOBk:1unNhD:RfL0uWdu7_X1y0L-yjoh4CO_ZTK5yIZDILnZmebDy0w', datetime.datetime(2025, 8, 30, 15, 40, 11, 942514), 'mwb8nnpifcga6zkhafk4b3ikxu6yh15f'); alias=default
(0.109) COMMIT; args=None; alias=default
"GET /visualizar_clientes/ HTTP/1.1" 200 16793
(0.078) SELECT "django_session"."session_key", "django_session"."session_data", "django_session"."expire_date" FROM "django_session" WHERE ("django_session"."expire_date" > '2025-08-16T15:40:13.894405'::timestamp AND "django_session"."session_key" = 'mwb8nnpifcga6zkhafk4b3ikxu6yh15f') LIMIT 21; args=(datetime.datetime(2025, 8, 16, 15, 40, 13, 894405), 'mwb8nnpifcga6zkhafk4b3ikxu6yh15f'); alias=default
(0.094) SELECT "usuarios"."is_superuser", "usuarios"."usuarioid", "usuarios"."nombreusuario", "usuarios"."contraseña", "usuarios"."rolid", "usuarios"."last_login", "usuarios"."is_active", "usuarios"."is_staff" FROM "usuarios" WHERE "usuarios"."usuarioid" = 1 LIMIT 21; args=(1,); alias=default
(0.078) SELECT "clientes"."clienteid", "clientes"."nombre", "clientes"."apellido", "clientes"."telefono", "clientes"."email", "clientes"."numerodocumento" FROM "clientes" ORDER BY "clientes"."nombre" ASC, "clientes"."apellido" ASC; args=(); alias=default
(0.000) BEGIN; args=None; alias=default
(0.172) UPDATE "django_session" SET "session_data" = '.eJxVjDsOwjAQBe_iGlnxbxNT0nMGy7te4wCypTipEHeHSCmgfTPzXiLEbS1h67yEOYmzUOL0u2GkB9cdpHustyap1XWZUe6KPGiX15b4eTncv4MSe_nW7PRICoybgLwCNSEMDDGTAZ_J-iFB9tkConIw-kTIxKQoO521ASveH9mSOBk:1unNhG:JN6hLfB2h8tQWi_Id-qGKtL222Ne4thKTKbjRkXAs2o', "expire_date" = '2025-08-30T15:40:14.761720'::timestamp WHERE "django_session"."session_key" = 'mwb8nnpifcga6zkhafk4b3ikxu6yh15f'; args=('.eJxVjDsOwjAQBe_iGlnxbxNT0nMGy7te4wCypTipEHeHSCmgfTPzXiLEbS1h67yEOYmzUOL0u2GkB9cdpHustyap1XWZUe6KPGiX15b4eTncv4MSe_nW7PRICoybgLwCNSEMDDGTAZ_J-iFB9tkConIw-kTIxKQoO521ASveH9mSOBk:1unNhG:JN6hLfB2h8tQWi_Id-qGKtL222Ne4thKTKbjRkXAs2o', datetime.datetime(2025, 8, 30, 15, 40, 14, 761720), 'mwb8nnpifcga6zkhafk4b3ikxu6yh15f'); alias=default
(0.078) COMMIT; args=None; alias=default
"GET /visualizar_clientes/ HTTP/1.1" 200 16793
"GET /visualizar_clientes/ HTTP/1.1" 302 0
"GET /?next=/visualizar_clientes/ HTTP/1.1" 200 1391
"GET /static/css/navbar.css HTTP/1.1" 200 6709
"GET /static/javascript/navbar.js HTTP/1.1" 200 1576
"GET /static/css/login.css HTTP/1.1" 200 11695
"GET /static/images/logoNovaAdvance.png HTTP/1.1" 200 3509194
(0.094) SELECT "usuarios"."is_superuser", "usuarios"."usuarioid", "usuarios"."nombreusuario", "usuarios"."contraseña", "usuarios"."rolid", "usuarios"."last_login", "usuarios"."is_active", "usuarios"."is_staff" FROM "usuarios" WHERE "usuarios"."nombreusuario" = 'admin' LIMIT 21; args=('admin',); alias=default
(0.094) SELECT 1 AS "a" FROM "django_session" WHERE "django_session"."session_key" = 't6gw7w625pxs728e22ixxp52h41qhq35' LIMIT 1; args=(1, 't6gw7w625pxs728e22ixxp52h41qhq35'); alias=default
(0.000) BEGIN; args=None; alias=default
(0.188) INSERT INTO "django_session" ("session_key", "session_data", "expire_date") VALUES ('t6gw7w625pxs728e22ixxp52h41qhq35', 'e30:1unNhS:kfXeGFJ1JBeD_PljLP3uEDKdDSZVg_6UlKFF8hhNvVs', '2025-08-30T15:40:26.260701'::timestamp); args=('t6gw7w625pxs728e22ixxp52h41qhq35', 'e30:1unNhS:kfXeGFJ1JBeD_PljLP3uEDKdDSZVg_6UlKFF8hhNvVs', datetime.datetime(2025, 8, 30, 15, 40, 26, 260701)); alias=default
(0.093) COMMIT; args=None; alias=default
(0.094) UPDATE "usuarios" SET "last_login" = '2025-08-16T15:40:26.542039'::timestamp WHERE "usuarios"."usuarioid" = 1; args=(datetime.datetime(2025, 8, 16, 15, 40, 26, 542039), 1); alias=default
(0.000) BEGIN; args=None; alias=default
(0.188) UPDATE "django_session" SET "session_data" = '.eJxVjDsOwjAQBe_iGlnxbxNT0nMGy7te4wCypTipEHeHSCmgfTPzXiLEbS1h67yEOYmzUOL0u2GkB9cdpHustyap1XWZUe6KPGiX15b4eTncv4MSe_nW7PRICoybgLwCNSEMDDGTAZ_J-iFB9tkConIw-kTIxKQoO521ASveH9mSOBk:1unNhS:JYiStb34hPXcA_nAw8izEOkY2efWgrcFin1A3HhpFOU', "expire_date" = '2025-08-30T15:40:26.637186'::timestamp WHERE "django_session"."session_key" = 't6gw7w625pxs728e22ixxp52h41qhq35'; args=('.eJxVjDsOwjAQBe_iGlnxbxNT0nMGy7te4wCypTipEHeHSCmgfTPzXiLEbS1h67yEOYmzUOL0u2GkB9cdpHustyap1XWZUe6KPGiX15b4eTncv4MSe_nW7PRICoybgLwCNSEMDDGTAZ_J-iFB9tkConIw-kTIxKQoO521ASveH9mSOBk:1unNhS:JYiStb34hPXcA_nAw8izEOkY2efWgrcFin1A3HhpFOU', datetime.datetime(2025, 8, 30, 15, 40, 26, 637186), 't6gw7w625pxs728e22ixxp52h41qhq35'); alias=default
(0.093) COMMIT; args=None; alias=default
"POST / HTTP/1.1" 302 0
(0.109) SELECT "django_session"."session_key", "django_session"."session_data", "django_session"."expire_date" FROM "django_session" WHERE ("django_session"."expire_date" > '2025-08-16T15:40:26.920394'::timestamp AND "django_session"."session_key" = 't6gw7w625pxs728e22ixxp52h41qhq35') LIMIT 21; args=(datetime.datetime(2025, 8, 16, 15, 40, 26, 920394), 't6gw7w625pxs728e22ixxp52h41qhq35'); alias=default
(0.110) SELECT "usuarios"."is_superuser", "usuarios"."usuarioid", "usuarios"."nombreusuario", "usuarios"."contraseña", "usuarios"."rolid", "usuarios"."last_login", "usuarios"."is_active", "usuarios"."is_staff" FROM "usuarios" WHERE "usuarios"."usuarioid" = 1 LIMIT 21; args=(1,); alias=default
(0.000) BEGIN; args=None; alias=default
(0.219) UPDATE "django_session" SET "session_data" = '.eJxVjDsOwjAQBe_iGlnxbxNT0nMGy7te4wCypTipEHeHSCmgfTPzXiLEbS1h67yEOYmzUOL0u2GkB9cdpHustyap1XWZUe6KPGiX15b4eTncv4MSe_nW7PRICoybgLwCNSEMDDGTAZ_J-iFB9tkConIw-kTIxKQoO521ASveH9mSOBk:1unNhT:g9xG4r27BumObMhoDJVcNhqgFr-tseJdRCtOTSaWbY4', "expire_date" = '2025-08-30T15:40:27.955309'::timestamp WHERE "django_session"."session_key" = 't6gw7w625pxs728e22ixxp52h41qhq35'; args=('.eJxVjDsOwjAQBe_iGlnxbxNT0nMGy7te4wCypTipEHeHSCmgfTPzXiLEbS1h67yEOYmzUOL0u2GkB9cdpHustyap1XWZUe6KPGiX15b4eTncv4MSe_nW7PRICoybgLwCNSEMDDGTAZ_J-iFB9tkConIw-kTIxKQoO521ASveH9mSOBk:1unNhT:g9xG4r27BumObMhoDJVcNhqgFr-tseJdRCtOTSaWbY4', datetime.datetime(2025, 8, 30, 15, 40, 27, 955309), 't6gw7w625pxs728e22ixxp52h41qhq35'); alias=default
(0.109) COMMIT; args=None; alias=default
"GET /home/ HTTP/1.1" 200 5981
"GET /static/css/homePage.css HTTP/1.1" 200 7291
"GET /static/images/logoNovaAdvancetransparente.png HTTP/1.1" 200 3433207
(0.079) SELECT "django_session"."session_key", "django_session"."session_data", "django_session"."expire_date" FROM "django_session" WHERE ("django_session"."expire_date" > '2025-08-16T15:40:29.815302'::timestamp AND "django_session"."session_key" = 't6gw7w625pxs728e22ixxp52h41qhq35') LIMIT 21; args=(datetime.datetime(2025, 8, 16, 15, 40, 29, 815302), 't6gw7w625pxs728e22ixxp52h41qhq35'); alias=default
(0.093) SELECT "usuarios"."is_superuser", "usuarios"."usuarioid", "usuarios"."nombreusuario", "usuarios"."contraseña", "usuarios"."rolid", "usuarios"."last_login", "usuarios"."is_active", "usuarios"."is_staff" FROM "usuarios" WHERE "usuarios"."usuarioid" = 1 LIMIT 21; args=(1,); alias=default
(0.078) SELECT "clientes"."clienteid", "clientes"."nombre", "clientes"."apellido", "clientes"."telefono", "clientes"."email", "clientes"."numerodocumento" FROM "clientes" ORDER BY "clientes"."nombre" ASC, "clientes"."apellido" ASC; args=(); alias=default
(0.000) BEGIN; args=None; alias=default
(0.172) UPDATE "django_session" SET "session_data" = '.eJxVjDsOwjAQBe_iGlnxbxNT0nMGy7te4wCypTipEHeHSCmgfTPzXiLEbS1h67yEOYmzUOL0u2GkB9cdpHustyap1XWZUe6KPGiX15b4eTncv4MSe_nW7PRICoybgLwCNSEMDDGTAZ_J-iFB9tkConIw-kTIxKQoO521ASveH9mSOBk:1unNhW:Bnuu2l_z5A4rBl525NpM7DLRRmj4y2TIYpd__KZA3G4', "expire_date" = '2025-08-30T15:40:30.668336'::timestamp WHERE "django_session"."session_key" = 't6gw7w625pxs728e22ixxp52h41qhq35'; args=('.eJxVjDsOwjAQBe_iGlnxbxNT0nMGy7te4wCypTipEHeHSCmgfTPzXiLEbS1h67yEOYmzUOL0u2GkB9cdpHustyap1XWZUe6KPGiX15b4eTncv4MSe_nW7PRICoybgLwCNSEMDDGTAZ_J-iFB9tkConIw-kTIxKQoO521ASveH9mSOBk:1unNhW:Bnuu2l_z5A4rBl525NpM7DLRRmj4y2TIYpd__KZA3G4', datetime.datetime(2025, 8, 30, 15, 40, 30, 668336), 't6gw7w625pxs728e22ixxp52h41qhq35'); alias=default
(0.078) COMMIT; args=None; alias=default
"GET /visualizar_clientes/ HTTP/1.1" 200 16793
"GET /static/javascript/visualizar_clientes.js HTTP/1.1" 200 1394
"GET /static/css/visualizar_clientes.css HTTP/1.1" 200 10578
(0.078) SELECT "django_session"."session_key", "django_session"."session_data", "django_session"."expire_date" FROM "django_session" WHERE ("django_session"."expire_date" > '2025-08-16T15:40:41.207391'::timestamp AND "django_session"."session_key" = 't6gw7w625pxs728e22ixxp52h41qhq35') LIMIT 21; args=(datetime.datetime(2025, 8, 16, 15, 40, 41, 207391), 't6gw7w625pxs728e22ixxp52h41qhq35'); alias=default
(0.078) SELECT "usuarios"."is_superuser", "usuarios"."usuarioid", "usuarios"."nombreusuario", "usuarios"."contraseña", "usuarios"."rolid", "usuarios"."last_login", "usuarios"."is_active", "usuarios"."is_staff" FROM "usuarios" WHERE "usuarios"."usuarioid" = 1 LIMIT 21; args=(1,); alias=default
(0.094) SELECT "clientes"."clienteid", "clientes"."nombre", "clientes"."apellido", "clientes"."telefono", "clientes"."email", "clientes"."numerodocumento" FROM "clientes" WHERE "clientes"."clienteid" = 3 LIMIT 21; args=(3,); alias=default
(0.000) BEGIN; args=None; alias=default
(0.156) UPDATE "django_session" SET "session_data" = '.eJxVjDsOwjAQBe_iGlnxbxNT0nMGy7te4wCypTipEHeHSCmgfTPzXiLEbS1h67yEOYmzUOL0u2GkB9cdpHustyap1XWZUe6KPGiX15b4eTncv4MSe_nW7PRICoybgLwCNSEMDDGTAZ_J-iFB9tkConIw-kTIxKQoO521ASveH9mSOBk:1unNhi:2W4OasNoKf-MoenMNpl_aMGMo4muXQef7u83sQXq5fU', "expire_date" = '2025-08-30T15:40:42.069796'::timestamp WHERE "django_session"."session_key" = 't6gw7w625pxs728e22ixxp52h41qhq35'; args=('.eJxVjDsOwjAQBe_iGlnxbxNT0nMGy7te4wCypTipEHeHSCmgfTPzXiLEbS1h67yEOYmzUOL0u2GkB9cdpHustyap1XWZUe6KPGiX15b4eTncv4MSe_nW7PRICoybgLwCNSEMDDGTAZ_J-iFB9tkConIw-kTIxKQoO521ASveH9mSOBk:1unNhi:2W4OasNoKf-MoenMNpl_aMGMo4muXQef7u83sQXq5fU', datetime.datetime(2025, 8, 30, 15, 40, 42, 69796), 't6gw7w625pxs728e22ixxp52h41qhq35'); alias=default
(0.094) COMMIT; args=None; alias=default
"GET /clientes/editar/3/ HTTP/1.1" 200 8579
"GET /static/css/agregar_cliente.css HTTP/1.1" 200 6806
"GET /static/javascript/editar_cliente.js HTTP/1.1" 200 3187
(0.109) SELECT "django_session"."session_key", "django_session"."session_data", "django_session"."expire_date" FROM "django_session" WHERE ("django_session"."expire_date" > '2025-08-16T15:40:46.748336'::timestamp AND "django_session"."session_key" = 't6gw7w625pxs728e22ixxp52h41qhq35') LIMIT 21; args=(datetime.datetime(2025, 8, 16, 15, 40, 46, 748336), 't6gw7w625pxs728e22ixxp52h41qhq35'); alias=default
(0.094) SELECT "usuarios"."is_superuser", "usuarios"."usuarioid", "usuarios"."nombreusuario", "usuarios"."contraseña", "usuarios"."rolid", "usuarios"."last_login", "usuarios"."is_active", "usuarios"."is_staff" FROM "usuarios" WHERE "usuarios"."usuarioid" = 1 LIMIT 21; args=(1,); alias=default
(0.094) SELECT "clientes"."clienteid", "clientes"."nombre", "clientes"."apellido", "clientes"."telefono", "clientes"."email", "clientes"."numerodocumento" FROM "clientes" WHERE "clientes"."clienteid" = 3 LIMIT 21; args=(3,); alias=default
(0.109) SELECT 1 AS "a" FROM "clientes" WHERE ("clientes"."numerodocumento" = '67945876492' AND NOT ("clientes"."clienteid" = 3)) LIMIT 1; args=(1, '67945876492', 3); alias=default
(0.094) SELECT 1 AS "a" FROM "clientes" WHERE ("clientes"."telefono" = '32423424' AND NOT ("clientes"."clienteid" = 3)) LIMIT 1; args=(1, '32423424', 3); alias=default
(0.094) SELECT 1 AS "a" FROM "clientes" WHERE ("clientes"."email" = 'ali@hotmail.com' AND NOT ("clientes"."clienteid" = 3)) LIMIT 1; args=(1, 'ali@hotmail.com', 3); alias=default
(0.109) UPDATE "clientes" SET "nombre" = 'ali', "apellido" = 'ali', "telefono" = '32423424', "email" = 'ali@hotmail.com', "numerodocumento" = '67945876492' WHERE "clientes"."clienteid" = 3; args=('ali', 'ali', '32423424', 'ali@hotmail.com', '67945876492', 3); alias=default
(0.000) BEGIN; args=None; alias=default
(0.188) UPDATE "django_session" SET "session_data" = '.eJxVjDsOwjAQBe_iGlnxbxNT0nMGy7te4wCypTipEHeHSCmgfTPzXiLEbS1h67yEOYmzUOL0u2GkB9cdpHustyap1XWZUe6KPGiX15b4eTncv4MSe_nW7PRICoybgLwCNSEMDDGTAZ_J-iFB9tkConIw-kTIxKQoO521ASveH9mSOBk:1unNho:OUPCixndSz5z-yZxqHPEMGiNygZhuuRsZrC6S3Q18a4', "expire_date" = '2025-08-30T15:40:48.174229'::timestamp WHERE "django_session"."session_key" = 't6gw7w625pxs728e22ixxp52h41qhq35'; args=('.eJxVjDsOwjAQBe_iGlnxbxNT0nMGy7te4wCypTipEHeHSCmgfTPzXiLEbS1h67yEOYmzUOL0u2GkB9cdpHustyap1XWZUe6KPGiX15b4eTncv4MSe_nW7PRICoybgLwCNSEMDDGTAZ_J-iFB9tkConIw-kTIxKQoO521ASveH9mSOBk:1unNho:OUPCixndSz5z-yZxqHPEMGiNygZhuuRsZrC6S3Q18a4', datetime.datetime(2025, 8, 30, 15, 40, 48, 174229), 't6gw7w625pxs728e22ixxp52h41qhq35'); alias=default
(0.093) COMMIT; args=None; alias=default
"POST /clientes/editar/3/ HTTP/1.1" 200 107
(0.094) SELECT "django_session"."session_key", "django_session"."session_data", "django_session"."expire_date" FROM "django_session" WHERE ("django_session"."expire_date" > '2025-08-16T15:40:48.482600'::timestamp AND "django_session"."session_key" = 't6gw7w625pxs728e22ixxp52h41qhq35') LIMIT 21; args=(datetime.datetime(2025, 8, 16, 15, 40, 48, 482600), 't6gw7w625pxs728e22ixxp52h41qhq35'); alias=default
(0.094) SELECT "usuarios"."is_superuser", "usuarios"."usuarioid", "usuarios"."nombreusuario", "usuarios"."contraseña", "usuarios"."rolid", "usuarios"."last_login", "usuarios"."is_active", "usuarios"."is_staff" FROM "usuarios" WHERE "usuarios"."usuarioid" = 1 LIMIT 21; args=(1,); alias=default
(0.094) SELECT "clientes"."clienteid", "clientes"."nombre", "clientes"."apellido", "clientes"."telefono", "clientes"."email", "clientes"."numerodocumento" FROM "clientes" ORDER BY "clientes"."nombre" ASC, "clientes"."apellido" ASC; args=(); alias=default
(0.000) BEGIN; args=None; alias=default
(0.187) UPDATE "django_session" SET "session_data" = '.eJxVjDsOwjAQBe_iGlnxbxNT0nMGy7te4wCypTipEHeHSCmgfTPzXiLEbS1h67yEOYmzUOL0u2GkB9cdpHustyap1XWZUe6KPGiX15b4eTncv4MSe_nW7PRICoybgLwCNSEMDDGTAZ_J-iFB9tkConIw-kTIxKQoO521ASveH9mSOBk:1unNhp:QaFzXXo8Jk6DYavrRrJ5BAmwrqp07BY6k6W9mE5co84', "expire_date" = '2025-08-30T15:40:49.448198'::timestamp WHERE "django_session"."session_key" = 't6gw7w625pxs728e22ixxp52h41qhq35'; args=('.eJxVjDsOwjAQBe_iGlnxbxNT0nMGy7te4wCypTipEHeHSCmgfTPzXiLEbS1h67yEOYmzUOL0u2GkB9cdpHustyap1XWZUe6KPGiX15b4eTncv4MSe_nW7PRICoybgLwCNSEMDDGTAZ_J-iFB9tkConIw-kTIxKQoO521ASveH9mSOBk:1unNhp:QaFzXXo8Jk6DYavrRrJ5BAmwrqp07BY6k6W9mE5co84', datetime.datetime(2025, 8, 30, 15, 40, 49, 448198), 't6gw7w625pxs728e22ixxp52h41qhq35'); alias=default
(0.094) COMMIT; args=None; alias=default
"GET /visualizar_clientes/ HTTP/1.1" 200 16793
"GET /static/css/visualizar_clientes.css HTTP/1.1" 304 0
(0.110) SELECT "django_session"."session_key", "django_session"."session_data", "django_session"."expire_date" FROM "django_session" WHERE ("django_session"."expire_date" > '2025-08-16T15:41:25.159190'::timestamp AND "django_session"."session_key" = 't6gw7w625pxs728e22ixxp52h41qhq35') LIMIT 21; args=(datetime.datetime(2025, 8, 16, 15, 41, 25, 159190), 't6gw7w625pxs728e22ixxp52h41qhq35'); alias=default
(0.109) SELECT "usuarios"."is_superuser", "usuarios"."usuarioid", "usuarios"."nombreusuario", "usuarios"."contraseña", "usuarios"."rolid", "usuarios"."last_login", "usuarios"."is_active", "usuarios"."is_staff" FROM "usuarios" WHERE "usuarios"."usuarioid" = 1 LIMIT 21; args=(1,); alias=default
(0.094) SELECT "clientes"."clienteid", "clientes"."nombre", "clientes"."apellido", "clientes"."telefono", "clientes"."email", "clientes"."numerodocumento" FROM "clientes" WHERE "clientes"."clienteid" = 9 LIMIT 21; args=(9,); alias=default
(0.109) SELECT "ventas"."ventaid" FROM "ventas" WHERE "ventas"."clienteid" IN (9); args=(9,); alias=default
(0.000) BEGIN; args=None; alias=default
(0.219) DELETE FROM "clientes" WHERE "clientes"."clienteid" IN (9); args=(9,); alias=default
(0.109) COMMIT; args=None; alias=default
(0.000) BEGIN; args=None; alias=default
(0.204) UPDATE "django_session" SET "session_data" = '.eJxVjDsOwjAQBe_iGlnxbxNT0nMGy7te4wCypTipEHeHSCmgfTPzXiLEbS1h67yEOYmzUOL0u2GkB9cdpHustyap1XWZUe6KPGiX15b4eTncv4MSe_nW7PRICoybgLwCNSEMDDGTAZ_J-iFB9tkConIw-kTIxKQoO521ASveH9mSOBk:1unNiQ:4NXCALUSVUiEB_3viLRDn1mstil37S4s_bhJQueyrkY', "expire_date" = '2025-08-30T15:41:26.783888'::timestamp WHERE "django_session"."session_key" = 't6gw7w625pxs728e22ixxp52h41qhq35'; args=('.eJxVjDsOwjAQBe_iGlnxbxNT0nMGy7te4wCypTipEHeHSCmgfTPzXiLEbS1h67yEOYmzUOL0u2GkB9cdpHustyap1XWZUe6KPGiX15b4eTncv4MSe_nW7PRICoybgLwCNSEMDDGTAZ_J-iFB9tkConIw-kTIxKQoO521ASveH9mSOBk:1unNiQ:4NXCALUSVUiEB_3viLRDn1mstil37S4s_bhJQueyrkY', datetime.datetime(2025, 8, 30, 15, 41, 26, 783888), 't6gw7w625pxs728e22ixxp52h41qhq35'); alias=default
(0.109) COMMIT; args=None; alias=default
"POST /eliminar_cliente/9/ HTTP/1.1" 302 0
(0.093) SELECT "django_session"."session_key", "django_session"."session_data", "django_session"."expire_date" FROM "django_session" WHERE ("django_session"."expire_date" > '2025-08-16T15:41:27.104370'::timestamp AND "django_session"."session_key" = 't6gw7w625pxs728e22ixxp52h41qhq35') LIMIT 21; args=(datetime.datetime(2025, 8, 16, 15, 41, 27, 104370), 't6gw7w625pxs728e22ixxp52h41qhq35'); alias=default
(0.078) SELECT "usuarios"."is_superuser", "usuarios"."usuarioid", "usuarios"."nombreusuario", "usuarios"."contraseña", "usuarios"."rolid", "usuarios"."last_login", "usuarios"."is_active", "usuarios"."is_staff" FROM "usuarios" WHERE "usuarios"."usuarioid" = 1 LIMIT 21; args=(1,); alias=default
(0.078) SELECT "clientes"."clienteid", "clientes"."nombre", "clientes"."apellido", "clientes"."telefono", "clientes"."email", "clientes"."numerodocumento" FROM "clientes" ORDER BY "clientes"."nombre" ASC, "clientes"."apellido" ASC; args=(); alias=default
(0.000) BEGIN; args=None; alias=default
(0.172) UPDATE "django_session" SET "session_data" = '.eJxVjDsOwjAQBe_iGlnxbxNT0nMGy7te4wCypTipEHeHSCmgfTPzXiLEbS1h67yEOYmzUOL0u2GkB9cdpHustyap1XWZUe6KPGiX15b4eTncv4MSe_nW7PRICoybgLwCNSEMDDGTAZ_J-iFB9tkConIw-kTIxKQoO521ASveH9mSOBk:1unNiR:K3Rvx6VzSKHzUXF8obNfayLjlGQDvOpAQrcyf9b3zTI', "expire_date" = '2025-08-30T15:41:27.968037'::timestamp WHERE "django_session"."session_key" = 't6gw7w625pxs728e22ixxp52h41qhq35'; args=('.eJxVjDsOwjAQBe_iGlnxbxNT0nMGy7te4wCypTipEHeHSCmgfTPzXiLEbS1h67yEOYmzUOL0u2GkB9cdpHustyap1XWZUe6KPGiX15b4eTncv4MSe_nW7PRICoybgLwCNSEMDDGTAZ_J-iFB9tkConIw-kTIxKQoO521ASveH9mSOBk:1unNiR:K3Rvx6VzSKHzUXF8obNfayLjlGQDvOpAQrcyf9b3zTI', datetime.datetime(2025, 8, 30, 15, 41, 27, 968037), 't6gw7w625pxs728e22ixxp52h41qhq35'); alias=default
(0.078) COMMIT; args=None; alias=default
"GET /visualizar_clientes/ HTTP/1.1" 200 15681
"GET /static/css/visualizar_clientes.css HTTP/1.1" 304 0
(0.078) SELECT "django_session"."session_key", "django_session"."session_data", "django_session"."expire_date" FROM "django_session" WHERE ("django_session"."expire_date" > '2025-08-16T15:41:39.312495'::timestamp AND "django_session"."session_key" = 't6gw7w625pxs728e22ixxp52h41qhq35') LIMIT 21; args=(datetime.datetime(2025, 8, 16, 15, 41, 39, 312495), 't6gw7w625pxs728e22ixxp52h41qhq35'); alias=default
(0.094) SELECT "usuarios"."is_superuser", "usuarios"."usuarioid", "usuarios"."nombreusuario", "usuarios"."contraseña", "usuarios"."rolid", "usuarios"."last_login", "usuarios"."is_active", "usuarios"."is_staff" FROM "usuarios" WHERE "usuarios"."usuarioid" = 1 LIMIT 21; args=(1,); alias=default
(0.078) SELECT "clientes"."clienteid", "clientes"."nombre", "clientes"."apellido", "clientes"."telefono", "clientes"."email", "clientes"."numerodocumento" FROM "clientes" ORDER BY "clientes"."nombre" ASC, "clientes"."apellido" ASC; args=(); alias=default
(0.000) BEGIN; args=None; alias=default
(0.172) UPDATE "django_session" SET "session_data" = '.eJxVjDsOwjAQBe_iGlnxbxNT0nMGy7te4wCypTipEHeHSCmgfTPzXiLEbS1h67yEOYmzUOL0u2GkB9cdpHustyap1XWZUe6KPGiX15b4eTncv4MSe_nW7PRICoybgLwCNSEMDDGTAZ_J-iFB9tkConIw-kTIxKQoO521ASveH9mSOBk:1unNie:Kya6Ii9_htS2TwhCoLojjMHvmXQrVpFWIXYHWqFNND0', "expire_date" = '2025-08-30T15:41:40.186566'::timestamp WHERE "django_session"."session_key" = 't6gw7w625pxs728e22ixxp52h41qhq35'; args=('.eJxVjDsOwjAQBe_iGlnxbxNT0nMGy7te4wCypTipEHeHSCmgfTPzXiLEbS1h67yEOYmzUOL0u2GkB9cdpHustyap1XWZUe6KPGiX15b4eTncv4MSe_nW7PRICoybgLwCNSEMDDGTAZ_J-iFB9tkConIw-kTIxKQoO521ASveH9mSOBk:1unNie:Kya6Ii9_htS2TwhCoLojjMHvmXQrVpFWIXYHWqFNND0', datetime.datetime(2025, 8, 30, 15, 41, 40, 186566), 't6gw7w625pxs728e22ixxp52h41qhq35'); alias=default
(0.078) COMMIT; args=None; alias=default
"GET /visualizar_clientes/ HTTP/1.1" 200 15511
"GET /static/css/visualizar_clientes.css HTTP/1.1" 200 4019
(0.094) SELECT "django_session"."session_key", "django_session"."session_data", "django_session"."expire_date" FROM "django_session" WHERE ("django_session"."expire_date" > '2025-08-16T15:41:42.103788'::timestamp AND "django_session"."session_key" = 't6gw7w625pxs728e22ixxp52h41qhq35') LIMIT 21; args=(datetime.datetime(2025, 8, 16, 15, 41, 42, 103788), 't6gw7w625pxs728e22ixxp52h41qhq35'); alias=default
(0.094) SELECT "usuarios"."is_superuser", "usuarios"."usuarioid", "usuarios"."nombreusuario", "usuarios"."contraseña", "usuarios"."rolid", "usuarios"."last_login", "usuarios"."is_active", "usuarios"."is_staff" FROM "usuarios" WHERE "usuarios"."usuarioid" = 1 LIMIT 21; args=(1,); alias=default
(0.093) SELECT "clientes"."clienteid", "clientes"."nombre", "clientes"."apellido", "clientes"."telefono", "clientes"."email", "clientes"."numerodocumento" FROM "clientes" WHERE "clientes"."clienteid" = 3 LIMIT 21; args=(3,); alias=default
(0.000) BEGIN; args=None; alias=default
(0.188) UPDATE "django_session" SET "session_data" = '.eJxVjDsOwjAQBe_iGlnxbxNT0nMGy7te4wCypTipEHeHSCmgfTPzXiLEbS1h67yEOYmzUOL0u2GkB9cdpHustyap1XWZUe6KPGiX15b4eTncv4MSe_nW7PRICoybgLwCNSEMDDGTAZ_J-iFB9tkConIw-kTIxKQoO521ASveH9mSOBk:1unNih:zbwcrWhvBk7NaMy7ooSHyQ6Df0NFvkPQhkRuYhrzjgQ', "expire_date" = '2025-08-30T15:41:43.091213'::timestamp WHERE "django_session"."session_key" = 't6gw7w625pxs728e22ixxp52h41qhq35'; args=('.eJxVjDsOwjAQBe_iGlnxbxNT0nMGy7te4wCypTipEHeHSCmgfTPzXiLEbS1h67yEOYmzUOL0u2GkB9cdpHustyap1XWZUe6KPGiX15b4eTncv4MSe_nW7PRICoybgLwCNSEMDDGTAZ_J-iFB9tkConIw-kTIxKQoO521ASveH9mSOBk:1unNih:zbwcrWhvBk7NaMy7ooSHyQ6Df0NFvkPQhkRuYhrzjgQ', datetime.datetime(2025, 8, 30, 15, 41, 43, 91213), 't6gw7w625pxs728e22ixxp52h41qhq35'); alias=default
(0.109) COMMIT; args=None; alias=default
"GET /clientes/editar/3/ HTTP/1.1" 200 8579
"GET /static/css/agregar_cliente.css HTTP/1.1" 304 0
(0.093) SELECT "django_session"."session_key", "django_session"."session_data", "django_session"."expire_date" FROM "django_session" WHERE ("django_session"."expire_date" > '2025-08-16T15:41:46.907193'::timestamp AND "django_session"."session_key" = 't6gw7w625pxs728e22ixxp52h41qhq35') LIMIT 21; args=(datetime.datetime(2025, 8, 16, 15, 41, 46, 907193), 't6gw7w625pxs728e22ixxp52h41qhq35'); alias=default
(0.094) SELECT "usuarios"."is_superuser", "usuarios"."usuarioid", "usuarios"."nombreusuario", "usuarios"."contraseña", "usuarios"."rolid", "usuarios"."last_login", "usuarios"."is_active", "usuarios"."is_staff" FROM "usuarios" WHERE "usuarios"."usuarioid" = 1 LIMIT 21; args=(1,); alias=default
(0.094) SELECT "clientes"."clienteid", "clientes"."nombre", "clientes"."apellido", "clientes"."telefono", "clientes"."email", "clientes"."numerodocumento" FROM "clientes" WHERE "clientes"."clienteid" = 3 LIMIT 21; args=(3,); alias=default
(0.094) SELECT 1 AS "a" FROM "clientes" WHERE ("clientes"."numerodocumento" = '67945876490' AND NOT ("clientes"."clienteid" = 3)) LIMIT 1; args=(1, '67945876490', 3); alias=default
(0.093) SELECT 1 AS "a" FROM "clientes" WHERE ("clientes"."telefono" = '32423424' AND NOT ("clientes"."clienteid" = 3)) LIMIT 1; args=(1, '32423424', 3); alias=default
(0.110) SELECT 1 AS "a" FROM "clientes" WHERE ("clientes"."email" = 'ali@hotmail.com' AND NOT ("clientes"."clienteid" = 3)) LIMIT 1; args=(1, 'ali@hotmail.com', 3); alias=default
(0.093) UPDATE "clientes" SET "nombre" = 'ali', "apellido" = 'ali', "telefono" = '32423424', "email" = 'ali@hotmail.com', "numerodocumento" = '67945876490' WHERE "clientes"."clienteid" = 3; args=('ali', 'ali', '32423424', 'ali@hotmail.com', '67945876490', 3); alias=default
(0.000) BEGIN; args=None; alias=default
(0.188) UPDATE "django_session" SET "session_data" = '.eJxVjDsOwjAQBe_iGlnxbxNT0nMGy7te4wCypTipEHeHSCmgfTPzXiLEbS1h67yEOYmzUOL0u2GkB9cdpHustyap1XWZUe6KPGiX15b4eTncv4MSe_nW7PRICoybgLwCNSEMDDGTAZ_J-iFB9tkConIw-kTIxKQoO521ASveH9mSOBk:1unNim:pofW9YoyiQk6-4bHTcBngeURVF5ViJMYzlktj84JcKQ', "expire_date" = '2025-08-30T15:41:48.283187'::timestamp WHERE "django_session"."session_key" = 't6gw7w625pxs728e22ixxp52h41qhq35'; args=('.eJxVjDsOwjAQBe_iGlnxbxNT0nMGy7te4wCypTipEHeHSCmgfTPzXiLEbS1h67yEOYmzUOL0u2GkB9cdpHustyap1XWZUe6KPGiX15b4eTncv4MSe_nW7PRICoybgLwCNSEMDDGTAZ_J-iFB9tkConIw-kTIxKQoO521ASveH9mSOBk:1unNim:pofW9YoyiQk6-4bHTcBngeURVF5ViJMYzlktj84JcKQ', datetime.datetime(2025, 8, 30, 15, 41, 48, 283187), 't6gw7w625pxs728e22ixxp52h41qhq35'); alias=default
(0.094) COMMIT; args=None; alias=default
"POST /clientes/editar/3/ HTTP/1.1" 200 107
(0.109) SELECT "django_session"."session_key", "django_session"."session_data", "django_session"."expire_date" FROM "django_session" WHERE ("django_session"."expire_date" > '2025-08-16T15:41:48.579326'::timestamp AND "django_session"."session_key" = 't6gw7w625pxs728e22ixxp52h41qhq35') LIMIT 21; args=(datetime.datetime(2025, 8, 16, 15, 41, 48, 579326), 't6gw7w625pxs728e22ixxp52h41qhq35'); alias=default
(0.094) SELECT "usuarios"."is_superuser", "usuarios"."usuarioid", "usuarios"."nombreusuario", "usuarios"."contraseña", "usuarios"."rolid", "usuarios"."last_login", "usuarios"."is_active", "usuarios"."is_staff" FROM "usuarios" WHERE "usuarios"."usuarioid" = 1 LIMIT 21; args=(1,); alias=default
(0.109) SELECT "clientes"."clienteid", "clientes"."nombre", "clientes"."apellido", "clientes"."telefono", "clientes"."email", "clientes"."numerodocumento" FROM "clientes" ORDER BY "clientes"."nombre" ASC, "clientes"."apellido" ASC; args=(); alias=default
(0.000) BEGIN; args=None; alias=default
(0.188) UPDATE "django_session" SET "session_data" = '.eJxVjDsOwjAQBe_iGlnxbxNT0nMGy7te4wCypTipEHeHSCmgfTPzXiLEbS1h67yEOYmzUOL0u2GkB9cdpHustyap1XWZUe6KPGiX15b4eTncv4MSe_nW7PRICoybgLwCNSEMDDGTAZ_J-iFB9tkConIw-kTIxKQoO521ASveH9mSOBk:1unNin:AMBfsd0waGkPMPrJHAQv3F8g_qGTaJTSRyReeifJrFg', "expire_date" = '2025-08-30T15:41:49.581443'::timestamp WHERE "django_session"."session_key" = 't6gw7w625pxs728e22ixxp52h41qhq35'; args=('.eJxVjDsOwjAQBe_iGlnxbxNT0nMGy7te4wCypTipEHeHSCmgfTPzXiLEbS1h67yEOYmzUOL0u2GkB9cdpHustyap1XWZUe6KPGiX15b4eTncv4MSe_nW7PRICoybgLwCNSEMDDGTAZ_J-iFB9tkConIw-kTIxKQoO521ASveH9mSOBk:1unNin:AMBfsd0waGkPMPrJHAQv3F8g_qGTaJTSRyReeifJrFg', datetime.datetime(2025, 8, 30, 15, 41, 49, 581443), 't6gw7w625pxs728e22ixxp52h41qhq35'); alias=default
(0.094) COMMIT; args=None; alias=default
"GET /visualizar_clientes/ HTTP/1.1" 200 15511
"GET /static/css/visualizar_clientes.css HTTP/1.1" 304 0
(0.094) SELECT "django_session"."session_key", "django_session"."session_data", "django_session"."expire_date" FROM "django_session" WHERE ("django_session"."expire_date" > '2025-08-16T15:41:59.460220'::timestamp AND "django_session"."session_key" = 't6gw7w625pxs728e22ixxp52h41qhq35') LIMIT 21; args=(datetime.datetime(2025, 8, 16, 15, 41, 59, 460220), 't6gw7w625pxs728e22ixxp52h41qhq35'); alias=default
(0.094) SELECT "usuarios"."is_superuser", "usuarios"."usuarioid", "usuarios"."nombreusuario", "usuarios"."contraseña", "usuarios"."rolid", "usuarios"."last_login", "usuarios"."is_active", "usuarios"."is_staff" FROM "usuarios" WHERE "usuarios"."usuarioid" = 1 LIMIT 21; args=(1,); alias=default
(0.094) SELECT "clientes"."clienteid", "clientes"."nombre", "clientes"."apellido", "clientes"."telefono", "clientes"."email", "clientes"."numerodocumento" FROM "clientes" ORDER BY "clientes"."nombre" ASC, "clientes"."apellido" ASC; args=(); alias=default
(0.000) BEGIN; args=None; alias=default
(0.188) UPDATE "django_session" SET "session_data" = '.eJxVjDsOwjAQBe_iGlnxbxNT0nMGy7te4wCypTipEHeHSCmgfTPzXiLEbS1h67yEOYmzUOL0u2GkB9cdpHustyap1XWZUe6KPGiX15b4eTncv4MSe_nW7PRICoybgLwCNSEMDDGTAZ_J-iFB9tkConIw-kTIxKQoO521ASveH9mSOBk:1unNiy:o2-3pWuR6mXJczH3laMJia9PSNIKppzqehvXGAOzaek', "expire_date" = '2025-08-30T15:42:00.550297'::timestamp WHERE "django_session"."session_key" = 't6gw7w625pxs728e22ixxp52h41qhq35'; args=('.eJxVjDsOwjAQBe_iGlnxbxNT0nMGy7te4wCypTipEHeHSCmgfTPzXiLEbS1h67yEOYmzUOL0u2GkB9cdpHustyap1XWZUe6KPGiX15b4eTncv4MSe_nW7PRICoybgLwCNSEMDDGTAZ_J-iFB9tkConIw-kTIxKQoO521ASveH9mSOBk:1unNiy:o2-3pWuR6mXJczH3laMJia9PSNIKppzqehvXGAOzaek', datetime.datetime(2025, 8, 30, 15, 42, 0, 550297), 't6gw7w625pxs728e22ixxp52h41qhq35'); alias=default
(0.093) COMMIT; args=None; alias=default
"GET /visualizar_clientes/ HTTP/1.1" 200 15511
"GET /static/css/visualizar_clientes.css HTTP/1.1" 200 10578
(0.094) SELECT "django_session"."session_key", "django_session"."session_data", "django_session"."expire_date" FROM "django_session" WHERE ("django_session"."expire_date" > '2025-08-16T15:42:14.664345'::timestamp AND "django_session"."session_key" = 't6gw7w625pxs728e22ixxp52h41qhq35') LIMIT 21; args=(datetime.datetime(2025, 8, 16, 15, 42, 14, 664345), 't6gw7w625pxs728e22ixxp52h41qhq35'); alias=default
(0.093) SELECT "usuarios"."is_superuser", "usuarios"."usuarioid", "usuarios"."nombreusuario", "usuarios"."contraseña", "usuarios"."rolid", "usuarios"."last_login", "usuarios"."is_active", "usuarios"."is_staff" FROM "usuarios" WHERE "usuarios"."usuarioid" = 1 LIMIT 21; args=(1,); alias=default
(0.094) SELECT "clientes"."clienteid", "clientes"."nombre", "clientes"."apellido", "clientes"."telefono", "clientes"."email", "clientes"."numerodocumento" FROM "clientes" WHERE "clientes"."clienteid" = 3 LIMIT 21; args=(3,); alias=default
(0.000) BEGIN; args=None; alias=default
(0.188) UPDATE "django_session" SET "session_data" = '.eJxVjDsOwjAQBe_iGlnxbxNT0nMGy7te4wCypTipEHeHSCmgfTPzXiLEbS1h67yEOYmzUOL0u2GkB9cdpHustyap1XWZUe6KPGiX15b4eTncv4MSe_nW7PRICoybgLwCNSEMDDGTAZ_J-iFB9tkConIw-kTIxKQoO521ASveH9mSOBk:1unNjD:tbDJi6oparcSg-fr5xjDxHeSs9aUICHMdZgACVmgSZA', "expire_date" = '2025-08-30T15:42:15.683132'::timestamp WHERE "django_session"."session_key" = 't6gw7w625pxs728e22ixxp52h41qhq35'; args=('.eJxVjDsOwjAQBe_iGlnxbxNT0nMGy7te4wCypTipEHeHSCmgfTPzXiLEbS1h67yEOYmzUOL0u2GkB9cdpHustyap1XWZUe6KPGiX15b4eTncv4MSe_nW7PRICoybgLwCNSEMDDGTAZ_J-iFB9tkConIw-kTIxKQoO521ASveH9mSOBk:1unNjD:tbDJi6oparcSg-fr5xjDxHeSs9aUICHMdZgACVmgSZA', datetime.datetime(2025, 8, 30, 15, 42, 15, 683132), 't6gw7w625pxs728e22ixxp52h41qhq35'); alias=default
(0.093) COMMIT; args=None; alias=default
"GET /clientes/editar/3/ HTTP/1.1" 200 8579
(0.093) SELECT "django_session"."session_key", "django_session"."session_data", "django_session"."expire_date" FROM "django_session" WHERE ("django_session"."expire_date" > '2025-08-16T15:42:18.061384'::timestamp AND "django_session"."session_key" = 't6gw7w625pxs728e22ixxp52h41qhq35') LIMIT 21; args=(datetime.datetime(2025, 8, 16, 15, 42, 18, 61384), 't6gw7w625pxs728e22ixxp52h41qhq35'); alias=default
(0.094) SELECT "usuarios"."is_superuser", "usuarios"."usuarioid", "usuarios"."nombreusuario", "usuarios"."contraseña", "usuarios"."rolid", "usuarios"."last_login", "usuarios"."is_active", "usuarios"."is_staff" FROM "usuarios" WHERE "usuarios"."usuarioid" = 1 LIMIT 21; args=(1,); alias=default
(0.094) SELECT "clientes"."clienteid", "clientes"."nombre", "clientes"."apellido", "clientes"."telefono", "clientes"."email", "clientes"."numerodocumento" FROM "clientes" WHERE "clientes"."clienteid" = 3 LIMIT 21; args=(3,); alias=default
(0.094) SELECT 1 AS "a" FROM "clientes" WHERE ("clientes"."numerodocumento" = '679458764981' AND NOT ("clientes"."clienteid" = 3)) LIMIT 1; args=(1, '679458764981', 3); alias=default
(0.093) SELECT 1 AS "a" FROM "clientes" WHERE ("clientes"."telefono" = '32423424' AND NOT ("clientes"."clienteid" = 3)) LIMIT 1; args=(1, '32423424', 3); alias=default
(0.094) SELECT 1 AS "a" FROM "clientes" WHERE ("clientes"."email" = 'ali@hotmail.com' AND NOT ("clientes"."clienteid" = 3)) LIMIT 1; args=(1, 'ali@hotmail.com', 3); alias=default
(0.000) BEGIN; args=None; alias=default
(0.188) UPDATE "django_session" SET "session_data" = '.eJxVjDsOwjAQBe_iGlnxbxNT0nMGy7te4wCypTipEHeHSCmgfTPzXiLEbS1h67yEOYmzUOL0u2GkB9cdpHustyap1XWZUe6KPGiX15b4eTncv4MSe_nW7PRICoybgLwCNSEMDDGTAZ_J-iFB9tkConIw-kTIxKQoO521ASveH9mSOBk:1unNjH:nVdoFl885Z5FzM_hok-NTcDz5jYgFh8OaW9Mp5xTE9E', "expire_date" = '2025-08-30T15:42:19.310225'::timestamp WHERE "django_session"."session_key" = 't6gw7w625pxs728e22ixxp52h41qhq35'; args=('.eJxVjDsOwjAQBe_iGlnxbxNT0nMGy7te4wCypTipEHeHSCmgfTPzXiLEbS1h67yEOYmzUOL0u2GkB9cdpHustyap1XWZUe6KPGiX15b4eTncv4MSe_nW7PRICoybgLwCNSEMDDGTAZ_J-iFB9tkConIw-kTIxKQoO521ASveH9mSOBk:1unNjH:nVdoFl885Z5FzM_hok-NTcDz5jYgFh8OaW9Mp5xTE9E', datetime.datetime(2025, 8, 30, 15, 42, 19, 310225), 't6gw7w625pxs728e22ixxp52h41qhq35'); alias=default
(0.093) COMMIT; args=None; alias=default
Bad Request: /clientes/editar/3/
"POST /clientes/editar/3/ HTTP/1.1" 400 119
(0.093) SELECT "django_session"."session_key", "django_session"."session_data", "django_session"."expire_date" FROM "django_session" WHERE ("django_session"."expire_date" > '2025-08-16T15:56:00.807880'::timestamp AND "django_session"."session_key" = 't6gw7w625pxs728e22ixxp52h41qhq35') LIMIT 21; args=(datetime.datetime(2025, 8, 16, 15, 56, 0, 807880), 't6gw7w625pxs728e22ixxp52h41qhq35'); alias=default
(0.094) SELECT "usuarios"."is_superuser", "usuarios"."usuarioid", "usuarios"."nombreusuario", "usuarios"."contraseña", "usuarios"."rolid", "usuarios"."last_login", "usuarios"."is_active", "usuarios"."is_staff" FROM "usuarios" WHERE "usuarios"."usuarioid" = 1 LIMIT 21; args=(1,); alias=default
(0.109) SELECT COUNT(*) AS "__count" FROM "pedidosproveedor"; args=(); alias=default
(0.094) SELECT "pedidosproveedor"."pedidoid", "pedidosproveedor"."proveedorid", "pedidosproveedor"."sucursalid", "pedidosproveedor"."fechapedido", "pedidosproveedor"."fechaestimadaentrega", "pedidosproveedor"."costototal", "pedidosproveedor"."estado", "pedidosproveedor"."comentario", "pedidosproveedor"."fecha_recibido", "pedidosproveedor"."monto_pagado", "pedidosproveedor"."caja_pagoid" FROM "pedidosproveedor" ORDER BY "pedidosproveedor"."fechapedido" DESC LIMIT 6; args=(); alias=default
(0.094) SELECT "proveedores"."proveedorid", "proveedores"."nombre", "proveedores"."empresa", "proveedores"."telefono", "proveedores"."email", "proveedores"."direccion" FROM "proveedores" WHERE "proveedores"."proveedorid" = 17 LIMIT 21; args=(17,); alias=default
(0.109) SELECT "sucursales"."sucursalid", "sucursales"."nombre", "sucursales"."direccion", "sucursales"."telefono" FROM "sucursales" WHERE "sucursales"."sucursalid" = 4 LIMIT 21; args=(4,); alias=default
(0.094) SELECT "proveedores"."proveedorid", "proveedores"."nombre", "proveedores"."empresa", "proveedores"."telefono", "proveedores"."email", "proveedores"."direccion" FROM "proveedores" WHERE "proveedores"."proveedorid" = 17 LIMIT 21; args=(17,); alias=default
(0.094) SELECT "sucursales"."sucursalid", "sucursales"."nombre", "sucursales"."direccion", "sucursales"."telefono" FROM "sucursales" WHERE "sucursales"."sucursalid" = 4 LIMIT 21; args=(4,); alias=default
(0.094) SELECT "proveedores"."proveedorid", "proveedores"."nombre", "proveedores"."empresa", "proveedores"."telefono", "proveedores"."email", "proveedores"."direccion" FROM "proveedores" WHERE "proveedores"."proveedorid" = 4 LIMIT 21; args=(4,); alias=default
(0.093) SELECT "sucursales"."sucursalid", "sucursales"."nombre", "sucursales"."direccion", "sucursales"."telefono" FROM "sucursales" WHERE "sucursales"."sucursalid" = 3 LIMIT 21; args=(3,); alias=default
(0.094) SELECT "proveedores"."proveedorid", "proveedores"."nombre", "proveedores"."empresa", "proveedores"."telefono", "proveedores"."email", "proveedores"."direccion" FROM "proveedores" WHERE "proveedores"."proveedorid" = 17 LIMIT 21; args=(17,); alias=default
(0.094) SELECT "sucursales"."sucursalid", "sucursales"."nombre", "sucursales"."direccion", "sucursales"."telefono" FROM "sucursales" WHERE "sucursales"."sucursalid" = 14 LIMIT 21; args=(14,); alias=default
(0.094) SELECT "proveedores"."proveedorid", "proveedores"."nombre", "proveedores"."empresa", "proveedores"."telefono", "proveedores"."email", "proveedores"."direccion" FROM "proveedores" WHERE "proveedores"."proveedorid" = 4 LIMIT 21; args=(4,); alias=default
(0.093) SELECT "sucursales"."sucursalid", "sucursales"."nombre", "sucursales"."direccion", "sucursales"."telefono" FROM "sucursales" WHERE "sucursales"."sucursalid" = 6 LIMIT 21; args=(6,); alias=default
(0.094) SELECT "proveedores"."proveedorid", "proveedores"."nombre", "proveedores"."empresa", "proveedores"."telefono", "proveedores"."email", "proveedores"."direccion" FROM "proveedores" WHERE "proveedores"."proveedorid" = 1 LIMIT 21; args=(1,); alias=default
(0.109) SELECT "sucursales"."sucursalid", "sucursales"."nombre", "sucursales"."direccion", "sucursales"."telefono" FROM "sucursales" WHERE "sucursales"."sucursalid" = 8 LIMIT 21; args=(8,); alias=default
(0.000) BEGIN; args=None; alias=default
(0.204) UPDATE "django_session" SET "session_data" = '.eJxVjDsOwjAQBe_iGlnxbxNT0nMGy7te4wCypTipEHeHSCmgfTPzXiLEbS1h67yEOYmzUOL0u2GkB9cdpHustyap1XWZUe6KPGiX15b4eTncv4MSe_nW7PRICoybgLwCNSEMDDGTAZ_J-iFB9tkConIw-kTIxKQoO521ASveH9mSOBk:1unNwZ:Is-ETAQWE4YbK6-ASIwiTnS1txK9siU_y_frDKJbCWs', "expire_date" = '2025-08-30T15:56:03.159640'::timestamp WHERE "django_session"."session_key" = 't6gw7w625pxs728e22ixxp52h41qhq35'; args=('.eJxVjDsOwjAQBe_iGlnxbxNT0nMGy7te4wCypTipEHeHSCmgfTPzXiLEbS1h67yEOYmzUOL0u2GkB9cdpHustyap1XWZUe6KPGiX15b4eTncv4MSe_nW7PRICoybgLwCNSEMDDGTAZ_J-iFB9tkConIw-kTIxKQoO521ASveH9mSOBk:1unNwZ:Is-ETAQWE4YbK6-ASIwiTnS1txK9siU_y_frDKJbCWs', datetime.datetime(2025, 8, 30, 15, 56, 3, 159640), 't6gw7w625pxs728e22ixxp52h41qhq35'); alias=default
(0.093) COMMIT; args=None; alias=default
"GET /visualizar_pedidos/ HTTP/1.1" 200 14242
"GET /static/javascript/visualizar_pedidos.js HTTP/1.1" 200 2407
"GET /static/css/visualizar_pedidos.css HTTP/1.1" 200 10500
(0.094) SELECT "django_session"."session_key", "django_session"."session_data", "django_session"."expire_date" FROM "django_session" WHERE ("django_session"."expire_date" > '2025-08-16T15:56:13.335989'::timestamp AND "django_session"."session_key" = 't6gw7w625pxs728e22ixxp52h41qhq35') LIMIT 21; args=(datetime.datetime(2025, 8, 16, 15, 56, 13, 335989), 't6gw7w625pxs728e22ixxp52h41qhq35'); alias=default
(0.093) SELECT "usuarios"."is_superuser", "usuarios"."usuarioid", "usuarios"."nombreusuario", "usuarios"."contraseña", "usuarios"."rolid", "usuarios"."last_login", "usuarios"."is_active", "usuarios"."is_staff" FROM "usuarios" WHERE "usuarios"."usuarioid" = 1 LIMIT 21; args=(1,); alias=default
(0.094) SELECT "pedidosproveedor"."pedidoid", "pedidosproveedor"."proveedorid", "pedidosproveedor"."sucursalid", "pedidosproveedor"."fechapedido", "pedidosproveedor"."fechaestimadaentrega", "pedidosproveedor"."costototal", "pedidosproveedor"."estado", "pedidosproveedor"."comentario", "pedidosproveedor"."fecha_recibido", "pedidosproveedor"."monto_pagado", "pedidosproveedor"."caja_pagoid" FROM "pedidosproveedor" WHERE "pedidosproveedor"."pedidoid" = 12 LIMIT 21; args=(12,); alias=default
(0.000) BEGIN; args=None; alias=default
(0.188) DELETE FROM "detallespedidosproveedor" WHERE "detallespedidosproveedor"."pedidoid" IN (12); args=(12,); alias=default
(0.093) DELETE FROM "pedidosproveedor" WHERE "pedidosproveedor"."pedidoid" IN (12); args=(12,); alias=default
(0.094) COMMIT; args=None; alias=default
(0.000) BEGIN; args=None; alias=default
(0.188) UPDATE "django_session" SET "session_data" = '.eJxVjDsOwjAQBe_iGlnxbxNT0nMGy7te4wCypTipEHeHSCmgfTPzXiLEbS1h67yEOYmzUOL0u2GkB9cdpHustyap1XWZUe6KPGiX15b4eTncv4MSe_nW7PRICoybgLwCNSEMDDGTAZ_J-iFB9tkConIw-kTIxKQoO521ASveH9mSOBk:1unNwk:SlTNws4CNzJrZGnN_eTeZVDrlkYNn12tfNGsqAZFkXI', "expire_date" = '2025-08-30T15:56:14.682882'::timestamp WHERE "django_session"."session_key" = 't6gw7w625pxs728e22ixxp52h41qhq35'; args=('.eJxVjDsOwjAQBe_iGlnxbxNT0nMGy7te4wCypTipEHeHSCmgfTPzXiLEbS1h67yEOYmzUOL0u2GkB9cdpHustyap1XWZUe6KPGiX15b4eTncv4MSe_nW7PRICoybgLwCNSEMDDGTAZ_J-iFB9tkConIw-kTIxKQoO521ASveH9mSOBk:1unNwk:SlTNws4CNzJrZGnN_eTeZVDrlkYNn12tfNGsqAZFkXI', datetime.datetime(2025, 8, 30, 15, 56, 14, 682882), 't6gw7w625pxs728e22ixxp52h41qhq35'); alias=default
(0.093) COMMIT; args=None; alias=default
"POST /eliminar_pedido/12/ HTTP/1.1" 200 17
(0.109) SELECT "django_session"."session_key", "django_session"."session_data", "django_session"."expire_date" FROM "django_session" WHERE ("django_session"."expire_date" > '2025-08-16T15:56:17.921149'::timestamp AND "django_session"."session_key" = 't6gw7w625pxs728e22ixxp52h41qhq35') LIMIT 21; args=(datetime.datetime(2025, 8, 16, 15, 56, 17, 921149), 't6gw7w625pxs728e22ixxp52h41qhq35'); alias=default
(0.110) SELECT "usuarios"."is_superuser", "usuarios"."usuarioid", "usuarios"."nombreusuario", "usuarios"."contraseña", "usuarios"."rolid", "usuarios"."last_login", "usuarios"."is_active", "usuarios"."is_staff" FROM "usuarios" WHERE "usuarios"."usuarioid" = 1 LIMIT 21; args=(1,); alias=default
(0.109) SELECT COUNT(*) AS "__count" FROM "ventas"; args=(); alias=default
(0.109) SELECT "ventas"."ventaid", "ventas"."fecha", "ventas"."hora", "ventas"."clienteid", "ventas"."empleadoid", "ventas"."sucursalid", "ventas"."puntopagoid", "ventas"."total", "ventas"."mediopago" FROM "ventas" ORDER BY "ventas"."fecha" DESC, "ventas"."hora" DESC LIMIT 16; args=(); alias=default
(0.110) SELECT "clientes"."clienteid", "clientes"."nombre", "clientes"."apellido", "clientes"."telefono", "clientes"."email", "clientes"."numerodocumento" FROM "clientes" WHERE "clientes"."clienteid" = 3 LIMIT 21; args=(3,); alias=default
(0.109) SELECT "empleados"."empleadoid", "empleados"."nombre", "empleados"."apellido", "empleados"."telefono", "empleados"."email", "empleados"."direccion", "empleados"."puesto", "empleados"."numerodocumento", "empleados"."usuarioid", "empleados"."sucursalid" FROM "empleados" WHERE "empleados"."empleadoid" = 3 LIMIT 21; args=(3,); alias=default
(0.110) SELECT "sucursales"."sucursalid", "sucursales"."nombre", "sucursales"."direccion", "sucursales"."telefono" FROM "sucursales" WHERE "sucursales"."sucursalid" = 1 LIMIT 21; args=(1,); alias=default
(0.109) SELECT "puntospago"."puntopagoid", "puntospago"."sucursalid", "puntospago"."nombre", "puntospago"."descripcion", "puntospago"."dinerocaja" FROM "puntospago" WHERE "puntospago"."puntopagoid" = 3 LIMIT 21; args=(3,); alias=default
(0.094) SELECT "clientes"."clienteid", "clientes"."nombre", "clientes"."apellido", "clientes"."telefono", "clientes"."email", "clientes"."numerodocumento" FROM "clientes" WHERE "clientes"."clienteid" = 3 LIMIT 21; args=(3,); alias=default
(0.109) SELECT "empleados"."empleadoid", "empleados"."nombre", "empleados"."apellido", "empleados"."telefono", "empleados"."email", "empleados"."direccion", "empleados"."puesto", "empleados"."numerodocumento", "empleados"."usuarioid", "empleados"."sucursalid" FROM "empleados" WHERE "empleados"."empleadoid" = 3 LIMIT 21; args=(3,); alias=default
(0.109) SELECT "sucursales"."sucursalid", "sucursales"."nombre", "sucursales"."direccion", "sucursales"."telefono" FROM "sucursales" WHERE "sucursales"."sucursalid" = 3 LIMIT 21; args=(3,); alias=default
(0.110) SELECT "puntospago"."puntopagoid", "puntospago"."sucursalid", "puntospago"."nombre", "puntospago"."descripcion", "puntospago"."dinerocaja" FROM "puntospago" WHERE "puntospago"."puntopagoid" = 19 LIMIT 21; args=(19,); alias=default
(0.109) SELECT "clientes"."clienteid", "clientes"."nombre", "clientes"."apellido", "clientes"."telefono", "clientes"."email", "clientes"."numerodocumento" FROM "clientes" WHERE "clientes"."clienteid" = 7 LIMIT 21; args=(7,); alias=default
(0.094) SELECT "empleados"."empleadoid", "empleados"."nombre", "empleados"."apellido", "empleados"."telefono", "empleados"."email", "empleados"."direccion", "empleados"."puesto", "empleados"."numerodocumento", "empleados"."usuarioid", "empleados"."sucursalid" FROM "empleados" WHERE "empleados"."empleadoid" = 3 LIMIT 21; args=(3,); alias=default
(0.109) SELECT "sucursales"."sucursalid", "sucursales"."nombre", "sucursales"."direccion", "sucursales"."telefono" FROM "sucursales" WHERE "sucursales"."sucursalid" = 1 LIMIT 21; args=(1,); alias=default
(0.110) SELECT "puntospago"."puntopagoid", "puntospago"."sucursalid", "puntospago"."nombre", "puntospago"."descripcion", "puntospago"."dinerocaja" FROM "puntospago" WHERE "puntospago"."puntopagoid" = 3 LIMIT 21; args=(3,); alias=default
(0.109) SELECT "clientes"."clienteid", "clientes"."nombre", "clientes"."apellido", "clientes"."telefono", "clientes"."email", "clientes"."numerodocumento" FROM "clientes" WHERE "clientes"."clienteid" = 6 LIMIT 21; args=(6,); alias=default
(0.109) SELECT "empleados"."empleadoid", "empleados"."nombre", "empleados"."apellido", "empleados"."telefono", "empleados"."email", "empleados"."direccion", "empleados"."puesto", "empleados"."numerodocumento", "empleados"."usuarioid", "empleados"."sucursalid" FROM "empleados" WHERE "empleados"."empleadoid" = 3 LIMIT 21; args=(3,); alias=default
(0.110) SELECT "sucursales"."sucursalid", "sucursales"."nombre", "sucursales"."direccion", "sucursales"."telefono" FROM "sucursales" WHERE "sucursales"."sucursalid" = 1 LIMIT 21; args=(1,); alias=default
(0.094) SELECT "puntospago"."puntopagoid", "puntospago"."sucursalid", "puntospago"."nombre", "puntospago"."descripcion", "puntospago"."dinerocaja" FROM "puntospago" WHERE "puntospago"."puntopagoid" = 3 LIMIT 21; args=(3,); alias=default
(0.109) SELECT "clientes"."clienteid", "clientes"."nombre", "clientes"."apellido", "clientes"."telefono", "clientes"."email", "clientes"."numerodocumento" FROM "clientes" WHERE "clientes"."clienteid" = 6 LIMIT 21; args=(6,); alias=default
(0.109) SELECT "empleados"."empleadoid", "empleados"."nombre", "empleados"."apellido", "empleados"."telefono", "empleados"."email", "empleados"."direccion", "empleados"."puesto", "empleados"."numerodocumento", "empleados"."usuarioid", "empleados"."sucursalid" FROM "empleados" WHERE "empleados"."empleadoid" = 3 LIMIT 21; args=(3,); alias=default
(0.110) SELECT "sucursales"."sucursalid", "sucursales"."nombre", "sucursales"."direccion", "sucursales"."telefono" FROM "sucursales" WHERE "sucursales"."sucursalid" = 1 LIMIT 21; args=(1,); alias=default
(0.109) SELECT "puntospago"."puntopagoid", "puntospago"."sucursalid", "puntospago"."nombre", "puntospago"."descripcion", "puntospago"."dinerocaja" FROM "puntospago" WHERE "puntospago"."puntopagoid" = 3 LIMIT 21; args=(3,); alias=default
(0.109) SELECT "clientes"."clienteid", "clientes"."nombre", "clientes"."apellido", "clientes"."telefono", "clientes"."email", "clientes"."numerodocumento" FROM "clientes" WHERE "clientes"."clienteid" = 4 LIMIT 21; args=(4,); alias=default
(0.094) SELECT "empleados"."empleadoid", "empleados"."nombre", "empleados"."apellido", "empleados"."telefono", "empleados"."email", "empleados"."direccion", "empleados"."puesto", "empleados"."numerodocumento", "empleados"."usuarioid", "empleados"."sucursalid" FROM "empleados" WHERE "empleados"."empleadoid" = 3 LIMIT 21; args=(3,); alias=default
(0.110) SELECT "sucursales"."sucursalid", "sucursales"."nombre", "sucursales"."direccion", "sucursales"."telefono" FROM "sucursales" WHERE "sucursales"."sucursalid" = 6 LIMIT 21; args=(6,); alias=default
(0.109) SELECT "puntospago"."puntopagoid", "puntospago"."sucursalid", "puntospago"."nombre", "puntospago"."descripcion", "puntospago"."dinerocaja" FROM "puntospago" WHERE "puntospago"."puntopagoid" = 17 LIMIT 21; args=(17,); alias=default
(0.109) SELECT "clientes"."clienteid", "clientes"."nombre", "clientes"."apellido", "clientes"."telefono", "clientes"."email", "clientes"."numerodocumento" FROM "clientes" WHERE "clientes"."clienteid" = 3 LIMIT 21; args=(3,); alias=default
(0.110) SELECT "empleados"."empleadoid", "empleados"."nombre", "empleados"."apellido", "empleados"."telefono", "empleados"."email", "empleados"."direccion", "empleados"."puesto", "empleados"."numerodocumento", "empleados"."usuarioid", "empleados"."sucursalid" FROM "empleados" WHERE "empleados"."empleadoid" = 3 LIMIT 21; args=(3,); alias=default
(0.109) SELECT "sucursales"."sucursalid", "sucursales"."nombre", "sucursales"."direccion", "sucursales"."telefono" FROM "sucursales" WHERE "sucursales"."sucursalid" = 6 LIMIT 21; args=(6,); alias=default
(0.109) SELECT "puntospago"."puntopagoid", "puntospago"."sucursalid", "puntospago"."nombre", "puntospago"."descripcion", "puntospago"."dinerocaja" FROM "puntospago" WHERE "puntospago"."puntopagoid" = 17 LIMIT 21; args=(17,); alias=default
(0.094) SELECT "empleados"."empleadoid", "empleados"."nombre", "empleados"."apellido", "empleados"."telefono", "empleados"."email", "empleados"."direccion", "empleados"."puesto", "empleados"."numerodocumento", "empleados"."usuarioid", "empleados"."sucursalid" FROM "empleados" WHERE "empleados"."empleadoid" = 3 LIMIT 21; args=(3,); alias=default
(0.110) SELECT "sucursales"."sucursalid", "sucursales"."nombre", "sucursales"."direccion", "sucursales"."telefono" FROM "sucursales" WHERE "sucursales"."sucursalid" = 6 LIMIT 21; args=(6,); alias=default
(0.109) SELECT "puntospago"."puntopagoid", "puntospago"."sucursalid", "puntospago"."nombre", "puntospago"."descripcion", "puntospago"."dinerocaja" FROM "puntospago" WHERE "puntospago"."puntopagoid" = 17 LIMIT 21; args=(17,); alias=default
(0.109) SELECT "empleados"."empleadoid", "empleados"."nombre", "empleados"."apellido", "empleados"."telefono", "empleados"."email", "empleados"."direccion", "empleados"."puesto", "empleados"."numerodocumento", "empleados"."usuarioid", "empleados"."sucursalid" FROM "empleados" WHERE "empleados"."empleadoid" = 3 LIMIT 21; args=(3,); alias=default
(0.110) SELECT "sucursales"."sucursalid", "sucursales"."nombre", "sucursales"."direccion", "sucursales"."telefono" FROM "sucursales" WHERE "sucursales"."sucursalid" = 6 LIMIT 21; args=(6,); alias=default
(0.109) SELECT "puntospago"."puntopagoid", "puntospago"."sucursalid", "puntospago"."nombre", "puntospago"."descripcion", "puntospago"."dinerocaja" FROM "puntospago" WHERE "puntospago"."puntopagoid" = 17 LIMIT 21; args=(17,); alias=default
(0.109) SELECT "empleados"."empleadoid", "empleados"."nombre", "empleados"."apellido", "empleados"."telefono", "empleados"."email", "empleados"."direccion", "empleados"."puesto", "empleados"."numerodocumento", "empleados"."usuarioid", "empleados"."sucursalid" FROM "empleados" WHERE "empleados"."empleadoid" = 3 LIMIT 21; args=(3,); alias=default
(0.110) SELECT "sucursales"."sucursalid", "sucursales"."nombre", "sucursales"."direccion", "sucursales"."telefono" FROM "sucursales" WHERE "sucursales"."sucursalid" = 6 LIMIT 21; args=(6,); alias=default
(0.109) SELECT "puntospago"."puntopagoid", "puntospago"."sucursalid", "puntospago"."nombre", "puntospago"."descripcion", "puntospago"."dinerocaja" FROM "puntospago" WHERE "puntospago"."puntopagoid" = 17 LIMIT 21; args=(17,); alias=default
(0.094) SELECT "clientes"."clienteid", "clientes"."nombre", "clientes"."apellido", "clientes"."telefono", "clientes"."email", "clientes"."numerodocumento" FROM "clientes" WHERE "clientes"."clienteid" = 1 LIMIT 21; args=(1,); alias=default
(0.109) SELECT "empleados"."empleadoid", "empleados"."nombre", "empleados"."apellido", "empleados"."telefono", "empleados"."email", "empleados"."direccion", "empleados"."puesto", "empleados"."numerodocumento", "empleados"."usuarioid", "empleados"."sucursalid" FROM "empleados" WHERE "empleados"."empleadoid" = 3 LIMIT 21; args=(3,); alias=default
(0.110) SELECT "sucursales"."sucursalid", "sucursales"."nombre", "sucursales"."direccion", "sucursales"."telefono" FROM "sucursales" WHERE "sucursales"."sucursalid" = 6 LIMIT 21; args=(6,); alias=default
(0.109) SELECT "puntospago"."puntopagoid", "puntospago"."sucursalid", "puntospago"."nombre", "puntospago"."descripcion", "puntospago"."dinerocaja" FROM "puntospago" WHERE "puntospago"."puntopagoid" = 17 LIMIT 21; args=(17,); alias=default
(0.109) SELECT "empleados"."empleadoid", "empleados"."nombre", "empleados"."apellido", "empleados"."telefono", "empleados"."email", "empleados"."direccion", "empleados"."puesto", "empleados"."numerodocumento", "empleados"."usuarioid", "empleados"."sucursalid" FROM "empleados" WHERE "empleados"."empleadoid" = 3 LIMIT 21; args=(3,); alias=default
(0.110) SELECT "sucursales"."sucursalid", "sucursales"."nombre", "sucursales"."direccion", "sucursales"."telefono" FROM "sucursales" WHERE "sucursales"."sucursalid" = 6 LIMIT 21; args=(6,); alias=default
(0.109) SELECT "puntospago"."puntopagoid", "puntospago"."sucursalid", "puntospago"."nombre", "puntospago"."descripcion", "puntospago"."dinerocaja" FROM "puntospago" WHERE "puntospago"."puntopagoid" = 17 LIMIT 21; args=(17,); alias=default
(0.110) SELECT "empleados"."empleadoid", "empleados"."nombre", "empleados"."apellido", "empleados"."telefono", "empleados"."email", "empleados"."direccion", "empleados"."puesto", "empleados"."numerodocumento", "empleados"."usuarioid", "empleados"."sucursalid" FROM "empleados" WHERE "empleados"."empleadoid" = 3 LIMIT 21; args=(3,); alias=default
(0.093) SELECT "sucursales"."sucursalid", "sucursales"."nombre", "sucursales"."direccion", "sucursales"."telefono" FROM "sucursales" WHERE "sucursales"."sucursalid" = 6 LIMIT 21; args=(6,); alias=default
(0.094) SELECT "puntospago"."puntopagoid", "puntospago"."sucursalid", "puntospago"."nombre", "puntospago"."descripcion", "puntospago"."dinerocaja" FROM "puntospago" WHERE "puntospago"."puntopagoid" = 17 LIMIT 21; args=(17,); alias=default
(0.109) SELECT "empleados"."empleadoid", "empleados"."nombre", "empleados"."apellido", "empleados"."telefono", "empleados"."email", "empleados"."direccion", "empleados"."puesto", "empleados"."numerodocumento", "empleados"."usuarioid", "empleados"."sucursalid" FROM "empleados" WHERE "empleados"."empleadoid" = 3 LIMIT 21; args=(3,); alias=default
(0.109) SELECT "sucursales"."sucursalid", "sucursales"."nombre", "sucursales"."direccion", "sucursales"."telefono" FROM "sucursales" WHERE "sucursales"."sucursalid" = 6 LIMIT 21; args=(6,); alias=default
(0.110) SELECT "puntospago"."puntopagoid", "puntospago"."sucursalid", "puntospago"."nombre", "puntospago"."descripcion", "puntospago"."dinerocaja" FROM "puntospago" WHERE "puntospago"."puntopagoid" = 17 LIMIT 21; args=(17,); alias=default
(0.109) SELECT "empleados"."empleadoid", "empleados"."nombre", "empleados"."apellido", "empleados"."telefono", "empleados"."email", "empleados"."direccion", "empleados"."puesto", "empleados"."numerodocumento", "empleados"."usuarioid", "empleados"."sucursalid" FROM "empleados" WHERE "empleados"."empleadoid" = 3 LIMIT 21; args=(3,); alias=default
(0.094) SELECT "sucursales"."sucursalid", "sucursales"."nombre", "sucursales"."direccion", "sucursales"."telefono" FROM "sucursales" WHERE "sucursales"."sucursalid" = 1 LIMIT 21; args=(1,); alias=default
(0.109) SELECT "puntospago"."puntopagoid", "puntospago"."sucursalid", "puntospago"."nombre", "puntospago"."descripcion", "puntospago"."dinerocaja" FROM "puntospago" WHERE "puntospago"."puntopagoid" = 3 LIMIT 21; args=(3,); alias=default
(0.110) SELECT "clientes"."clienteid", "clientes"."nombre", "clientes"."apellido", "clientes"."telefono", "clientes"."email", "clientes"."numerodocumento" FROM "clientes" WHERE "clientes"."clienteid" = 4 LIMIT 21; args=(4,); alias=default
(0.109) SELECT "empleados"."empleadoid", "empleados"."nombre", "empleados"."apellido", "empleados"."telefono", "empleados"."email", "empleados"."direccion", "empleados"."puesto", "empleados"."numerodocumento", "empleados"."usuarioid", "empleados"."sucursalid" FROM "empleados" WHERE "empleados"."empleadoid" = 3 LIMIT 21; args=(3,); alias=default
(0.109) SELECT "sucursales"."sucursalid", "sucursales"."nombre", "sucursales"."direccion", "sucursales"."telefono" FROM "sucursales" WHERE "sucursales"."sucursalid" = 3 LIMIT 21; args=(3,); alias=default
(0.094) SELECT "puntospago"."puntopagoid", "puntospago"."sucursalid", "puntospago"."nombre", "puntospago"."descripcion", "puntospago"."dinerocaja" FROM "puntospago" WHERE "puntospago"."puntopagoid" = 19 LIMIT 21; args=(19,); alias=default
(0.000) BEGIN; args=None; alias=default
(0.203) UPDATE "django_session" SET "session_data" = '.eJxVjDsOwjAQBe_iGlnxbxNT0nMGy7te4wCypTipEHeHSCmgfTPzXiLEbS1h67yEOYmzUOL0u2GkB9cdpHustyap1XWZUe6KPGiX15b4eTncv4MSe_nW7PRICoybgLwCNSEMDDGTAZ_J-iFB9tkConIw-kTIxKQoO521ASveH9mSOBk:1unNwv:L3cp7N7Z8BbbVxzJHPyZ9I8Fhq4V4DMNxcJ7jy4Dh1k', "expire_date" = '2025-08-30T15:56:25.265377'::timestamp WHERE "django_session"."session_key" = 't6gw7w625pxs728e22ixxp52h41qhq35'; args=('.eJxVjDsOwjAQBe_iGlnxbxNT0nMGy7te4wCypTipEHeHSCmgfTPzXiLEbS1h67yEOYmzUOL0u2GkB9cdpHustyap1XWZUe6KPGiX15b4eTncv4MSe_nW7PRICoybgLwCNSEMDDGTAZ_J-iFB9tkConIw-kTIxKQoO521ASveH9mSOBk:1unNwv:L3cp7N7Z8BbbVxzJHPyZ9I8Fhq4V4DMNxcJ7jy4Dh1k', datetime.datetime(2025, 8, 30, 15, 56, 25, 265377), 't6gw7w625pxs728e22ixxp52h41qhq35'); alias=default
(0.109) COMMIT; args=None; alias=default
"GET /visualizar_ventas/ HTTP/1.1" 200 15181
"GET /static/javascript/visualizar_ventas.js HTTP/1.1" 200 1011
(0.094) SELECT "django_session"."session_key", "django_session"."session_data", "django_session"."expire_date" FROM "django_session" WHERE ("django_session"."expire_date" > '2025-08-16T15:56:46.976700'::timestamp AND "django_session"."session_key" = 't6gw7w625pxs728e22ixxp52h41qhq35') LIMIT 21; args=(datetime.datetime(2025, 8, 16, 15, 56, 46, 976700), 't6gw7w625pxs728e22ixxp52h41qhq35'); alias=default
(0.109) SELECT "usuarios"."is_superuser", "usuarios"."usuarioid", "usuarios"."nombreusuario", "usuarios"."contraseña", "usuarios"."rolid", "usuarios"."last_login", "usuarios"."is_active", "usuarios"."is_staff" FROM "usuarios" WHERE "usuarios"."usuarioid" = 1 LIMIT 21; args=(1,); alias=default
(0.094) SELECT "ventas"."ventaid", "ventas"."fecha", "ventas"."hora", "ventas"."clienteid", "ventas"."empleadoid", "ventas"."sucursalid", "ventas"."puntopagoid", "ventas"."total", "ventas"."mediopago", "clientes"."clienteid", "clientes"."nombre", "clientes"."apellido", "clientes"."telefono", "clientes"."email", "clientes"."numerodocumento", "empleados"."empleadoid", "empleados"."nombre", "empleados"."apellido", "empleados"."telefono", "empleados"."email", "empleados"."direccion", "empleados"."puesto", "empleados"."numerodocumento", "empleados"."usuarioid", "empleados"."sucursalid", "sucursales"."sucursalid", "sucursales"."nombre", "sucursales"."direccion", "sucursales"."telefono", "puntospago"."puntopagoid", "puntospago"."sucursalid", "puntospago"."nombre", "puntospago"."descripcion", "puntospago"."dinerocaja" FROM "ventas" LEFT OUTER JOIN "clientes" ON ("ventas"."clienteid" = "clientes"."clienteid") INNER JOIN "empleados" ON ("ventas"."empleadoid" = "empleados"."empleadoid") INNER JOIN "sucursales" ON ("ventas"."sucursalid" = "sucursales"."sucursalid") INNER JOIN "puntospago" ON ("ventas"."puntopagoid" = "puntospago"."puntopagoid") WHERE "ventas"."ventaid" = 10 LIMIT 21; args=(10,); alias=default
(0.094) SELECT "detallesventas"."detalleventaid", "detallesventas"."ventaid", "detallesventas"."productoid", "detallesventas"."cantidad", "detallesventas"."preciounitario", ("detallesventas"."cantidad" * "detallesventas"."preciounitario") AS "subtotal", "productos"."productoid", "productos"."nombre", "productos"."descripcion", "productos"."precio", "productos"."categoria_id", "productos"."codigo_de_barras", "productos"."iva" FROM "detallesventas" INNER JOIN "productos" ON ("detallesventas"."productoid" = "productos"."productoid") WHERE "detallesventas"."ventaid" = 10; args=(10,); alias=default
(0.000) BEGIN; args=None; alias=default
(0.188) UPDATE "django_session" SET "session_data" = '.eJxVjDsOwjAQBe_iGlnxbxNT0nMGy7te4wCypTipEHeHSCmgfTPzXiLEbS1h67yEOYmzUOL0u2GkB9cdpHustyap1XWZUe6KPGiX15b4eTncv4MSe_nW7PRICoybgLwCNSEMDDGTAZ_J-iFB9tkConIw-kTIxKQoO521ASveH9mSOBk:1unNxI:yYAqEX09fSzkU6F9V11oBKuQ5w5kU2mvFz9ui6QaZZY', "expire_date" = '2025-08-30T15:56:48.128123'::timestamp WHERE "django_session"."session_key" = 't6gw7w625pxs728e22ixxp52h41qhq35'; args=('.eJxVjDsOwjAQBe_iGlnxbxNT0nMGy7te4wCypTipEHeHSCmgfTPzXiLEbS1h67yEOYmzUOL0u2GkB9cdpHustyap1XWZUe6KPGiX15b4eTncv4MSe_nW7PRICoybgLwCNSEMDDGTAZ_J-iFB9tkConIw-kTIxKQoO521ASveH9mSOBk:1unNxI:yYAqEX09fSzkU6F9V11oBKuQ5w5kU2mvFz9ui6QaZZY', datetime.datetime(2025, 8, 30, 15, 56, 48, 128123), 't6gw7w625pxs728e22ixxp52h41qhq35'); alias=default
(0.093) COMMIT; args=None; alias=default
"GET /ver_venta/10/ HTTP/1.1" 200 8397
"GET /static/css/ver_venta.css HTTP/1.1" 200 3994
"GET /static/css/generar_venta.css HTTP/1.1" 200 12865
(0.094) SELECT "django_session"."session_key", "django_session"."session_data", "django_session"."expire_date" FROM "django_session" WHERE ("django_session"."expire_date" > '2025-08-16T15:56:52.692923'::timestamp AND "django_session"."session_key" = 't6gw7w625pxs728e22ixxp52h41qhq35') LIMIT 21; args=(datetime.datetime(2025, 8, 16, 15, 56, 52, 692923), 't6gw7w625pxs728e22ixxp52h41qhq35'); alias=default
(0.093) SELECT "usuarios"."is_superuser", "usuarios"."usuarioid", "usuarios"."nombreusuario", "usuarios"."contraseña", "usuarios"."rolid", "usuarios"."last_login", "usuarios"."is_active", "usuarios"."is_staff" FROM "usuarios" WHERE "usuarios"."usuarioid" = 1 LIMIT 21; args=(1,); alias=default
(0.094) SELECT "ventas"."ventaid", "ventas"."fecha", "ventas"."hora", "ventas"."clienteid", "ventas"."empleadoid", "ventas"."sucursalid", "ventas"."puntopagoid", "ventas"."total", "ventas"."mediopago", "clientes"."clienteid", "clientes"."nombre", "clientes"."apellido", "clientes"."telefono", "clientes"."email", "clientes"."numerodocumento", "empleados"."empleadoid", "empleados"."nombre", "empleados"."apellido", "empleados"."telefono", "empleados"."email", "empleados"."direccion", "empleados"."puesto", "empleados"."numerodocumento", "empleados"."usuarioid", "empleados"."sucursalid", "sucursales"."sucursalid", "sucursales"."nombre", "sucursales"."direccion", "sucursales"."telefono", "puntospago"."puntopagoid", "puntospago"."sucursalid", "puntospago"."nombre", "puntospago"."descripcion", "puntospago"."dinerocaja" FROM "ventas" LEFT OUTER JOIN "clientes" ON ("ventas"."clienteid" = "clientes"."clienteid") INNER JOIN "empleados" ON ("ventas"."empleadoid" = "empleados"."empleadoid") INNER JOIN "sucursales" ON ("ventas"."sucursalid" = "sucursales"."sucursalid") INNER JOIN "puntospago" ON ("ventas"."puntopagoid" = "puntospago"."puntopagoid") WHERE "ventas"."ventaid" = 10 LIMIT 21; args=(10,); alias=default
(0.094) SELECT "detallesventas"."detalleventaid", "detallesventas"."ventaid", "detallesventas"."productoid", "detallesventas"."cantidad", "detallesventas"."preciounitario", ("detallesventas"."cantidad" * "detallesventas"."preciounitario") AS "subtotal", "productos"."productoid", "productos"."nombre", "productos"."descripcion", "productos"."precio", "productos"."categoria_id", "productos"."codigo_de_barras", "productos"."iva" FROM "detallesventas" INNER JOIN "productos" ON ("detallesventas"."productoid" = "productos"."productoid") WHERE "detallesventas"."ventaid" = 10; args=(10,); alias=default
(0.000) BEGIN; args=None; alias=default
(0.188) UPDATE "django_session" SET "session_data" = '.eJxVjDsOwjAQBe_iGlnxbxNT0nMGy7te4wCypTipEHeHSCmgfTPzXiLEbS1h67yEOYmzUOL0u2GkB9cdpHustyap1XWZUe6KPGiX15b4eTncv4MSe_nW7PRICoybgLwCNSEMDDGTAZ_J-iFB9tkConIw-kTIxKQoO521ASveH9mSOBk:1unNxN:NowNYt_IY4RwvDGSxe9ZrBL8f1jbMY22TwX9sGYZF_c', "expire_date" = '2025-08-30T15:56:53.782801'::timestamp WHERE "django_session"."session_key" = 't6gw7w625pxs728e22ixxp52h41qhq35'; args=('.eJxVjDsOwjAQBe_iGlnxbxNT0nMGy7te4wCypTipEHeHSCmgfTPzXiLEbS1h67yEOYmzUOL0u2GkB9cdpHustyap1XWZUe6KPGiX15b4eTncv4MSe_nW7PRICoybgLwCNSEMDDGTAZ_J-iFB9tkConIw-kTIxKQoO521ASveH9mSOBk:1unNxN:NowNYt_IY4RwvDGSxe9ZrBL8f1jbMY22TwX9sGYZF_c', datetime.datetime(2025, 8, 30, 15, 56, 53, 782801), 't6gw7w625pxs728e22ixxp52h41qhq35'); alias=default
(0.094) COMMIT; args=None; alias=default
"GET /ver_venta/10/ HTTP/1.1" 200 8397
(0.109) SELECT "django_session"."session_key", "django_session"."session_data", "django_session"."expire_date" FROM "django_session" WHERE ("django_session"."expire_date" > '2025-08-16T15:56:58.204305'::timestamp AND "django_session"."session_key" = 't6gw7w625pxs728e22ixxp52h41qhq35') LIMIT 21; args=(datetime.datetime(2025, 8, 16, 15, 56, 58, 204305), 't6gw7w625pxs728e22ixxp52h41qhq35'); alias=default
(0.110) SELECT "usuarios"."is_superuser", "usuarios"."usuarioid", "usuarios"."nombreusuario", "usuarios"."contraseña", "usuarios"."rolid", "usuarios"."last_login", "usuarios"."is_active", "usuarios"."is_staff" FROM "usuarios" WHERE "usuarios"."usuarioid" = 1 LIMIT 21; args=(1,); alias=default
(0.000) BEGIN; args=None; alias=default
(0.218) SELECT "ventas"."ventaid", "ventas"."fecha", "ventas"."hora", "ventas"."clienteid", "ventas"."empleadoid", "ventas"."sucursalid", "ventas"."puntopagoid", "ventas"."total", "ventas"."mediopago" FROM "ventas" WHERE "ventas"."ventaid" = 10 LIMIT 21; args=(10,); alias=default
(0.110) SELECT "detallesventas"."detalleventaid", "detallesventas"."ventaid", "detallesventas"."productoid", "detallesventas"."cantidad", "detallesventas"."preciounitario" FROM "detallesventas" WHERE ("detallesventas"."ventaid" = 10 AND "detallesventas"."detalleventaid" = 10) LIMIT 21; args=(10, 10); alias=default
(0.109) SAVEPOINT "s288_x1"; args=None; alias=default
(0.110) SELECT "productos"."productoid", "productos"."nombre", "productos"."descripcion", "productos"."precio", "productos"."categoria_id", "productos"."codigo_de_barras", "productos"."iva" FROM "productos" WHERE "productos"."productoid" = 5 LIMIT 21; args=(5,); alias=default
(0.109) INSERT INTO "cambiosdevoluciones" ("ventaid", "detalle_id", "productoid", "cantidad", "tipo", "estado", "fecha", "motivo") VALUES (10, 10, 5, 1, 'Devolucion', 'Completado', '2025-08-16'::date, '') RETURNING "cambiosdevoluciones"."cambioid"; args=(10, 10, 5, 1, 'Devolucion', 'Completado', datetime.date(2025, 8, 16), ''); alias=default
(0.109) UPDATE "detallesventas" SET "cantidad" = 0 WHERE "detallesventas"."detalleventaid" = 10; args=(0, 10); alias=default
(0.110) SELECT "sucursales"."sucursalid", "sucursales"."nombre", "sucursales"."direccion", "sucursales"."telefono" FROM "sucursales" WHERE "sucursales"."sucursalid" = 6 LIMIT 21; args=(6,); alias=default
(0.093) SELECT "inventario"."inventarioid", "inventario"."productoid", "inventario"."sucursalid", "inventario"."cantidad" FROM "inventario" WHERE ("inventario"."productoid" = 5 AND "inventario"."sucursalid" = 6) LIMIT 21 FOR UPDATE; args=(5, 6); alias=default
(0.110) UPDATE "inventario" SET "cantidad" = 1 WHERE "inventario"."inventarioid" = 24; args=(1, 24); alias=default
(0.109) UPDATE "ventas" SET "total" = 0.00 WHERE "ventas"."ventaid" = 10; args=(Decimal('0.00'), 10); alias=default
(0.110) RELEASE SAVEPOINT "s288_x1"; args=None; alias=default
(0.109) COMMIT; args=None; alias=default
(0.000) BEGIN; args=None; alias=default
(0.219) UPDATE "django_session" SET "session_data" = '.eJxVjDsOwjAQBe_iGlnxbxNT0nMGy7te4wCypTipEHeHSCmgfTPzXiLEbS1h67yEOYmzUOL0u2GkB9cdpHustyap1XWZUe6KPGiX15b4eTncv4MSe_nW7PRICoybgLwCNSEMDDGTAZ_J-iFB9tkConIw-kTIxKQoO521ASveH9mSOBk:1unNxU:cgLjOJw5gTpKOjtSc_FGLsIkC5MFHldzIDbYlVXNrUI', "expire_date" = '2025-08-30T15:57:00.597819'::timestamp WHERE "django_session"."session_key" = 't6gw7w625pxs728e22ixxp52h41qhq35'; args=('.eJxVjDsOwjAQBe_iGlnxbxNT0nMGy7te4wCypTipEHeHSCmgfTPzXiLEbS1h67yEOYmzUOL0u2GkB9cdpHustyap1XWZUe6KPGiX15b4eTncv4MSe_nW7PRICoybgLwCNSEMDDGTAZ_J-iFB9tkConIw-kTIxKQoO521ASveH9mSOBk:1unNxU:cgLjOJw5gTpKOjtSc_FGLsIkC5MFHldzIDbYlVXNrUI', datetime.datetime(2025, 8, 30, 15, 57, 0, 597819), 't6gw7w625pxs728e22ixxp52h41qhq35'); alias=default
(0.109) COMMIT; args=None; alias=default
"POST /ver_venta/10/ HTTP/1.1" 302 0
(0.109) SELECT "django_session"."session_key", "django_session"."session_data", "django_session"."expire_date" FROM "django_session" WHERE ("django_session"."expire_date" > '2025-08-16T15:57:00.927695'::timestamp AND "django_session"."session_key" = 't6gw7w625pxs728e22ixxp52h41qhq35') LIMIT 21; args=(datetime.datetime(2025, 8, 16, 15, 57, 0, 927695), 't6gw7w625pxs728e22ixxp52h41qhq35'); alias=default
(0.094) SELECT "usuarios"."is_superuser", "usuarios"."usuarioid", "usuarios"."nombreusuario", "usuarios"."contraseña", "usuarios"."rolid", "usuarios"."last_login", "usuarios"."is_active", "usuarios"."is_staff" FROM "usuarios" WHERE "usuarios"."usuarioid" = 1 LIMIT 21; args=(1,); alias=default
(0.094) SELECT COUNT(*) AS "__count" FROM "ventas"; args=(); alias=default
(0.094) SELECT "ventas"."ventaid", "ventas"."fecha", "ventas"."hora", "ventas"."clienteid", "ventas"."empleadoid", "ventas"."sucursalid", "ventas"."puntopagoid", "ventas"."total", "ventas"."mediopago" FROM "ventas" ORDER BY "ventas"."fecha" DESC, "ventas"."hora" DESC LIMIT 16; args=(); alias=default
(0.093) SELECT "clientes"."clienteid", "clientes"."nombre", "clientes"."apellido", "clientes"."telefono", "clientes"."email", "clientes"."numerodocumento" FROM "clientes" WHERE "clientes"."clienteid" = 3 LIMIT 21; args=(3,); alias=default
(0.094) SELECT "empleados"."empleadoid", "empleados"."nombre", "empleados"."apellido", "empleados"."telefono", "empleados"."email", "empleados"."direccion", "empleados"."puesto", "empleados"."numerodocumento", "empleados"."usuarioid", "empleados"."sucursalid" FROM "empleados" WHERE "empleados"."empleadoid" = 3 LIMIT 21; args=(3,); alias=default
(0.094) SELECT "sucursales"."sucursalid", "sucursales"."nombre", "sucursales"."direccion", "sucursales"."telefono" FROM "sucursales" WHERE "sucursales"."sucursalid" = 1 LIMIT 21; args=(1,); alias=default
(0.094) SELECT "puntospago"."puntopagoid", "puntospago"."sucursalid", "puntospago"."nombre", "puntospago"."descripcion", "puntospago"."dinerocaja" FROM "puntospago" WHERE "puntospago"."puntopagoid" = 3 LIMIT 21; args=(3,); alias=default
(0.109) SELECT "clientes"."clienteid", "clientes"."nombre", "clientes"."apellido", "clientes"."telefono", "clientes"."email", "clientes"."numerodocumento" FROM "clientes" WHERE "clientes"."clienteid" = 3 LIMIT 21; args=(3,); alias=default
(0.094) SELECT "empleados"."empleadoid", "empleados"."nombre", "empleados"."apellido", "empleados"."telefono", "empleados"."email", "empleados"."direccion", "empleados"."puesto", "empleados"."numerodocumento", "empleados"."usuarioid", "empleados"."sucursalid" FROM "empleados" WHERE "empleados"."empleadoid" = 3 LIMIT 21; args=(3,); alias=default
(0.093) SELECT "sucursales"."sucursalid", "sucursales"."nombre", "sucursales"."direccion", "sucursales"."telefono" FROM "sucursales" WHERE "sucursales"."sucursalid" = 3 LIMIT 21; args=(3,); alias=default
(0.094) SELECT "puntospago"."puntopagoid", "puntospago"."sucursalid", "puntospago"."nombre", "puntospago"."descripcion", "puntospago"."dinerocaja" FROM "puntospago" WHERE "puntospago"."puntopagoid" = 19 LIMIT 21; args=(19,); alias=default
(0.094) SELECT "clientes"."clienteid", "clientes"."nombre", "clientes"."apellido", "clientes"."telefono", "clientes"."email", "clientes"."numerodocumento" FROM "clientes" WHERE "clientes"."clienteid" = 7 LIMIT 21; args=(7,); alias=default
(0.094) SELECT "empleados"."empleadoid", "empleados"."nombre", "empleados"."apellido", "empleados"."telefono", "empleados"."email", "empleados"."direccion", "empleados"."puesto", "empleados"."numerodocumento", "empleados"."usuarioid", "empleados"."sucursalid" FROM "empleados" WHERE "empleados"."empleadoid" = 3 LIMIT 21; args=(3,); alias=default
(0.093) SELECT "sucursales"."sucursalid", "sucursales"."nombre", "sucursales"."direccion", "sucursales"."telefono" FROM "sucursales" WHERE "sucursales"."sucursalid" = 1 LIMIT 21; args=(1,); alias=default
(0.094) SELECT "puntospago"."puntopagoid", "puntospago"."sucursalid", "puntospago"."nombre", "puntospago"."descripcion", "puntospago"."dinerocaja" FROM "puntospago" WHERE "puntospago"."puntopagoid" = 3 LIMIT 21; args=(3,); alias=default
(0.094) SELECT "clientes"."clienteid", "clientes"."nombre", "clientes"."apellido", "clientes"."telefono", "clientes"."email", "clientes"."numerodocumento" FROM "clientes" WHERE "clientes"."clienteid" = 6 LIMIT 21; args=(6,); alias=default
(0.094) SELECT "empleados"."empleadoid", "empleados"."nombre", "empleados"."apellido", "empleados"."telefono", "empleados"."email", "empleados"."direccion", "empleados"."puesto", "empleados"."numerodocumento", "empleados"."usuarioid", "empleados"."sucursalid" FROM "empleados" WHERE "empleados"."empleadoid" = 3 LIMIT 21; args=(3,); alias=default
(0.093) SELECT "sucursales"."sucursalid", "sucursales"."nombre", "sucursales"."direccion", "sucursales"."telefono" FROM "sucursales" WHERE "sucursales"."sucursalid" = 1 LIMIT 21; args=(1,); alias=default
(0.094) SELECT "puntospago"."puntopagoid", "puntospago"."sucursalid", "puntospago"."nombre", "puntospago"."descripcion", "puntospago"."dinerocaja" FROM "puntospago" WHERE "puntospago"."puntopagoid" = 3 LIMIT 21; args=(3,); alias=default
(0.094) SELECT "clientes"."clienteid", "clientes"."nombre", "clientes"."apellido", "clientes"."telefono", "clientes"."email", "clientes"."numerodocumento" FROM "clientes" WHERE "clientes"."clienteid" = 6 LIMIT 21; args=(6,); alias=default
(0.093) SELECT "empleados"."empleadoid", "empleados"."nombre", "empleados"."apellido", "empleados"."telefono", "empleados"."email", "empleados"."direccion", "empleados"."puesto", "empleados"."numerodocumento", "empleados"."usuarioid", "empleados"."sucursalid" FROM "empleados" WHERE "empleados"."empleadoid" = 3 LIMIT 21; args=(3,); alias=default
(0.094) SELECT "sucursales"."sucursalid", "sucursales"."nombre", "sucursales"."direccion", "sucursales"."telefono" FROM "sucursales" WHERE "sucursales"."sucursalid" = 1 LIMIT 21; args=(1,); alias=default
(0.094) SELECT "puntospago"."puntopagoid", "puntospago"."sucursalid", "puntospago"."nombre", "puntospago"."descripcion", "puntospago"."dinerocaja" FROM "puntospago" WHERE "puntospago"."puntopagoid" = 3 LIMIT 21; args=(3,); alias=default
(0.094) SELECT "clientes"."clienteid", "clientes"."nombre", "clientes"."apellido", "clientes"."telefono", "clientes"."email", "clientes"."numerodocumento" FROM "clientes" WHERE "clientes"."clienteid" = 4 LIMIT 21; args=(4,); alias=default
(0.093) SELECT "empleados"."empleadoid", "empleados"."nombre", "empleados"."apellido", "empleados"."telefono", "empleados"."email", "empleados"."direccion", "empleados"."puesto", "empleados"."numerodocumento", "empleados"."usuarioid", "empleados"."sucursalid" FROM "empleados" WHERE "empleados"."empleadoid" = 3 LIMIT 21; args=(3,); alias=default
(0.094) SELECT "sucursales"."sucursalid", "sucursales"."nombre", "sucursales"."direccion", "sucursales"."telefono" FROM "sucursales" WHERE "sucursales"."sucursalid" = 6 LIMIT 21; args=(6,); alias=default
(0.094) SELECT "puntospago"."puntopagoid", "puntospago"."sucursalid", "puntospago"."nombre", "puntospago"."descripcion", "puntospago"."dinerocaja" FROM "puntospago" WHERE "puntospago"."puntopagoid" = 17 LIMIT 21; args=(17,); alias=default
(0.094) SELECT "clientes"."clienteid", "clientes"."nombre", "clientes"."apellido", "clientes"."telefono", "clientes"."email", "clientes"."numerodocumento" FROM "clientes" WHERE "clientes"."clienteid" = 3 LIMIT 21; args=(3,); alias=default
(0.093) SELECT "empleados"."empleadoid", "empleados"."nombre", "empleados"."apellido", "empleados"."telefono", "empleados"."email", "empleados"."direccion", "empleados"."puesto", "empleados"."numerodocumento", "empleados"."usuarioid", "empleados"."sucursalid" FROM "empleados" WHERE "empleados"."empleadoid" = 3 LIMIT 21; args=(3,); alias=default
(0.110) SELECT "sucursales"."sucursalid", "sucursales"."nombre", "sucursales"."direccion", "sucursales"."telefono" FROM "sucursales" WHERE "sucursales"."sucursalid" = 6 LIMIT 21; args=(6,); alias=default
(0.093) SELECT "puntospago"."puntopagoid", "puntospago"."sucursalid", "puntospago"."nombre", "puntospago"."descripcion", "puntospago"."dinerocaja" FROM "puntospago" WHERE "puntospago"."puntopagoid" = 17 LIMIT 21; args=(17,); alias=default
(0.094) SELECT "empleados"."empleadoid", "empleados"."nombre", "empleados"."apellido", "empleados"."telefono", "empleados"."email", "empleados"."direccion", "empleados"."puesto", "empleados"."numerodocumento", "empleados"."usuarioid", "empleados"."sucursalid" FROM "empleados" WHERE "empleados"."empleadoid" = 3 LIMIT 21; args=(3,); alias=default
(0.094) SELECT "sucursales"."sucursalid", "sucursales"."nombre", "sucursales"."direccion", "sucursales"."telefono" FROM "sucursales" WHERE "sucursales"."sucursalid" = 6 LIMIT 21; args=(6,); alias=default
(0.094) SELECT "puntospago"."puntopagoid", "puntospago"."sucursalid", "puntospago"."nombre", "puntospago"."descripcion", "puntospago"."dinerocaja" FROM "puntospago" WHERE "puntospago"."puntopagoid" = 17 LIMIT 21; args=(17,); alias=default
(0.093) SELECT "empleados"."empleadoid", "empleados"."nombre", "empleados"."apellido", "empleados"."telefono", "empleados"."email", "empleados"."direccion", "empleados"."puesto", "empleados"."numerodocumento", "empleados"."usuarioid", "empleados"."sucursalid" FROM "empleados" WHERE "empleados"."empleadoid" = 3 LIMIT 21; args=(3,); alias=default
(0.094) SELECT "sucursales"."sucursalid", "sucursales"."nombre", "sucursales"."direccion", "sucursales"."telefono" FROM "sucursales" WHERE "sucursales"."sucursalid" = 6 LIMIT 21; args=(6,); alias=default
(0.094) SELECT "puntospago"."puntopagoid", "puntospago"."sucursalid", "puntospago"."nombre", "puntospago"."descripcion", "puntospago"."dinerocaja" FROM "puntospago" WHERE "puntospago"."puntopagoid" = 17 LIMIT 21; args=(17,); alias=default
(0.094) SELECT "empleados"."empleadoid", "empleados"."nombre", "empleados"."apellido", "empleados"."telefono", "empleados"."email", "empleados"."direccion", "empleados"."puesto", "empleados"."numerodocumento", "empleados"."usuarioid", "empleados"."sucursalid" FROM "empleados" WHERE "empleados"."empleadoid" = 3 LIMIT 21; args=(3,); alias=default
(0.093) SELECT "sucursales"."sucursalid", "sucursales"."nombre", "sucursales"."direccion", "sucursales"."telefono" FROM "sucursales" WHERE "sucursales"."sucursalid" = 6 LIMIT 21; args=(6,); alias=default
(0.094) SELECT "puntospago"."puntopagoid", "puntospago"."sucursalid", "puntospago"."nombre", "puntospago"."descripcion", "puntospago"."dinerocaja" FROM "puntospago" WHERE "puntospago"."puntopagoid" = 17 LIMIT 21; args=(17,); alias=default
(0.094) SELECT "clientes"."clienteid", "clientes"."nombre", "clientes"."apellido", "clientes"."telefono", "clientes"."email", "clientes"."numerodocumento" FROM "clientes" WHERE "clientes"."clienteid" = 1 LIMIT 21; args=(1,); alias=default
(0.094) SELECT "empleados"."empleadoid", "empleados"."nombre", "empleados"."apellido", "empleados"."telefono", "empleados"."email", "empleados"."direccion", "empleados"."puesto", "empleados"."numerodocumento", "empleados"."usuarioid", "empleados"."sucursalid" FROM "empleados" WHERE "empleados"."empleadoid" = 3 LIMIT 21; args=(3,); alias=default
(0.094) SELECT "sucursales"."sucursalid", "sucursales"."nombre", "sucursales"."direccion", "sucursales"."telefono" FROM "sucursales" WHERE "sucursales"."sucursalid" = 6 LIMIT 21; args=(6,); alias=default
(0.094) SELECT "puntospago"."puntopagoid", "puntospago"."sucursalid", "puntospago"."nombre", "puntospago"."descripcion", "puntospago"."dinerocaja" FROM "puntospago" WHERE "puntospago"."puntopagoid" = 17 LIMIT 21; args=(17,); alias=default
(0.094) SELECT "empleados"."empleadoid", "empleados"."nombre", "empleados"."apellido", "empleados"."telefono", "empleados"."email", "empleados"."direccion", "empleados"."puesto", "empleados"."numerodocumento", "empleados"."usuarioid", "empleados"."sucursalid" FROM "empleados" WHERE "empleados"."empleadoid" = 3 LIMIT 21; args=(3,); alias=default
(0.093) SELECT "sucursales"."sucursalid", "sucursales"."nombre", "sucursales"."direccion", "sucursales"."telefono" FROM "sucursales" WHERE "sucursales"."sucursalid" = 6 LIMIT 21; args=(6,); alias=default
(0.094) SELECT "puntospago"."puntopagoid", "puntospago"."sucursalid", "puntospago"."nombre", "puntospago"."descripcion", "puntospago"."dinerocaja" FROM "puntospago" WHERE "puntospago"."puntopagoid" = 17 LIMIT 21; args=(17,); alias=default
(0.094) SELECT "empleados"."empleadoid", "empleados"."nombre", "empleados"."apellido", "empleados"."telefono", "empleados"."email", "empleados"."direccion", "empleados"."puesto", "empleados"."numerodocumento", "empleados"."usuarioid", "empleados"."sucursalid" FROM "empleados" WHERE "empleados"."empleadoid" = 3 LIMIT 21; args=(3,); alias=default
(0.094) SELECT "sucursales"."sucursalid", "sucursales"."nombre", "sucursales"."direccion", "sucursales"."telefono" FROM "sucursales" WHERE "sucursales"."sucursalid" = 6 LIMIT 21; args=(6,); alias=default
(0.093) SELECT "puntospago"."puntopagoid", "puntospago"."sucursalid", "puntospago"."nombre", "puntospago"."descripcion", "puntospago"."dinerocaja" FROM "puntospago" WHERE "puntospago"."puntopagoid" = 17 LIMIT 21; args=(17,); alias=default
(0.094) SELECT "empleados"."empleadoid", "empleados"."nombre", "empleados"."apellido", "empleados"."telefono", "empleados"."email", "empleados"."direccion", "empleados"."puesto", "empleados"."numerodocumento", "empleados"."usuarioid", "empleados"."sucursalid" FROM "empleados" WHERE "empleados"."empleadoid" = 3 LIMIT 21; args=(3,); alias=default
(0.094) SELECT "sucursales"."sucursalid", "sucursales"."nombre", "sucursales"."direccion", "sucursales"."telefono" FROM "sucursales" WHERE "sucursales"."sucursalid" = 6 LIMIT 21; args=(6,); alias=default
(0.094) SELECT "puntospago"."puntopagoid", "puntospago"."sucursalid", "puntospago"."nombre", "puntospago"."descripcion", "puntospago"."dinerocaja" FROM "puntospago" WHERE "puntospago"."puntopagoid" = 17 LIMIT 21; args=(17,); alias=default
(0.093) SELECT "empleados"."empleadoid", "empleados"."nombre", "empleados"."apellido", "empleados"."telefono", "empleados"."email", "empleados"."direccion", "empleados"."puesto", "empleados"."numerodocumento", "empleados"."usuarioid", "empleados"."sucursalid" FROM "empleados" WHERE "empleados"."empleadoid" = 3 LIMIT 21; args=(3,); alias=default
(0.094) SELECT "sucursales"."sucursalid", "sucursales"."nombre", "sucursales"."direccion", "sucursales"."telefono" FROM "sucursales" WHERE "sucursales"."sucursalid" = 1 LIMIT 21; args=(1,); alias=default
(0.093) SELECT "puntospago"."puntopagoid", "puntospago"."sucursalid", "puntospago"."nombre", "puntospago"."descripcion", "puntospago"."dinerocaja" FROM "puntospago" WHERE "puntospago"."puntopagoid" = 3 LIMIT 21; args=(3,); alias=default
(0.094) SELECT "clientes"."clienteid", "clientes"."nombre", "clientes"."apellido", "clientes"."telefono", "clientes"."email", "clientes"."numerodocumento" FROM "clientes" WHERE "clientes"."clienteid" = 4 LIMIT 21; args=(4,); alias=default
(0.094) SELECT "empleados"."empleadoid", "empleados"."nombre", "empleados"."apellido", "empleados"."telefono", "empleados"."email", "empleados"."direccion", "empleados"."puesto", "empleados"."numerodocumento", "empleados"."usuarioid", "empleados"."sucursalid" FROM "empleados" WHERE "empleados"."empleadoid" = 3 LIMIT 21; args=(3,); alias=default
(0.094) SELECT "sucursales"."sucursalid", "sucursales"."nombre", "sucursales"."direccion", "sucursales"."telefono" FROM "sucursales" WHERE "sucursales"."sucursalid" = 3 LIMIT 21; args=(3,); alias=default
(0.093) SELECT "puntospago"."puntopagoid", "puntospago"."sucursalid", "puntospago"."nombre", "puntospago"."descripcion", "puntospago"."dinerocaja" FROM "puntospago" WHERE "puntospago"."puntopagoid" = 19 LIMIT 21; args=(19,); alias=default
(0.000) BEGIN; args=None; alias=default
(0.188) UPDATE "django_session" SET "session_data" = '.eJxVjDsOwjAQBe_iGlnxbxNT0nMGy7te4wCypTipEHeHSCmgfTPzXiLEbS1h67yEOYmzUOL0u2GkB9cdpHustyap1XWZUe6KPGiX15b4eTncv4MSe_nW7PRICoybgLwCNSEMDDGTAZ_J-iFB9tkConIw-kTIxKQoO521ASveH9mSOBk:1unNxb:dk5fNU7n5_vDrWtk97kq7wkUwjqxngAzeC-LSHKdDYc', "expire_date" = '2025-08-30T15:57:07.414205'::timestamp WHERE "django_session"."session_key" = 't6gw7w625pxs728e22ixxp52h41qhq35'; args=('.eJxVjDsOwjAQBe_iGlnxbxNT0nMGy7te4wCypTipEHeHSCmgfTPzXiLEbS1h67yEOYmzUOL0u2GkB9cdpHustyap1XWZUe6KPGiX15b4eTncv4MSe_nW7PRICoybgLwCNSEMDDGTAZ_J-iFB9tkConIw-kTIxKQoO521ASveH9mSOBk:1unNxb:dk5fNU7n5_vDrWtk97kq7wkUwjqxngAzeC-LSHKdDYc', datetime.datetime(2025, 8, 30, 15, 57, 7, 414205), 't6gw7w625pxs728e22ixxp52h41qhq35'); alias=default
(0.094) COMMIT; args=None; alias=default
"GET /visualizar_ventas/ HTTP/1.1" 200 15343
(0.094) SELECT "django_session"."session_key", "django_session"."session_data", "django_session"."expire_date" FROM "django_session" WHERE ("django_session"."expire_date" > '2025-08-16T15:57:18.019274'::timestamp AND "django_session"."session_key" = 't6gw7w625pxs728e22ixxp52h41qhq35') LIMIT 21; args=(datetime.datetime(2025, 8, 16, 15, 57, 18, 19274), 't6gw7w625pxs728e22ixxp52h41qhq35'); alias=default
(0.093) SELECT "usuarios"."is_superuser", "usuarios"."usuarioid", "usuarios"."nombreusuario", "usuarios"."contraseña", "usuarios"."rolid", "usuarios"."last_login", "usuarios"."is_active", "usuarios"."is_staff" FROM "usuarios" WHERE "usuarios"."usuarioid" = 1 LIMIT 21; args=(1,); alias=default
(0.000) BEGIN; args=None; alias=default
(0.187) UPDATE "django_session" SET "session_data" = '.eJxVjDsOwjAQBe_iGlnxbxNT0nMGy7te4wCypTipEHeHSCmgfTPzXiLEbS1h67yEOYmzUOL0u2GkB9cdpHustyap1XWZUe6KPGiX15b4eTncv4MSe_nW7PRICoybgLwCNSEMDDGTAZ_J-iFB9tkConIw-kTIxKQoO521ASveH9mSOBk:1unNxm:qDJwUkSs3M3IGnWD58XfF8b42ahMG7p0iBNxjwb6V1c', "expire_date" = '2025-08-30T15:57:18.969338'::timestamp WHERE "django_session"."session_key" = 't6gw7w625pxs728e22ixxp52h41qhq35'; args=('.eJxVjDsOwjAQBe_iGlnxbxNT0nMGy7te4wCypTipEHeHSCmgfTPzXiLEbS1h67yEOYmzUOL0u2GkB9cdpHustyap1XWZUe6KPGiX15b4eTncv4MSe_nW7PRICoybgLwCNSEMDDGTAZ_J-iFB9tkConIw-kTIxKQoO521ASveH9mSOBk:1unNxm:qDJwUkSs3M3IGnWD58XfF8b42ahMG7p0iBNxjwb6V1c', datetime.datetime(2025, 8, 30, 15, 57, 18, 969338), 't6gw7w625pxs728e22ixxp52h41qhq35'); alias=default
(0.094) COMMIT; args=None; alias=default
"GET /agregar_cliente/ HTTP/1.1" 200 8621
"GET /static/css/agregar_cliente.css HTTP/1.1" 304 0
"GET /static/javascript/agregar_cliente.js HTTP/1.1" 200 2601
(0.109) SELECT "django_session"."session_key", "django_session"."session_data", "django_session"."expire_date" FROM "django_session" WHERE ("django_session"."expire_date" > '2025-08-16T19:24:32.075299'::timestamp AND "django_session"."session_key" = 't6gw7w625pxs728e22ixxp52h41qhq35') LIMIT 21; args=(datetime.datetime(2025, 8, 16, 19, 24, 32, 75299), 't6gw7w625pxs728e22ixxp52h41qhq35'); alias=default
(0.110) SELECT "usuarios"."is_superuser", "usuarios"."usuarioid", "usuarios"."nombreusuario", "usuarios"."contraseña", "usuarios"."rolid", "usuarios"."last_login", "usuarios"."is_active", "usuarios"."is_staff" FROM "usuarios" WHERE "usuarios"."usuarioid" = 1 LIMIT 21; args=(1,); alias=default
(0.093) SELECT COUNT(*) AS "__count" FROM "pedidosproveedor"; args=(); alias=default
(0.110) SELECT "pedidosproveedor"."pedidoid", "pedidosproveedor"."proveedorid", "pedidosproveedor"."sucursalid", "pedidosproveedor"."fechapedido", "pedidosproveedor"."fechaestimadaentrega", "pedidosproveedor"."costototal", "pedidosproveedor"."estado", "pedidosproveedor"."comentario", "pedidosproveedor"."fecha_recibido", "pedidosproveedor"."monto_pagado", "pedidosproveedor"."caja_pagoid" FROM "pedidosproveedor" ORDER BY "pedidosproveedor"."fechapedido" DESC LIMIT 5; args=(); alias=default
(0.094) SELECT "proveedores"."proveedorid", "proveedores"."nombre", "proveedores"."empresa", "proveedores"."telefono", "proveedores"."email", "proveedores"."direccion" FROM "proveedores" WHERE "proveedores"."proveedorid" = 17 LIMIT 21; args=(17,); alias=default
(0.093) SELECT "sucursales"."sucursalid", "sucursales"."nombre", "sucursales"."direccion", "sucursales"."telefono" FROM "sucursales" WHERE "sucursales"."sucursalid" = 4 LIMIT 21; args=(4,); alias=default
(0.094) SELECT "proveedores"."proveedorid", "proveedores"."nombre", "proveedores"."empresa", "proveedores"."telefono", "proveedores"."email", "proveedores"."direccion" FROM "proveedores" WHERE "proveedores"."proveedorid" = 17 LIMIT 21; args=(17,); alias=default
(0.093) SELECT "sucursales"."sucursalid", "sucursales"."nombre", "sucursales"."direccion", "sucursales"."telefono" FROM "sucursales" WHERE "sucursales"."sucursalid" = 4 LIMIT 21; args=(4,); alias=default
(0.094) SELECT "proveedores"."proveedorid", "proveedores"."nombre", "proveedores"."empresa", "proveedores"."telefono", "proveedores"."email", "proveedores"."direccion" FROM "proveedores" WHERE "proveedores"."proveedorid" = 4 LIMIT 21; args=(4,); alias=default
(0.110) SELECT "sucursales"."sucursalid", "sucursales"."nombre", "sucursales"."direccion", "sucursales"."telefono" FROM "sucursales" WHERE "sucursales"."sucursalid" = 3 LIMIT 21; args=(3,); alias=default
(0.093) SELECT "proveedores"."proveedorid", "proveedores"."nombre", "proveedores"."empresa", "proveedores"."telefono", "proveedores"."email", "proveedores"."direccion" FROM "proveedores" WHERE "proveedores"."proveedorid" = 17 LIMIT 21; args=(17,); alias=default
(0.094) SELECT "sucursales"."sucursalid", "sucursales"."nombre", "sucursales"."direccion", "sucursales"."telefono" FROM "sucursales" WHERE "sucursales"."sucursalid" = 14 LIMIT 21; args=(14,); alias=default
(0.109) SELECT "proveedores"."proveedorid", "proveedores"."nombre", "proveedores"."empresa", "proveedores"."telefono", "proveedores"."email", "proveedores"."direccion" FROM "proveedores" WHERE "proveedores"."proveedorid" = 4 LIMIT 21; args=(4,); alias=default
(0.094) SELECT "sucursales"."sucursalid", "sucursales"."nombre", "sucursales"."direccion", "sucursales"."telefono" FROM "sucursales" WHERE "sucursales"."sucursalid" = 6 LIMIT 21; args=(6,); alias=default
(0.000) BEGIN; args=None; alias=default
(0.203) UPDATE "django_session" SET "session_data" = '.eJxVjDsOwjAQBe_iGlnxbxNT0nMGy7te4wCypTipEHeHSCmgfTPzXiLEbS1h67yEOYmzUOL0u2GkB9cdpHustyap1XWZUe6KPGiX15b4eTncv4MSe_nW7PRICoybgLwCNSEMDDGTAZ_J-iFB9tkConIw-kTIxKQoO521ASveH9mSOBk:1unRCM:PrDoqSotSpBK9UduGvLUgA9_Uw98_M8A8X6UufDAhZI', "expire_date" = '2025-08-30T19:24:34.384593'::timestamp WHERE "django_session"."session_key" = 't6gw7w625pxs728e22ixxp52h41qhq35'; args=('.eJxVjDsOwjAQBe_iGlnxbxNT0nMGy7te4wCypTipEHeHSCmgfTPzXiLEbS1h67yEOYmzUOL0u2GkB9cdpHustyap1XWZUe6KPGiX15b4eTncv4MSe_nW7PRICoybgLwCNSEMDDGTAZ_J-iFB9tkConIw-kTIxKQoO521ASveH9mSOBk:1unRCM:PrDoqSotSpBK9UduGvLUgA9_Uw98_M8A8X6UufDAhZI', datetime.datetime(2025, 8, 30, 19, 24, 34, 384593), 't6gw7w625pxs728e22ixxp52h41qhq35'); alias=default
(0.094) COMMIT; args=None; alias=default
"GET /visualizar_pedidos/ HTTP/1.1" 200 13068
"GET /static/css/visualizar_pedidos.css HTTP/1.1" 304 0
(0.109) SELECT "django_session"."session_key", "django_session"."session_data", "django_session"."expire_date" FROM "django_session" WHERE ("django_session"."expire_date" > '2025-08-16T19:25:57.230835'::timestamp AND "django_session"."session_key" = 't6gw7w625pxs728e22ixxp52h41qhq35') LIMIT 21; args=(datetime.datetime(2025, 8, 16, 19, 25, 57, 230835), 't6gw7w625pxs728e22ixxp52h41qhq35'); alias=default
(0.094) SELECT "usuarios"."is_superuser", "usuarios"."usuarioid", "usuarios"."nombreusuario", "usuarios"."contraseña", "usuarios"."rolid", "usuarios"."last_login", "usuarios"."is_active", "usuarios"."is_staff" FROM "usuarios" WHERE "usuarios"."usuarioid" = 1 LIMIT 21; args=(1,); alias=default
(0.094) SELECT COUNT(*) AS "__count" FROM "pedidosproveedor"; args=(); alias=default
(0.109) SELECT "pedidosproveedor"."pedidoid", "pedidosproveedor"."proveedorid", "pedidosproveedor"."sucursalid", "pedidosproveedor"."fechapedido", "pedidosproveedor"."fechaestimadaentrega", "pedidosproveedor"."costototal", "pedidosproveedor"."estado", "pedidosproveedor"."comentario", "pedidosproveedor"."fecha_recibido", "pedidosproveedor"."monto_pagado", "pedidosproveedor"."caja_pagoid" FROM "pedidosproveedor" ORDER BY "pedidosproveedor"."fechapedido" DESC LIMIT 5; args=(); alias=default
(0.094) SELECT "proveedores"."proveedorid", "proveedores"."nombre", "proveedores"."empresa", "proveedores"."telefono", "proveedores"."email", "proveedores"."direccion" FROM "proveedores" WHERE "proveedores"."proveedorid" = 17 LIMIT 21; args=(17,); alias=default
(0.094) SELECT "sucursales"."sucursalid", "sucursales"."nombre", "sucursales"."direccion", "sucursales"."telefono" FROM "sucursales" WHERE "sucursales"."sucursalid" = 4 LIMIT 21; args=(4,); alias=default
(0.094) SELECT "proveedores"."proveedorid", "proveedores"."nombre", "proveedores"."empresa", "proveedores"."telefono", "proveedores"."email", "proveedores"."direccion" FROM "proveedores" WHERE "proveedores"."proveedorid" = 17 LIMIT 21; args=(17,); alias=default
(0.094) SELECT "sucursales"."sucursalid", "sucursales"."nombre", "sucursales"."direccion", "sucursales"."telefono" FROM "sucursales" WHERE "sucursales"."sucursalid" = 4 LIMIT 21; args=(4,); alias=default
(0.109) SELECT "proveedores"."proveedorid", "proveedores"."nombre", "proveedores"."empresa", "proveedores"."telefono", "proveedores"."email", "proveedores"."direccion" FROM "proveedores" WHERE "proveedores"."proveedorid" = 4 LIMIT 21; args=(4,); alias=default
(0.094) SELECT "sucursales"."sucursalid", "sucursales"."nombre", "sucursales"."direccion", "sucursales"."telefono" FROM "sucursales" WHERE "sucursales"."sucursalid" = 3 LIMIT 21; args=(3,); alias=default
(0.094) SELECT "proveedores"."proveedorid", "proveedores"."nombre", "proveedores"."empresa", "proveedores"."telefono", "proveedores"."email", "proveedores"."direccion" FROM "proveedores" WHERE "proveedores"."proveedorid" = 17 LIMIT 21; args=(17,); alias=default
(0.109) SELECT "sucursales"."sucursalid", "sucursales"."nombre", "sucursales"."direccion", "sucursales"."telefono" FROM "sucursales" WHERE "sucursales"."sucursalid" = 14 LIMIT 21; args=(14,); alias=default
(0.094) SELECT "proveedores"."proveedorid", "proveedores"."nombre", "proveedores"."empresa", "proveedores"."telefono", "proveedores"."email", "proveedores"."direccion" FROM "proveedores" WHERE "proveedores"."proveedorid" = 4 LIMIT 21; args=(4,); alias=default
(0.094) SELECT "sucursales"."sucursalid", "sucursales"."nombre", "sucursales"."direccion", "sucursales"."telefono" FROM "sucursales" WHERE "sucursales"."sucursalid" = 6 LIMIT 21; args=(6,); alias=default
(0.000) BEGIN; args=None; alias=default
(0.188) UPDATE "django_session" SET "session_data" = '.eJxVjDsOwjAQBe_iGlnxbxNT0nMGy7te4wCypTipEHeHSCmgfTPzXiLEbS1h67yEOYmzUOL0u2GkB9cdpHustyap1XWZUe6KPGiX15b4eTncv4MSe_nW7PRICoybgLwCNSEMDDGTAZ_J-iFB9tkConIw-kTIxKQoO521ASveH9mSOBk:1unRDj:maJbsZ0jO3wRsHIpwe8vkumJmMVOo6W292bmEmKEoLc', "expire_date" = '2025-08-30T19:25:59.500386'::timestamp WHERE "django_session"."session_key" = 't6gw7w625pxs728e22ixxp52h41qhq35'; args=('.eJxVjDsOwjAQBe_iGlnxbxNT0nMGy7te4wCypTipEHeHSCmgfTPzXiLEbS1h67yEOYmzUOL0u2GkB9cdpHustyap1XWZUe6KPGiX15b4eTncv4MSe_nW7PRICoybgLwCNSEMDDGTAZ_J-iFB9tkConIw-kTIxKQoO521ASveH9mSOBk:1unRDj:maJbsZ0jO3wRsHIpwe8vkumJmMVOo6W292bmEmKEoLc', datetime.datetime(2025, 8, 30, 19, 25, 59, 500386), 't6gw7w625pxs728e22ixxp52h41qhq35'); alias=default
(0.093) COMMIT; args=None; alias=default
"GET /visualizar_pedidos/ HTTP/1.1" 200 13068
(0.093) SELECT "django_session"."session_key", "django_session"."session_data", "django_session"."expire_date" FROM "django_session" WHERE ("django_session"."expire_date" > '2025-08-16T19:33:47.399176'::timestamp AND "django_session"."session_key" = 't6gw7w625pxs728e22ixxp52h41qhq35') LIMIT 21; args=(datetime.datetime(2025, 8, 16, 19, 33, 47, 399176), 't6gw7w625pxs728e22ixxp52h41qhq35'); alias=default
(0.094) SELECT "usuarios"."is_superuser", "usuarios"."usuarioid", "usuarios"."nombreusuario", "usuarios"."contraseña", "usuarios"."rolid", "usuarios"."last_login", "usuarios"."is_active", "usuarios"."is_staff" FROM "usuarios" WHERE "usuarios"."usuarioid" = 1 LIMIT 21; args=(1,); alias=default
(0.078) SELECT "pedidosproveedor"."pedidoid", "pedidosproveedor"."proveedorid", "pedidosproveedor"."sucursalid", "pedidosproveedor"."fechapedido", "pedidosproveedor"."fechaestimadaentrega", "pedidosproveedor"."costototal", "pedidosproveedor"."estado", "pedidosproveedor"."comentario", "pedidosproveedor"."fecha_recibido", "pedidosproveedor"."monto_pagado", "pedidosproveedor"."caja_pagoid" FROM "pedidosproveedor" WHERE "pedidosproveedor"."pedidoid" = 13 LIMIT 21; args=(13,); alias=default
(0.000) BEGIN; args=None; alias=default
(0.172) DELETE FROM "detallespedidosproveedor" WHERE "detallespedidosproveedor"."pedidoid" IN (13); args=(13,); alias=default
(0.110) DELETE FROM "pedidosproveedor" WHERE "pedidosproveedor"."pedidoid" IN (13); args=(13,); alias=default
(0.078) COMMIT; args=None; alias=default
(0.000) BEGIN; args=None; alias=default
(0.172) UPDATE "django_session" SET "session_data" = '.eJxVjDsOwjAQBe_iGlnxbxNT0nMGy7te4wCypTipEHeHSCmgfTPzXiLEbS1h67yEOYmzUOL0u2GkB9cdpHustyap1XWZUe6KPGiX15b4eTncv4MSe_nW7PRICoybgLwCNSEMDDGTAZ_J-iFB9tkConIw-kTIxKQoO521ASveH9mSOBk:1unRLI:b6w4X4Df5mykBGIxS4UDAhEQLVpkutd0QoD9XOj7NzQ', "expire_date" = '2025-08-30T19:33:48.822384'::timestamp WHERE "django_session"."session_key" = 't6gw7w625pxs728e22ixxp52h41qhq35'; args=('.eJxVjDsOwjAQBe_iGlnxbxNT0nMGy7te4wCypTipEHeHSCmgfTPzXiLEbS1h67yEOYmzUOL0u2GkB9cdpHustyap1XWZUe6KPGiX15b4eTncv4MSe_nW7PRICoybgLwCNSEMDDGTAZ_J-iFB9tkConIw-kTIxKQoO521ASveH9mSOBk:1unRLI:b6w4X4Df5mykBGIxS4UDAhEQLVpkutd0QoD9XOj7NzQ', datetime.datetime(2025, 8, 30, 19, 33, 48, 822384), 't6gw7w625pxs728e22ixxp52h41qhq35'); alias=default
(0.093) COMMIT; args=None; alias=default
"POST /eliminar_pedido/13/ HTTP/1.1" 200 17
(0.110) SELECT "django_session"."session_key", "django_session"."session_data", "django_session"."expire_date" FROM "django_session" WHERE ("django_session"."expire_date" > '2025-08-16T19:33:57.654351'::timestamp AND "django_session"."session_key" = 't6gw7w625pxs728e22ixxp52h41qhq35') LIMIT 21; args=(datetime.datetime(2025, 8, 16, 19, 33, 57, 654351), 't6gw7w625pxs728e22ixxp52h41qhq35'); alias=default
(0.109) SELECT "usuarios"."is_superuser", "usuarios"."usuarioid", "usuarios"."nombreusuario", "usuarios"."contraseña", "usuarios"."rolid", "usuarios"."last_login", "usuarios"."is_active", "usuarios"."is_staff" FROM "usuarios" WHERE "usuarios"."usuarioid" = 1 LIMIT 21; args=(1,); alias=default
(0.125) SELECT "pedidosproveedor"."pedidoid", "pedidosproveedor"."proveedorid", "pedidosproveedor"."sucursalid", "pedidosproveedor"."fechapedido", "pedidosproveedor"."fechaestimadaentrega", "pedidosproveedor"."costototal", "pedidosproveedor"."estado", "pedidosproveedor"."comentario", "pedidosproveedor"."fecha_recibido", "pedidosproveedor"."monto_pagado", "pedidosproveedor"."caja_pagoid" FROM "pedidosproveedor" WHERE "pedidosproveedor"."pedidoid" = 18 LIMIT 21; args=(18,); alias=default
(0.110) SELECT "detallespedidosproveedor"."detallepedidoid", "detallespedidosproveedor"."pedidoid", "detallespedidosproveedor"."productoid", "detallespedidosproveedor"."cantidad", "detallespedidosproveedor"."preciounitario", ("detallespedidosproveedor"."cantidad" * "detallespedidosproveedor"."preciounitario") AS "subtotal", "productos"."productoid", "productos"."nombre", "productos"."descripcion", "productos"."precio", "productos"."categoria_id", "productos"."codigo_de_barras", "productos"."iva" FROM "detallespedidosproveedor" INNER JOIN "productos" ON ("detallespedidosproveedor"."productoid" = "productos"."productoid") WHERE "detallespedidosproveedor"."pedidoid" = 18 ORDER BY "productos"."nombre" ASC; args=(18,); alias=default
(0.109) SELECT "proveedores"."proveedorid", "proveedores"."nombre", "proveedores"."empresa", "proveedores"."telefono", "proveedores"."email", "proveedores"."direccion" FROM "proveedores" WHERE "proveedores"."proveedorid" = 4 LIMIT 21; args=(4,); alias=default
(0.094) SELECT "sucursales"."sucursalid", "sucursales"."nombre", "sucursales"."direccion", "sucursales"."telefono" FROM "sucursales" WHERE "sucursales"."sucursalid" = 3 LIMIT 21; args=(3,); alias=default
(0.000) BEGIN; args=None; alias=default
(0.203) UPDATE "django_session" SET "session_data" = '.eJxVjDsOwjAQBe_iGlnxbxNT0nMGy7te4wCypTipEHeHSCmgfTPzXiLEbS1h67yEOYmzUOL0u2GkB9cdpHustyap1XWZUe6KPGiX15b4eTncv4MSe_nW7PRICoybgLwCNSEMDDGTAZ_J-iFB9tkConIw-kTIxKQoO521ASveH9mSOBk:1unRLT:tLyS1T9c6iFW16sf6ItiS-1RJdXS_hdBZ65KIlx7Rgw', "expire_date" = '2025-08-30T19:33:59.171464'::timestamp WHERE "django_session"."session_key" = 't6gw7w625pxs728e22ixxp52h41qhq35'; args=('.eJxVjDsOwjAQBe_iGlnxbxNT0nMGy7te4wCypTipEHeHSCmgfTPzXiLEbS1h67yEOYmzUOL0u2GkB9cdpHustyap1XWZUe6KPGiX15b4eTncv4MSe_nW7PRICoybgLwCNSEMDDGTAZ_J-iFB9tkConIw-kTIxKQoO521ASveH9mSOBk:1unRLT:tLyS1T9c6iFW16sf6ItiS-1RJdXS_hdBZ65KIlx7Rgw', datetime.datetime(2025, 8, 30, 19, 33, 59, 171464), 't6gw7w625pxs728e22ixxp52h41qhq35'); alias=default
(0.110) COMMIT; args=None; alias=default
"GET /editar_pedido/18/ HTTP/1.1" 200 14108
"GET /static/css/agregar_pedido.css HTTP/1.1" 200 12882
"GET /static/javascript/editar_pedido.js HTTP/1.1" 200 16045
(0.125) SELECT "django_session"."session_key", "django_session"."session_data", "django_session"."expire_date" FROM "django_session" WHERE ("django_session"."expire_date" > '2025-08-16T19:34:06.562714'::timestamp AND "django_session"."session_key" = 't6gw7w625pxs728e22ixxp52h41qhq35') LIMIT 21; args=(datetime.datetime(2025, 8, 16, 19, 34, 6, 562714), 't6gw7w625pxs728e22ixxp52h41qhq35'); alias=default
(0.109) SELECT "usuarios"."is_superuser", "usuarios"."usuarioid", "usuarios"."nombreusuario", "usuarios"."contraseña", "usuarios"."rolid", "usuarios"."last_login", "usuarios"."is_active", "usuarios"."is_staff" FROM "usuarios" WHERE "usuarios"."usuarioid" = 1 LIMIT 21; args=(1,); alias=default
(0.000) BEGIN; args=None; alias=default
(0.219) SELECT "pedidosproveedor"."pedidoid", "pedidosproveedor"."proveedorid", "pedidosproveedor"."sucursalid", "pedidosproveedor"."fechapedido", "pedidosproveedor"."fechaestimadaentrega", "pedidosproveedor"."costototal", "pedidosproveedor"."estado", "pedidosproveedor"."comentario", "pedidosproveedor"."fecha_recibido", "pedidosproveedor"."monto_pagado", "pedidosproveedor"."caja_pagoid" FROM "pedidosproveedor" WHERE "pedidosproveedor"."pedidoid" = 18 LIMIT 21; args=(18,); alias=default
File C:\Users\willi\AppData\Local\Programs\Python\Python312\Lib\_strptime.py first seen with mtime 1727773420.0
(0.109) UPDATE "pedidosproveedor" SET "proveedorid" = 4, "sucursalid" = 3, "fechapedido" = '2025-08-10'::date, "fechaestimadaentrega" = '2025-08-12'::date, "costototal" = 80000, "estado" = 'Devuelto', "comentario" = '', "fecha_recibido" = NULL, "monto_pagado" = NULL, "caja_pagoid" = NULL WHERE "pedidosproveedor"."pedidoid" = 18; args=(4, 3, datetime.date(2025, 8, 10), datetime.date(2025, 8, 12), Decimal('80000'), 'Devuelto', '', 18); alias=default
(0.109) DELETE FROM "detallespedidosproveedor" WHERE "detallespedidosproveedor"."pedidoid" = 18; args=(18,); alias=default
(0.109) INSERT INTO "detallespedidosproveedor" ("pedidoid", "productoid", "cantidad", "preciounitario") VALUES (18, 8, 100, 300), (18, 6, 10, 5000) RETURNING "detallespedidosproveedor"."detallepedidoid"; args=(18, 8, 100, Decimal('300'), 18, 6, 10, Decimal('5000')); alias=default
(0.110) COMMIT; args=None; alias=default
(0.000) BEGIN; args=None; alias=default
(0.219) UPDATE "django_session" SET "session_data" = '.eJxVjDsOwjAQBe_iGlnxbxNT0nMGy7te4wCypTipEHeHSCmgfTPzXiLEbS1h67yEOYmzUOL0u2GkB9cdpHustyap1XWZUe6KPGiX15b4eTncv4MSe_nW7PRICoybgLwCNSEMDDGTAZ_J-iFB9tkConIw-kTIxKQoO521ASveH9mSOBk:1unRLc:FyQpSyRwSJfkOYt33chk5yEDypvbYKgDVVYqAAR7f5g', "expire_date" = '2025-08-30T19:34:08.395934'::timestamp WHERE "django_session"."session_key" = 't6gw7w625pxs728e22ixxp52h41qhq35'; args=('.eJxVjDsOwjAQBe_iGlnxbxNT0nMGy7te4wCypTipEHeHSCmgfTPzXiLEbS1h67yEOYmzUOL0u2GkB9cdpHustyap1XWZUe6KPGiX15b4eTncv4MSe_nW7PRICoybgLwCNSEMDDGTAZ_J-iFB9tkConIw-kTIxKQoO521ASveH9mSOBk:1unRLc:FyQpSyRwSJfkOYt33chk5yEDypvbYKgDVVYqAAR7f5g', datetime.datetime(2025, 8, 30, 19, 34, 8, 395934), 't6gw7w625pxs728e22ixxp52h41qhq35'); alias=default
(0.109) COMMIT; args=None; alias=default
"POST /editar_pedido/18/ HTTP/1.1" 200 108
(0.110) SELECT "django_session"."session_key", "django_session"."session_data", "django_session"."expire_date" FROM "django_session" WHERE ("django_session"."expire_date" > '2025-08-16T19:34:08.740097'::timestamp AND "django_session"."session_key" = 't6gw7w625pxs728e22ixxp52h41qhq35') LIMIT 21; args=(datetime.datetime(2025, 8, 16, 19, 34, 8, 740097), 't6gw7w625pxs728e22ixxp52h41qhq35'); alias=default
(0.109) SELECT "usuarios"."is_superuser", "usuarios"."usuarioid", "usuarios"."nombreusuario", "usuarios"."contraseña", "usuarios"."rolid", "usuarios"."last_login", "usuarios"."is_active", "usuarios"."is_staff" FROM "usuarios" WHERE "usuarios"."usuarioid" = 1 LIMIT 21; args=(1,); alias=default
(0.110) SELECT COUNT(*) AS "__count" FROM "pedidosproveedor"; args=(); alias=default
(0.125) SELECT "pedidosproveedor"."pedidoid", "pedidosproveedor"."proveedorid", "pedidosproveedor"."sucursalid", "pedidosproveedor"."fechapedido", "pedidosproveedor"."fechaestimadaentrega", "pedidosproveedor"."costototal", "pedidosproveedor"."estado", "pedidosproveedor"."comentario", "pedidosproveedor"."fecha_recibido", "pedidosproveedor"."monto_pagado", "pedidosproveedor"."caja_pagoid" FROM "pedidosproveedor" ORDER BY "pedidosproveedor"."fechapedido" DESC LIMIT 4; args=(); alias=default
(0.109) SELECT "proveedores"."proveedorid", "proveedores"."nombre", "proveedores"."empresa", "proveedores"."telefono", "proveedores"."email", "proveedores"."direccion" FROM "proveedores" WHERE "proveedores"."proveedorid" = 17 LIMIT 21; args=(17,); alias=default
(0.125) SELECT "sucursales"."sucursalid", "sucursales"."nombre", "sucursales"."direccion", "sucursales"."telefono" FROM "sucursales" WHERE "sucursales"."sucursalid" = 4 LIMIT 21; args=(4,); alias=default
(0.109) SELECT "proveedores"."proveedorid", "proveedores"."nombre", "proveedores"."empresa", "proveedores"."telefono", "proveedores"."email", "proveedores"."direccion" FROM "proveedores" WHERE "proveedores"."proveedorid" = 17 LIMIT 21; args=(17,); alias=default
(0.110) SELECT "sucursales"."sucursalid", "sucursales"."nombre", "sucursales"."direccion", "sucursales"."telefono" FROM "sucursales" WHERE "sucursales"."sucursalid" = 4 LIMIT 21; args=(4,); alias=default
(0.109) SELECT "proveedores"."proveedorid", "proveedores"."nombre", "proveedores"."empresa", "proveedores"."telefono", "proveedores"."email", "proveedores"."direccion" FROM "proveedores" WHERE "proveedores"."proveedorid" = 4 LIMIT 21; args=(4,); alias=default
(0.109) SELECT "sucursales"."sucursalid", "sucursales"."nombre", "sucursales"."direccion", "sucursales"."telefono" FROM "sucursales" WHERE "sucursales"."sucursalid" = 3 LIMIT 21; args=(3,); alias=default
(0.125) SELECT "proveedores"."proveedorid", "proveedores"."nombre", "proveedores"."empresa", "proveedores"."telefono", "proveedores"."email", "proveedores"."direccion" FROM "proveedores" WHERE "proveedores"."proveedorid" = 17 LIMIT 21; args=(17,); alias=default
(0.110) SELECT "sucursales"."sucursalid", "sucursales"."nombre", "sucursales"."direccion", "sucursales"."telefono" FROM "sucursales" WHERE "sucursales"."sucursalid" = 14 LIMIT 21; args=(14,); alias=default
(0.000) BEGIN; args=None; alias=default
(0.234) UPDATE "django_session" SET "session_data" = '.eJxVjDsOwjAQBe_iGlnxbxNT0nMGy7te4wCypTipEHeHSCmgfTPzXiLEbS1h67yEOYmzUOL0u2GkB9cdpHustyap1XWZUe6KPGiX15b4eTncv4MSe_nW7PRICoybgLwCNSEMDDGTAZ_J-iFB9tkConIw-kTIxKQoO521ASveH9mSOBk:1unRLe:SVtQ551gaJejfaBn4AN6eY8inz0nzOg6x4MjLdBUH4E', "expire_date" = '2025-08-30T19:34:10.905622'::timestamp WHERE "django_session"."session_key" = 't6gw7w625pxs728e22ixxp52h41qhq35'; args=('.eJxVjDsOwjAQBe_iGlnxbxNT0nMGy7te4wCypTipEHeHSCmgfTPzXiLEbS1h67yEOYmzUOL0u2GkB9cdpHustyap1XWZUe6KPGiX15b4eTncv4MSe_nW7PRICoybgLwCNSEMDDGTAZ_J-iFB9tkConIw-kTIxKQoO521ASveH9mSOBk:1unRLe:SVtQ551gaJejfaBn4AN6eY8inz0nzOg6x4MjLdBUH4E', datetime.datetime(2025, 8, 30, 19, 34, 10, 905622), 't6gw7w625pxs728e22ixxp52h41qhq35'); alias=default
(0.110) COMMIT; args=None; alias=default
"GET /visualizar_pedidos/?updated=1 HTTP/1.1" 200 12061
(0.094) SELECT "django_session"."session_key", "django_session"."session_data", "django_session"."expire_date" FROM "django_session" WHERE ("django_session"."expire_date" > '2025-08-16T19:35:06.963160'::timestamp AND "django_session"."session_key" = 't6gw7w625pxs728e22ixxp52h41qhq35') LIMIT 21; args=(datetime.datetime(2025, 8, 16, 19, 35, 6, 963160), 't6gw7w625pxs728e22ixxp52h41qhq35'); alias=default
(0.094) SELECT "usuarios"."is_superuser", "usuarios"."usuarioid", "usuarios"."nombreusuario", "usuarios"."contraseña", "usuarios"."rolid", "usuarios"."last_login", "usuarios"."is_active", "usuarios"."is_staff" FROM "usuarios" WHERE "usuarios"."usuarioid" = 1 LIMIT 21; args=(1,); alias=default
(0.094) SELECT "pedidosproveedor"."pedidoid", "pedidosproveedor"."proveedorid", "pedidosproveedor"."sucursalid", "pedidosproveedor"."fechapedido", "pedidosproveedor"."fechaestimadaentrega", "pedidosproveedor"."costototal", "pedidosproveedor"."estado", "pedidosproveedor"."comentario", "pedidosproveedor"."fecha_recibido", "pedidosproveedor"."monto_pagado", "pedidosproveedor"."caja_pagoid" FROM "pedidosproveedor" WHERE "pedidosproveedor"."pedidoid" = 18 LIMIT 21; args=(18,); alias=default
(0.093) SELECT "detallespedidosproveedor"."detallepedidoid", "detallespedidosproveedor"."pedidoid", "detallespedidosproveedor"."productoid", "detallespedidosproveedor"."cantidad", "detallespedidosproveedor"."preciounitario", ("detallespedidosproveedor"."cantidad" * "detallespedidosproveedor"."preciounitario") AS "subtotal", "productos"."productoid", "productos"."nombre", "productos"."descripcion", "productos"."precio", "productos"."categoria_id", "productos"."codigo_de_barras", "productos"."iva" FROM "detallespedidosproveedor" INNER JOIN "productos" ON ("detallespedidosproveedor"."productoid" = "productos"."productoid") WHERE "detallespedidosproveedor"."pedidoid" = 18 ORDER BY "productos"."nombre" ASC; args=(18,); alias=default
(0.094) SELECT "proveedores"."proveedorid", "proveedores"."nombre", "proveedores"."empresa", "proveedores"."telefono", "proveedores"."email", "proveedores"."direccion" FROM "proveedores" WHERE "proveedores"."proveedorid" = 4 LIMIT 21; args=(4,); alias=default
(0.110) SELECT "sucursales"."sucursalid", "sucursales"."nombre", "sucursales"."direccion", "sucursales"."telefono" FROM "sucursales" WHERE "sucursales"."sucursalid" = 3 LIMIT 21; args=(3,); alias=default
(0.000) BEGIN; args=None; alias=default
(0.187) UPDATE "django_session" SET "session_data" = '.eJxVjDsOwjAQBe_iGlnxbxNT0nMGy7te4wCypTipEHeHSCmgfTPzXiLEbS1h67yEOYmzUOL0u2GkB9cdpHustyap1XWZUe6KPGiX15b4eTncv4MSe_nW7PRICoybgLwCNSEMDDGTAZ_J-iFB9tkConIw-kTIxKQoO521ASveH9mSOBk:1unRMa:AM8_XzUwamDhCgRmfbA0LR2U5htnnI814LrWPH5doFU', "expire_date" = '2025-08-30T19:35:08.238152'::timestamp WHERE "django_session"."session_key" = 't6gw7w625pxs728e22ixxp52h41qhq35'; args=('.eJxVjDsOwjAQBe_iGlnxbxNT0nMGy7te4wCypTipEHeHSCmgfTPzXiLEbS1h67yEOYmzUOL0u2GkB9cdpHustyap1XWZUe6KPGiX15b4eTncv4MSe_nW7PRICoybgLwCNSEMDDGTAZ_J-iFB9tkConIw-kTIxKQoO521ASveH9mSOBk:1unRMa:AM8_XzUwamDhCgRmfbA0LR2U5htnnI814LrWPH5doFU', datetime.datetime(2025, 8, 30, 19, 35, 8, 238152), 't6gw7w625pxs728e22ixxp52h41qhq35'); alias=default
(0.094) COMMIT; args=None; alias=default
"GET /editar_pedido/18/ HTTP/1.1" 200 14108
(0.078) SELECT "django_session"."session_key", "django_session"."session_data", "django_session"."expire_date" FROM "django_session" WHERE ("django_session"."expire_date" > '2025-08-16T19:35:40.221303'::timestamp AND "django_session"."session_key" = 't6gw7w625pxs728e22ixxp52h41qhq35') LIMIT 21; args=(datetime.datetime(2025, 8, 16, 19, 35, 40, 221303), 't6gw7w625pxs728e22ixxp52h41qhq35'); alias=default
(0.094) SELECT "usuarios"."is_superuser", "usuarios"."usuarioid", "usuarios"."nombreusuario", "usuarios"."contraseña", "usuarios"."rolid", "usuarios"."last_login", "usuarios"."is_active", "usuarios"."is_staff" FROM "usuarios" WHERE "usuarios"."usuarioid" = 1 LIMIT 21; args=(1,); alias=default
(0.000) BEGIN; args=None; alias=default
(0.156) SELECT "pedidosproveedor"."pedidoid", "pedidosproveedor"."proveedorid", "pedidosproveedor"."sucursalid", "pedidosproveedor"."fechapedido", "pedidosproveedor"."fechaestimadaentrega", "pedidosproveedor"."costototal", "pedidosproveedor"."estado", "pedidosproveedor"."comentario", "pedidosproveedor"."fecha_recibido", "pedidosproveedor"."monto_pagado", "pedidosproveedor"."caja_pagoid" FROM "pedidosproveedor" WHERE "pedidosproveedor"."pedidoid" = 18 LIMIT 21; args=(18,); alias=default
(0.094) UPDATE "pedidosproveedor" SET "proveedorid" = 4, "sucursalid" = 3, "fechapedido" = '2025-08-10'::date, "fechaestimadaentrega" = '2025-08-12'::date, "costototal" = 80000, "estado" = 'Devuelto', "comentario" = '', "fecha_recibido" = NULL, "monto_pagado" = NULL, "caja_pagoid" = NULL WHERE "pedidosproveedor"."pedidoid" = 18; args=(4, 3, datetime.date(2025, 8, 10), datetime.date(2025, 8, 12), Decimal('80000'), 'Devuelto', '', 18); alias=default
(0.078) DELETE FROM "detallespedidosproveedor" WHERE "detallespedidosproveedor"."pedidoid" = 18; args=(18,); alias=default
(0.094) INSERT INTO "detallespedidosproveedor" ("pedidoid", "productoid", "cantidad", "preciounitario") VALUES (18, 8, 100, 300), (18, 6, 10, 5000) RETURNING "detallespedidosproveedor"."detallepedidoid"; args=(18, 8, 100, Decimal('300'), 18, 6, 10, Decimal('5000')); alias=default
(0.078) COMMIT; args=None; alias=default
(0.000) BEGIN; args=None; alias=default
(0.156) UPDATE "django_session" SET "session_data" = '.eJxVjDsOwjAQBe_iGlnxbxNT0nMGy7te4wCypTipEHeHSCmgfTPzXiLEbS1h67yEOYmzUOL0u2GkB9cdpHustyap1XWZUe6KPGiX15b4eTncv4MSe_nW7PRICoybgLwCNSEMDDGTAZ_J-iFB9tkConIw-kTIxKQoO521ASveH9mSOBk:1unRN7:3w6yacCkFlgxP5UR-HXeVKFaKwGGE3zgmrJ7fehWqhc', "expire_date" = '2025-08-30T19:35:41.648793'::timestamp WHERE "django_session"."session_key" = 't6gw7w625pxs728e22ixxp52h41qhq35'; args=('.eJxVjDsOwjAQBe_iGlnxbxNT0nMGy7te4wCypTipEHeHSCmgfTPzXiLEbS1h67yEOYmzUOL0u2GkB9cdpHustyap1XWZUe6KPGiX15b4eTncv4MSe_nW7PRICoybgLwCNSEMDDGTAZ_J-iFB9tkConIw-kTIxKQoO521ASveH9mSOBk:1unRN7:3w6yacCkFlgxP5UR-HXeVKFaKwGGE3zgmrJ7fehWqhc', datetime.datetime(2025, 8, 30, 19, 35, 41, 648793), 't6gw7w625pxs728e22ixxp52h41qhq35'); alias=default
(0.094) COMMIT; args=None; alias=default
"POST /editar_pedido/18/ HTTP/1.1" 200 108
(0.094) SELECT "django_session"."session_key", "django_session"."session_data", "django_session"."expire_date" FROM "django_session" WHERE ("django_session"."expire_date" > '2025-08-16T19:35:41.909907'::timestamp AND "django_session"."session_key" = 't6gw7w625pxs728e22ixxp52h41qhq35') LIMIT 21; args=(datetime.datetime(2025, 8, 16, 19, 35, 41, 909907), 't6gw7w625pxs728e22ixxp52h41qhq35'); alias=default
(0.093) SELECT "usuarios"."is_superuser", "usuarios"."usuarioid", "usuarios"."nombreusuario", "usuarios"."contraseña", "usuarios"."rolid", "usuarios"."last_login", "usuarios"."is_active", "usuarios"."is_staff" FROM "usuarios" WHERE "usuarios"."usuarioid" = 1 LIMIT 21; args=(1,); alias=default
(0.094) SELECT COUNT(*) AS "__count" FROM "pedidosproveedor"; args=(); alias=default
(0.110) SELECT "pedidosproveedor"."pedidoid", "pedidosproveedor"."proveedorid", "pedidosproveedor"."sucursalid", "pedidosproveedor"."fechapedido", "pedidosproveedor"."fechaestimadaentrega", "pedidosproveedor"."costototal", "pedidosproveedor"."estado", "pedidosproveedor"."comentario", "pedidosproveedor"."fecha_recibido", "pedidosproveedor"."monto_pagado", "pedidosproveedor"."caja_pagoid" FROM "pedidosproveedor" ORDER BY "pedidosproveedor"."fechapedido" DESC LIMIT 4; args=(); alias=default
(0.093) SELECT "proveedores"."proveedorid", "proveedores"."nombre", "proveedores"."empresa", "proveedores"."telefono", "proveedores"."email", "proveedores"."direccion" FROM "proveedores" WHERE "proveedores"."proveedorid" = 17 LIMIT 21; args=(17,); alias=default
(0.094) SELECT "sucursales"."sucursalid", "sucursales"."nombre", "sucursales"."direccion", "sucursales"."telefono" FROM "sucursales" WHERE "sucursales"."sucursalid" = 4 LIMIT 21; args=(4,); alias=default
(0.109) SELECT "proveedores"."proveedorid", "proveedores"."nombre", "proveedores"."empresa", "proveedores"."telefono", "proveedores"."email", "proveedores"."direccion" FROM "proveedores" WHERE "proveedores"."proveedorid" = 17 LIMIT 21; args=(17,); alias=default
(0.094) SELECT "sucursales"."sucursalid", "sucursales"."nombre", "sucursales"."direccion", "sucursales"."telefono" FROM "sucursales" WHERE "sucursales"."sucursalid" = 4 LIMIT 21; args=(4,); alias=default
(0.110) SELECT "proveedores"."proveedorid", "proveedores"."nombre", "proveedores"."empresa", "proveedores"."telefono", "proveedores"."email", "proveedores"."direccion" FROM "proveedores" WHERE "proveedores"."proveedorid" = 4 LIMIT 21; args=(4,); alias=default
(0.093) SELECT "sucursales"."sucursalid", "sucursales"."nombre", "sucursales"."direccion", "sucursales"."telefono" FROM "sucursales" WHERE "sucursales"."sucursalid" = 3 LIMIT 21; args=(3,); alias=default
(0.094) SELECT "proveedores"."proveedorid", "proveedores"."nombre", "proveedores"."empresa", "proveedores"."telefono", "proveedores"."email", "proveedores"."direccion" FROM "proveedores" WHERE "proveedores"."proveedorid" = 17 LIMIT 21; args=(17,); alias=default
(0.094) SELECT "sucursales"."sucursalid", "sucursales"."nombre", "sucursales"."direccion", "sucursales"."telefono" FROM "sucursales" WHERE "sucursales"."sucursalid" = 14 LIMIT 21; args=(14,); alias=default
(0.000) BEGIN; args=None; alias=default
(0.219) UPDATE "django_session" SET "session_data" = '.eJxVjDsOwjAQBe_iGlnxbxNT0nMGy7te4wCypTipEHeHSCmgfTPzXiLEbS1h67yEOYmzUOL0u2GkB9cdpHustyap1XWZUe6KPGiX15b4eTncv4MSe_nW7PRICoybgLwCNSEMDDGTAZ_J-iFB9tkConIw-kTIxKQoO521ASveH9mSOBk:1unRN9:JbTPzWBURYJF96NQAb1jgYXHNmsYL7QSg46gWB59gVw', "expire_date" = '2025-08-30T19:35:43.781497'::timestamp WHERE "django_session"."session_key" = 't6gw7w625pxs728e22ixxp52h41qhq35'; args=('.eJxVjDsOwjAQBe_iGlnxbxNT0nMGy7te4wCypTipEHeHSCmgfTPzXiLEbS1h67yEOYmzUOL0u2GkB9cdpHustyap1XWZUe6KPGiX15b4eTncv4MSe_nW7PRICoybgLwCNSEMDDGTAZ_J-iFB9tkConIw-kTIxKQoO521ASveH9mSOBk:1unRN9:JbTPzWBURYJF96NQAb1jgYXHNmsYL7QSg46gWB59gVw', datetime.datetime(2025, 8, 30, 19, 35, 43, 781497), 't6gw7w625pxs728e22ixxp52h41qhq35'); alias=default
(0.093) COMMIT; args=None; alias=default
"GET /visualizar_pedidos/?updated=1 HTTP/1.1" 200 12061
(0.093) SELECT "django_session"."session_key", "django_session"."session_data", "django_session"."expire_date" FROM "django_session" WHERE ("django_session"."expire_date" > '2025-08-16T19:35:51.635001'::timestamp AND "django_session"."session_key" = 't6gw7w625pxs728e22ixxp52h41qhq35') LIMIT 21; args=(datetime.datetime(2025, 8, 16, 19, 35, 51, 635001), 't6gw7w625pxs728e22ixxp52h41qhq35'); alias=default
(0.110) SELECT "usuarios"."is_superuser", "usuarios"."usuarioid", "usuarios"."nombreusuario", "usuarios"."contraseña", "usuarios"."rolid", "usuarios"."last_login", "usuarios"."is_active", "usuarios"."is_staff" FROM "usuarios" WHERE "usuarios"."usuarioid" = 1 LIMIT 21; args=(1,); alias=default
(0.000) BEGIN; args=None; alias=default
(0.187) UPDATE "django_session" SET "session_data" = '.eJxVjDsOwjAQBe_iGlnxbxNT0nMGy7te4wCypTipEHeHSCmgfTPzXiLEbS1h67yEOYmzUOL0u2GkB9cdpHustyap1XWZUe6KPGiX15b4eTncv4MSe_nW7PRICoybgLwCNSEMDDGTAZ_J-iFB9tkConIw-kTIxKQoO521ASveH9mSOBk:1unRNI:xqVIIqC3HSa5WYZTaAU7l66Zov20mxwgd3kWFfMxO0k', "expire_date" = '2025-08-30T19:35:52.565253'::timestamp WHERE "django_session"."session_key" = 't6gw7w625pxs728e22ixxp52h41qhq35'; args=('.eJxVjDsOwjAQBe_iGlnxbxNT0nMGy7te4wCypTipEHeHSCmgfTPzXiLEbS1h67yEOYmzUOL0u2GkB9cdpHustyap1XWZUe6KPGiX15b4eTncv4MSe_nW7PRICoybgLwCNSEMDDGTAZ_J-iFB9tkConIw-kTIxKQoO521ASveH9mSOBk:1unRNI:xqVIIqC3HSa5WYZTaAU7l66Zov20mxwgd3kWFfMxO0k', datetime.datetime(2025, 8, 30, 19, 35, 52, 565253), 't6gw7w625pxs728e22ixxp52h41qhq35'); alias=default
(0.094) COMMIT; args=None; alias=default
"GET /generar_venta/ HTTP/1.1" 200 11196
"GET /static/css/generar_venta.css HTTP/1.1" 304 0
"GET /static/css/modal_venta.css HTTP/1.1" 200 2107
"GET /static/javascript/generar_venta.js HTTP/1.1" 200 22383
(0.110) SELECT "django_session"."session_key", "django_session"."session_data", "django_session"."expire_date" FROM "django_session" WHERE ("django_session"."expire_date" > '2025-08-16T19:35:57.382242'::timestamp AND "django_session"."session_key" = 't6gw7w625pxs728e22ixxp52h41qhq35') LIMIT 21; args=(datetime.datetime(2025, 8, 16, 19, 35, 57, 382242), 't6gw7w625pxs728e22ixxp52h41qhq35'); alias=default
(0.109) SELECT "usuarios"."is_superuser", "usuarios"."usuarioid", "usuarios"."nombreusuario", "usuarios"."contraseña", "usuarios"."rolid", "usuarios"."last_login", "usuarios"."is_active", "usuarios"."is_staff" FROM "usuarios" WHERE "usuarios"."usuarioid" = 1 LIMIT 21; args=(1,); alias=default
(0.094) SELECT COUNT(*) AS "__count" FROM "ventas"; args=(); alias=default
(0.110) SELECT "ventas"."ventaid", "ventas"."fecha", "ventas"."hora", "ventas"."clienteid", "ventas"."empleadoid", "ventas"."sucursalid", "ventas"."puntopagoid", "ventas"."total", "ventas"."mediopago" FROM "ventas" ORDER BY "ventas"."fecha" DESC, "ventas"."hora" DESC LIMIT 16; args=(); alias=default
(0.094) SELECT "clientes"."clienteid", "clientes"."nombre", "clientes"."apellido", "clientes"."telefono", "clientes"."email", "clientes"."numerodocumento" FROM "clientes" WHERE "clientes"."clienteid" = 3 LIMIT 21; args=(3,); alias=default
(0.109) SELECT "empleados"."empleadoid", "empleados"."nombre", "empleados"."apellido", "empleados"."telefono", "empleados"."email", "empleados"."direccion", "empleados"."puesto", "empleados"."numerodocumento", "empleados"."usuarioid", "empleados"."sucursalid" FROM "empleados" WHERE "empleados"."empleadoid" = 3 LIMIT 21; args=(3,); alias=default
(0.109) SELECT "sucursales"."sucursalid", "sucursales"."nombre", "sucursales"."direccion", "sucursales"."telefono" FROM "sucursales" WHERE "sucursales"."sucursalid" = 1 LIMIT 21; args=(1,); alias=default
(0.110) SELECT "puntospago"."puntopagoid", "puntospago"."sucursalid", "puntospago"."nombre", "puntospago"."descripcion", "puntospago"."dinerocaja" FROM "puntospago" WHERE "puntospago"."puntopagoid" = 3 LIMIT 21; args=(3,); alias=default
(0.109) SELECT "clientes"."clienteid", "clientes"."nombre", "clientes"."apellido", "clientes"."telefono", "clientes"."email", "clientes"."numerodocumento" FROM "clientes" WHERE "clientes"."clienteid" = 3 LIMIT 21; args=(3,); alias=default
(0.109) SELECT "empleados"."empleadoid", "empleados"."nombre", "empleados"."apellido", "empleados"."telefono", "empleados"."email", "empleados"."direccion", "empleados"."puesto", "empleados"."numerodocumento", "empleados"."usuarioid", "empleados"."sucursalid" FROM "empleados" WHERE "empleados"."empleadoid" = 3 LIMIT 21; args=(3,); alias=default
(0.110) SELECT "sucursales"."sucursalid", "sucursales"."nombre", "sucursales"."direccion", "sucursales"."telefono" FROM "sucursales" WHERE "sucursales"."sucursalid" = 3 LIMIT 21; args=(3,); alias=default
(0.109) SELECT "puntospago"."puntopagoid", "puntospago"."sucursalid", "puntospago"."nombre", "puntospago"."descripcion", "puntospago"."dinerocaja" FROM "puntospago" WHERE "puntospago"."puntopagoid" = 19 LIMIT 21; args=(19,); alias=default
(0.110) SELECT "clientes"."clienteid", "clientes"."nombre", "clientes"."apellido", "clientes"."telefono", "clientes"."email", "clientes"."numerodocumento" FROM "clientes" WHERE "clientes"."clienteid" = 7 LIMIT 21; args=(7,); alias=default
(0.109) SELECT "empleados"."empleadoid", "empleados"."nombre", "empleados"."apellido", "empleados"."telefono", "empleados"."email", "empleados"."direccion", "empleados"."puesto", "empleados"."numerodocumento", "empleados"."usuarioid", "empleados"."sucursalid" FROM "empleados" WHERE "empleados"."empleadoid" = 3 LIMIT 21; args=(3,); alias=default
(0.109) SELECT "sucursales"."sucursalid", "sucursales"."nombre", "sucursales"."direccion", "sucursales"."telefono" FROM "sucursales" WHERE "sucursales"."sucursalid" = 1 LIMIT 21; args=(1,); alias=default
(0.094) SELECT "puntospago"."puntopagoid", "puntospago"."sucursalid", "puntospago"."nombre", "puntospago"."descripcion", "puntospago"."dinerocaja" FROM "puntospago" WHERE "puntospago"."puntopagoid" = 3 LIMIT 21; args=(3,); alias=default
(0.109) SELECT "clientes"."clienteid", "clientes"."nombre", "clientes"."apellido", "clientes"."telefono", "clientes"."email", "clientes"."numerodocumento" FROM "clientes" WHERE "clientes"."clienteid" = 6 LIMIT 21; args=(6,); alias=default
(0.110) SELECT "empleados"."empleadoid", "empleados"."nombre", "empleados"."apellido", "empleados"."telefono", "empleados"."email", "empleados"."direccion", "empleados"."puesto", "empleados"."numerodocumento", "empleados"."usuarioid", "empleados"."sucursalid" FROM "empleados" WHERE "empleados"."empleadoid" = 3 LIMIT 21; args=(3,); alias=default
(0.109) SELECT "sucursales"."sucursalid", "sucursales"."nombre", "sucursales"."direccion", "sucursales"."telefono" FROM "sucursales" WHERE "sucursales"."sucursalid" = 1 LIMIT 21; args=(1,); alias=default
(0.110) SELECT "puntospago"."puntopagoid", "puntospago"."sucursalid", "puntospago"."nombre", "puntospago"."descripcion", "puntospago"."dinerocaja" FROM "puntospago" WHERE "puntospago"."puntopagoid" = 3 LIMIT 21; args=(3,); alias=default
(0.093) SELECT "clientes"."clienteid", "clientes"."nombre", "clientes"."apellido", "clientes"."telefono", "clientes"."email", "clientes"."numerodocumento" FROM "clientes" WHERE "clientes"."clienteid" = 6 LIMIT 21; args=(6,); alias=default
(0.110) SELECT "empleados"."empleadoid", "empleados"."nombre", "empleados"."apellido", "empleados"."telefono", "empleados"."email", "empleados"."direccion", "empleados"."puesto", "empleados"."numerodocumento", "empleados"."usuarioid", "empleados"."sucursalid" FROM "empleados" WHERE "empleados"."empleadoid" = 3 LIMIT 21; args=(3,); alias=default
(0.109) SELECT "sucursales"."sucursalid", "sucursales"."nombre", "sucursales"."direccion", "sucursales"."telefono" FROM "sucursales" WHERE "sucursales"."sucursalid" = 1 LIMIT 21; args=(1,); alias=default
(0.109) SELECT "puntospago"."puntopagoid", "puntospago"."sucursalid", "puntospago"."nombre", "puntospago"."descripcion", "puntospago"."dinerocaja" FROM "puntospago" WHERE "puntospago"."puntopagoid" = 3 LIMIT 21; args=(3,); alias=default
(0.110) SELECT "clientes"."clienteid", "clientes"."nombre", "clientes"."apellido", "clientes"."telefono", "clientes"."email", "clientes"."numerodocumento" FROM "clientes" WHERE "clientes"."clienteid" = 4 LIMIT 21; args=(4,); alias=default
(0.109) SELECT "empleados"."empleadoid", "empleados"."nombre", "empleados"."apellido", "empleados"."telefono", "empleados"."email", "empleados"."direccion", "empleados"."puesto", "empleados"."numerodocumento", "empleados"."usuarioid", "empleados"."sucursalid" FROM "empleados" WHERE "empleados"."empleadoid" = 3 LIMIT 21; args=(3,); alias=default
(0.094) SELECT "sucursales"."sucursalid", "sucursales"."nombre", "sucursales"."direccion", "sucursales"."telefono" FROM "sucursales" WHERE "sucursales"."sucursalid" = 6 LIMIT 21; args=(6,); alias=default
(0.109) SELECT "puntospago"."puntopagoid", "puntospago"."sucursalid", "puntospago"."nombre", "puntospago"."descripcion", "puntospago"."dinerocaja" FROM "puntospago" WHERE "puntospago"."puntopagoid" = 17 LIMIT 21; args=(17,); alias=default
(0.110) SELECT "clientes"."clienteid", "clientes"."nombre", "clientes"."apellido", "clientes"."telefono", "clientes"."email", "clientes"."numerodocumento" FROM "clientes" WHERE "clientes"."clienteid" = 3 LIMIT 21; args=(3,); alias=default
(0.109) SELECT "empleados"."empleadoid", "empleados"."nombre", "empleados"."apellido", "empleados"."telefono", "empleados"."email", "empleados"."direccion", "empleados"."puesto", "empleados"."numerodocumento", "empleados"."usuarioid", "empleados"."sucursalid" FROM "empleados" WHERE "empleados"."empleadoid" = 3 LIMIT 21; args=(3,); alias=default
(0.109) SELECT "sucursales"."sucursalid", "sucursales"."nombre", "sucursales"."direccion", "sucursales"."telefono" FROM "sucursales" WHERE "sucursales"."sucursalid" = 6 LIMIT 21; args=(6,); alias=default
(0.110) SELECT "puntospago"."puntopagoid", "puntospago"."sucursalid", "puntospago"."nombre", "puntospago"."descripcion", "puntospago"."dinerocaja" FROM "puntospago" WHERE "puntospago"."puntopagoid" = 17 LIMIT 21; args=(17,); alias=default
(0.094) SELECT "empleados"."empleadoid", "empleados"."nombre", "empleados"."apellido", "empleados"."telefono", "empleados"."email", "empleados"."direccion", "empleados"."puesto", "empleados"."numerodocumento", "empleados"."usuarioid", "empleados"."sucursalid" FROM "empleados" WHERE "empleados"."empleadoid" = 3 LIMIT 21; args=(3,); alias=default
(0.109) SELECT "sucursales"."sucursalid", "sucursales"."nombre", "sucursales"."direccion", "sucursales"."telefono" FROM "sucursales" WHERE "sucursales"."sucursalid" = 6 LIMIT 21; args=(6,); alias=default
(0.109) SELECT "puntospago"."puntopagoid", "puntospago"."sucursalid", "puntospago"."nombre", "puntospago"."descripcion", "puntospago"."dinerocaja" FROM "puntospago" WHERE "puntospago"."puntopagoid" = 17 LIMIT 21; args=(17,); alias=default
(0.110) SELECT "empleados"."empleadoid", "empleados"."nombre", "empleados"."apellido", "empleados"."telefono", "empleados"."email", "empleados"."direccion", "empleados"."puesto", "empleados"."numerodocumento", "empleados"."usuarioid", "empleados"."sucursalid" FROM "empleados" WHERE "empleados"."empleadoid" = 3 LIMIT 21; args=(3,); alias=default
(0.109) SELECT "sucursales"."sucursalid", "sucursales"."nombre", "sucursales"."direccion", "sucursales"."telefono" FROM "sucursales" WHERE "sucursales"."sucursalid" = 6 LIMIT 21; args=(6,); alias=default
(0.094) SELECT "puntospago"."puntopagoid", "puntospago"."sucursalid", "puntospago"."nombre", "puntospago"."descripcion", "puntospago"."dinerocaja" FROM "puntospago" WHERE "puntospago"."puntopagoid" = 17 LIMIT 21; args=(17,); alias=default
(0.109) SELECT "empleados"."empleadoid", "empleados"."nombre", "empleados"."apellido", "empleados"."telefono", "empleados"."email", "empleados"."direccion", "empleados"."puesto", "empleados"."numerodocumento", "empleados"."usuarioid", "empleados"."sucursalid" FROM "empleados" WHERE "empleados"."empleadoid" = 3 LIMIT 21; args=(3,); alias=default
(0.110) SELECT "sucursales"."sucursalid", "sucursales"."nombre", "sucursales"."direccion", "sucursales"."telefono" FROM "sucursales" WHERE "sucursales"."sucursalid" = 6 LIMIT 21; args=(6,); alias=default
(0.109) SELECT "puntospago"."puntopagoid", "puntospago"."sucursalid", "puntospago"."nombre", "puntospago"."descripcion", "puntospago"."dinerocaja" FROM "puntospago" WHERE "puntospago"."puntopagoid" = 17 LIMIT 21; args=(17,); alias=default
(0.109) SELECT "clientes"."clienteid", "clientes"."nombre", "clientes"."apellido", "clientes"."telefono", "clientes"."email", "clientes"."numerodocumento" FROM "clientes" WHERE "clientes"."clienteid" = 1 LIMIT 21; args=(1,); alias=default
(0.110) SELECT "empleados"."empleadoid", "empleados"."nombre", "empleados"."apellido", "empleados"."telefono", "empleados"."email", "empleados"."direccion", "empleados"."puesto", "empleados"."numerodocumento", "empleados"."usuarioid", "empleados"."sucursalid" FROM "empleados" WHERE "empleados"."empleadoid" = 3 LIMIT 21; args=(3,); alias=default
(0.093) SELECT "sucursales"."sucursalid", "sucursales"."nombre", "sucursales"."direccion", "sucursales"."telefono" FROM "sucursales" WHERE "sucursales"."sucursalid" = 6 LIMIT 21; args=(6,); alias=default
(0.110) SELECT "puntospago"."puntopagoid", "puntospago"."sucursalid", "puntospago"."nombre", "puntospago"."descripcion", "puntospago"."dinerocaja" FROM "puntospago" WHERE "puntospago"."puntopagoid" = 17 LIMIT 21; args=(17,); alias=default
(0.109) SELECT "empleados"."empleadoid", "empleados"."nombre", "empleados"."apellido", "empleados"."telefono", "empleados"."email", "empleados"."direccion", "empleados"."puesto", "empleados"."numerodocumento", "empleados"."usuarioid", "empleados"."sucursalid" FROM "empleados" WHERE "empleados"."empleadoid" = 3 LIMIT 21; args=(3,); alias=default
(0.110) SELECT "sucursales"."sucursalid", "sucursales"."nombre", "sucursales"."direccion", "sucursales"."telefono" FROM "sucursales" WHERE "sucursales"."sucursalid" = 6 LIMIT 21; args=(6,); alias=default
(0.109) SELECT "puntospago"."puntopagoid", "puntospago"."sucursalid", "puntospago"."nombre", "puntospago"."descripcion", "puntospago"."dinerocaja" FROM "puntospago" WHERE "puntospago"."puntopagoid" = 17 LIMIT 21; args=(17,); alias=default
(0.109) SELECT "empleados"."empleadoid", "empleados"."nombre", "empleados"."apellido", "empleados"."telefono", "empleados"."email", "empleados"."direccion", "empleados"."puesto", "empleados"."numerodocumento", "empleados"."usuarioid", "empleados"."sucursalid" FROM "empleados" WHERE "empleados"."empleadoid" = 3 LIMIT 21; args=(3,); alias=default
(0.094) SELECT "sucursales"."sucursalid", "sucursales"."nombre", "sucursales"."direccion", "sucursales"."telefono" FROM "sucursales" WHERE "sucursales"."sucursalid" = 6 LIMIT 21; args=(6,); alias=default
(0.109) SELECT "puntospago"."puntopagoid", "puntospago"."sucursalid", "puntospago"."nombre", "puntospago"."descripcion", "puntospago"."dinerocaja" FROM "puntospago" WHERE "puntospago"."puntopagoid" = 17 LIMIT 21; args=(17,); alias=default
(0.110) SELECT "empleados"."empleadoid", "empleados"."nombre", "empleados"."apellido", "empleados"."telefono", "empleados"."email", "empleados"."direccion", "empleados"."puesto", "empleados"."numerodocumento", "empleados"."usuarioid", "empleados"."sucursalid" FROM "empleados" WHERE "empleados"."empleadoid" = 3 LIMIT 21; args=(3,); alias=default
(0.109) SELECT "sucursales"."sucursalid", "sucursales"."nombre", "sucursales"."direccion", "sucursales"."telefono" FROM "sucursales" WHERE "sucursales"."sucursalid" = 6 LIMIT 21; args=(6,); alias=default
(0.110) SELECT "puntospago"."puntopagoid", "puntospago"."sucursalid", "puntospago"."nombre", "puntospago"."descripcion", "puntospago"."dinerocaja" FROM "puntospago" WHERE "puntospago"."puntopagoid" = 17 LIMIT 21; args=(17,); alias=default
(0.109) SELECT "empleados"."empleadoid", "empleados"."nombre", "empleados"."apellido", "empleados"."telefono", "empleados"."email", "empleados"."direccion", "empleados"."puesto", "empleados"."numerodocumento", "empleados"."usuarioid", "empleados"."sucursalid" FROM "empleados" WHERE "empleados"."empleadoid" = 3 LIMIT 21; args=(3,); alias=default
(0.094) SELECT "sucursales"."sucursalid", "sucursales"."nombre", "sucursales"."direccion", "sucursales"."telefono" FROM "sucursales" WHERE "sucursales"."sucursalid" = 1 LIMIT 21; args=(1,); alias=default
(0.109) SELECT "puntospago"."puntopagoid", "puntospago"."sucursalid", "puntospago"."nombre", "puntospago"."descripcion", "puntospago"."dinerocaja" FROM "puntospago" WHERE "puntospago"."puntopagoid" = 3 LIMIT 21; args=(3,); alias=default
(0.109) SELECT "clientes"."clienteid", "clientes"."nombre", "clientes"."apellido", "clientes"."telefono", "clientes"."email", "clientes"."numerodocumento" FROM "clientes" WHERE "clientes"."clienteid" = 4 LIMIT 21; args=(4,); alias=default
(0.110) SELECT "empleados"."empleadoid", "empleados"."nombre", "empleados"."apellido", "empleados"."telefono", "empleados"."email", "empleados"."direccion", "empleados"."puesto", "empleados"."numerodocumento", "empleados"."usuarioid", "empleados"."sucursalid" FROM "empleados" WHERE "empleados"."empleadoid" = 3 LIMIT 21; args=(3,); alias=default
(0.109) SELECT "sucursales"."sucursalid", "sucursales"."nombre", "sucursales"."direccion", "sucursales"."telefono" FROM "sucursales" WHERE "sucursales"."sucursalid" = 3 LIMIT 21; args=(3,); alias=default
(0.110) SELECT "puntospago"."puntopagoid", "puntospago"."sucursalid", "puntospago"."nombre", "puntospago"."descripcion", "puntospago"."dinerocaja" FROM "puntospago" WHERE "puntospago"."puntopagoid" = 19 LIMIT 21; args=(19,); alias=default
(0.000) BEGIN; args=None; alias=default
(0.203) UPDATE "django_session" SET "session_data" = '.eJxVjDsOwjAQBe_iGlnxbxNT0nMGy7te4wCypTipEHeHSCmgfTPzXiLEbS1h67yEOYmzUOL0u2GkB9cdpHustyap1XWZUe6KPGiX15b4eTncv4MSe_nW7PRICoybgLwCNSEMDDGTAZ_J-iFB9tkConIw-kTIxKQoO521ASveH9mSOBk:1unRNU:V1eGQIlpKPEc28rFeWqt33DwDWb_heBKwPg7JauyDCk', "expire_date" = '2025-08-30T19:36:04.741075'::timestamp WHERE "django_session"."session_key" = 't6gw7w625pxs728e22ixxp52h41qhq35'; args=('.eJxVjDsOwjAQBe_iGlnxbxNT0nMGy7te4wCypTipEHeHSCmgfTPzXiLEbS1h67yEOYmzUOL0u2GkB9cdpHustyap1XWZUe6KPGiX15b4eTncv4MSe_nW7PRICoybgLwCNSEMDDGTAZ_J-iFB9tkConIw-kTIxKQoO521ASveH9mSOBk:1unRNU:V1eGQIlpKPEc28rFeWqt33DwDWb_heBKwPg7JauyDCk', datetime.datetime(2025, 8, 30, 19, 36, 4, 741075), 't6gw7w625pxs728e22ixxp52h41qhq35'); alias=default
(0.109) COMMIT; args=None; alias=default
"GET /visualizar_ventas/ HTTP/1.1" 200 15179
(0.078) SELECT "django_session"."session_key", "django_session"."session_data", "django_session"."expire_date" FROM "django_session" WHERE ("django_session"."expire_date" > '2025-08-16T19:36:09.578507'::timestamp AND "django_session"."session_key" = 't6gw7w625pxs728e22ixxp52h41qhq35') LIMIT 21; args=(datetime.datetime(2025, 8, 16, 19, 36, 9, 578507), 't6gw7w625pxs728e22ixxp52h41qhq35'); alias=default
(0.079) SELECT "usuarios"."is_superuser", "usuarios"."usuarioid", "usuarios"."nombreusuario", "usuarios"."contraseña", "usuarios"."rolid", "usuarios"."last_login", "usuarios"."is_active", "usuarios"."is_staff" FROM "usuarios" WHERE "usuarios"."usuarioid" = 1 LIMIT 21; args=(1,); alias=default
(0.093) SELECT "ventas"."ventaid", "ventas"."fecha", "ventas"."hora", "ventas"."clienteid", "ventas"."empleadoid", "ventas"."sucursalid", "ventas"."puntopagoid", "ventas"."total", "ventas"."mediopago", "clientes"."clienteid", "clientes"."nombre", "clientes"."apellido", "clientes"."telefono", "clientes"."email", "clientes"."numerodocumento", "empleados"."empleadoid", "empleados"."nombre", "empleados"."apellido", "empleados"."telefono", "empleados"."email", "empleados"."direccion", "empleados"."puesto", "empleados"."numerodocumento", "empleados"."usuarioid", "empleados"."sucursalid", "sucursales"."sucursalid", "sucursales"."nombre", "sucursales"."direccion", "sucursales"."telefono", "puntospago"."puntopagoid", "puntospago"."sucursalid", "puntospago"."nombre", "puntospago"."descripcion", "puntospago"."dinerocaja" FROM "ventas" LEFT OUTER JOIN "clientes" ON ("ventas"."clienteid" = "clientes"."clienteid") INNER JOIN "empleados" ON ("ventas"."empleadoid" = "empleados"."empleadoid") INNER JOIN "sucursales" ON ("ventas"."sucursalid" = "sucursales"."sucursalid") INNER JOIN "puntospago" ON ("ventas"."puntopagoid" = "puntospago"."puntopagoid") WHERE "ventas"."ventaid" = 1 LIMIT 21; args=(1,); alias=default
(0.078) SELECT "detallesventas"."detalleventaid", "detallesventas"."ventaid", "detallesventas"."productoid", "detallesventas"."cantidad", "detallesventas"."preciounitario", ("detallesventas"."cantidad" * "detallesventas"."preciounitario") AS "subtotal", "productos"."productoid", "productos"."nombre", "productos"."descripcion", "productos"."precio", "productos"."categoria_id", "productos"."codigo_de_barras", "productos"."iva" FROM "detallesventas" INNER JOIN "productos" ON ("detallesventas"."productoid" = "productos"."productoid") WHERE "detallesventas"."ventaid" = 1; args=(1,); alias=default
(0.000) BEGIN; args=None; alias=default
(0.172) UPDATE "django_session" SET "session_data" = '.eJxVjDsOwjAQBe_iGlnxbxNT0nMGy7te4wCypTipEHeHSCmgfTPzXiLEbS1h67yEOYmzUOL0u2GkB9cdpHustyap1XWZUe6KPGiX15b4eTncv4MSe_nW7PRICoybgLwCNSEMDDGTAZ_J-iFB9tkConIw-kTIxKQoO521ASveH9mSOBk:1unRNa:O1Uy9DMbmFL7eAU3wHg9MgDc81w8X63jApmW74QMUmw', "expire_date" = '2025-08-30T19:36:10.671952'::timestamp WHERE "django_session"."session_key" = 't6gw7w625pxs728e22ixxp52h41qhq35'; args=('.eJxVjDsOwjAQBe_iGlnxbxNT0nMGy7te4wCypTipEHeHSCmgfTPzXiLEbS1h67yEOYmzUOL0u2GkB9cdpHustyap1XWZUe6KPGiX15b4eTncv4MSe_nW7PRICoybgLwCNSEMDDGTAZ_J-iFB9tkConIw-kTIxKQoO521ASveH9mSOBk:1unRNa:O1Uy9DMbmFL7eAU3wHg9MgDc81w8X63jApmW74QMUmw', datetime.datetime(2025, 8, 30, 19, 36, 10, 671952), 't6gw7w625pxs728e22ixxp52h41qhq35'); alias=default
(0.078) COMMIT; args=None; alias=default
"GET /ver_venta/1/ HTTP/1.1" 200 8374
(0.078) SELECT "django_session"."session_key", "django_session"."session_data", "django_session"."expire_date" FROM "django_session" WHERE ("django_session"."expire_date" > '2025-08-16T19:39:22.264300'::timestamp AND "django_session"."session_key" = 't6gw7w625pxs728e22ixxp52h41qhq35') LIMIT 21; args=(datetime.datetime(2025, 8, 16, 19, 39, 22, 264300), 't6gw7w625pxs728e22ixxp52h41qhq35'); alias=default
(0.094) SELECT "usuarios"."is_superuser", "usuarios"."usuarioid", "usuarios"."nombreusuario", "usuarios"."contraseña", "usuarios"."rolid", "usuarios"."last_login", "usuarios"."is_active", "usuarios"."is_staff" FROM "usuarios" WHERE "usuarios"."usuarioid" = 1 LIMIT 21; args=(1,); alias=default
(0.078) SELECT COUNT(*) AS "__count" FROM "ventas"; args=(); alias=default
(0.079) SELECT "ventas"."ventaid", "ventas"."fecha", "ventas"."hora", "ventas"."clienteid", "ventas"."empleadoid", "ventas"."sucursalid", "ventas"."puntopagoid", "ventas"."total", "ventas"."mediopago" FROM "ventas" ORDER BY "ventas"."fecha" DESC, "ventas"."hora" DESC LIMIT 16; args=(); alias=default
(0.093) SELECT "clientes"."clienteid", "clientes"."nombre", "clientes"."apellido", "clientes"."telefono", "clientes"."email", "clientes"."numerodocumento" FROM "clientes" WHERE "clientes"."clienteid" = 3 LIMIT 21; args=(3,); alias=default
(0.094) SELECT "empleados"."empleadoid", "empleados"."nombre", "empleados"."apellido", "empleados"."telefono", "empleados"."email", "empleados"."direccion", "empleados"."puesto", "empleados"."numerodocumento", "empleados"."usuarioid", "empleados"."sucursalid" FROM "empleados" WHERE "empleados"."empleadoid" = 3 LIMIT 21; args=(3,); alias=default
(0.078) SELECT "sucursales"."sucursalid", "sucursales"."nombre", "sucursales"."direccion", "sucursales"."telefono" FROM "sucursales" WHERE "sucursales"."sucursalid" = 1 LIMIT 21; args=(1,); alias=default
(0.094) SELECT "puntospago"."puntopagoid", "puntospago"."sucursalid", "puntospago"."nombre", "puntospago"."descripcion", "puntospago"."dinerocaja" FROM "puntospago" WHERE "puntospago"."puntopagoid" = 3 LIMIT 21; args=(3,); alias=default
(0.078) SELECT "clientes"."clienteid", "clientes"."nombre", "clientes"."apellido", "clientes"."telefono", "clientes"."email", "clientes"."numerodocumento" FROM "clientes" WHERE "clientes"."clienteid" = 3 LIMIT 21; args=(3,); alias=default
(0.094) SELECT "empleados"."empleadoid", "empleados"."nombre", "empleados"."apellido", "empleados"."telefono", "empleados"."email", "empleados"."direccion", "empleados"."puesto", "empleados"."numerodocumento", "empleados"."usuarioid", "empleados"."sucursalid" FROM "empleados" WHERE "empleados"."empleadoid" = 3 LIMIT 21; args=(3,); alias=default
(0.094) SELECT "sucursales"."sucursalid", "sucursales"."nombre", "sucursales"."direccion", "sucursales"."telefono" FROM "sucursales" WHERE "sucursales"."sucursalid" = 3 LIMIT 21; args=(3,); alias=default
(0.078) SELECT "puntospago"."puntopagoid", "puntospago"."sucursalid", "puntospago"."nombre", "puntospago"."descripcion", "puntospago"."dinerocaja" FROM "puntospago" WHERE "puntospago"."puntopagoid" = 19 LIMIT 21; args=(19,); alias=default
(0.093) SELECT "clientes"."clienteid", "clientes"."nombre", "clientes"."apellido", "clientes"."telefono", "clientes"."email", "clientes"."numerodocumento" FROM "clientes" WHERE "clientes"."clienteid" = 7 LIMIT 21; args=(7,); alias=default
(0.079) SELECT "empleados"."empleadoid", "empleados"."nombre", "empleados"."apellido", "empleados"."telefono", "empleados"."email", "empleados"."direccion", "empleados"."puesto", "empleados"."numerodocumento", "empleados"."usuarioid", "empleados"."sucursalid" FROM "empleados" WHERE "empleados"."empleadoid" = 3 LIMIT 21; args=(3,); alias=default
(0.093) SELECT "sucursales"."sucursalid", "sucursales"."nombre", "sucursales"."direccion", "sucursales"."telefono" FROM "sucursales" WHERE "sucursales"."sucursalid" = 1 LIMIT 21; args=(1,); alias=default
(0.094) SELECT "puntospago"."puntopagoid", "puntospago"."sucursalid", "puntospago"."nombre", "puntospago"."descripcion", "puntospago"."dinerocaja" FROM "puntospago" WHERE "puntospago"."puntopagoid" = 3 LIMIT 21; args=(3,); alias=default
(0.078) SELECT "clientes"."clienteid", "clientes"."nombre", "clientes"."apellido", "clientes"."telefono", "clientes"."email", "clientes"."numerodocumento" FROM "clientes" WHERE "clientes"."clienteid" = 6 LIMIT 21; args=(6,); alias=default
(0.094) SELECT "empleados"."empleadoid", "empleados"."nombre", "empleados"."apellido", "empleados"."telefono", "empleados"."email", "empleados"."direccion", "empleados"."puesto", "empleados"."numerodocumento", "empleados"."usuarioid", "empleados"."sucursalid" FROM "empleados" WHERE "empleados"."empleadoid" = 3 LIMIT 21; args=(3,); alias=default
(0.078) SELECT "sucursales"."sucursalid", "sucursales"."nombre", "sucursales"."direccion", "sucursales"."telefono" FROM "sucursales" WHERE "sucursales"."sucursalid" = 1 LIMIT 21; args=(1,); alias=default
(0.094) SELECT "puntospago"."puntopagoid", "puntospago"."sucursalid", "puntospago"."nombre", "puntospago"."descripcion", "puntospago"."dinerocaja" FROM "puntospago" WHERE "puntospago"."puntopagoid" = 3 LIMIT 21; args=(3,); alias=default
(0.094) SELECT "clientes"."clienteid", "clientes"."nombre", "clientes"."apellido", "clientes"."telefono", "clientes"."email", "clientes"."numerodocumento" FROM "clientes" WHERE "clientes"."clienteid" = 6 LIMIT 21; args=(6,); alias=default
(0.078) SELECT "empleados"."empleadoid", "empleados"."nombre", "empleados"."apellido", "empleados"."telefono", "empleados"."email", "empleados"."direccion", "empleados"."puesto", "empleados"."numerodocumento", "empleados"."usuarioid", "empleados"."sucursalid" FROM "empleados" WHERE "empleados"."empleadoid" = 3 LIMIT 21; args=(3,); alias=default
(0.093) SELECT "sucursales"."sucursalid", "sucursales"."nombre", "sucursales"."direccion", "sucursales"."telefono" FROM "sucursales" WHERE "sucursales"."sucursalid" = 1 LIMIT 21; args=(1,); alias=default
(0.094) SELECT "puntospago"."puntopagoid", "puntospago"."sucursalid", "puntospago"."nombre", "puntospago"."descripcion", "puntospago"."dinerocaja" FROM "puntospago" WHERE "puntospago"."puntopagoid" = 3 LIMIT 21; args=(3,); alias=default
(0.094) SELECT "clientes"."clienteid", "clientes"."nombre", "clientes"."apellido", "clientes"."telefono", "clientes"."email", "clientes"."numerodocumento" FROM "clientes" WHERE "clientes"."clienteid" = 4 LIMIT 21; args=(4,); alias=default
(0.094) SELECT "empleados"."empleadoid", "empleados"."nombre", "empleados"."apellido", "empleados"."telefono", "empleados"."email", "empleados"."direccion", "empleados"."puesto", "empleados"."numerodocumento", "empleados"."usuarioid", "empleados"."sucursalid" FROM "empleados" WHERE "empleados"."empleadoid" = 3 LIMIT 21; args=(3,); alias=default
(0.093) SELECT "sucursales"."sucursalid", "sucursales"."nombre", "sucursales"."direccion", "sucursales"."telefono" FROM "sucursales" WHERE "sucursales"."sucursalid" = 6 LIMIT 21; args=(6,); alias=default
(0.079) SELECT "puntospago"."puntopagoid", "puntospago"."sucursalid", "puntospago"."nombre", "puntospago"."descripcion", "puntospago"."dinerocaja" FROM "puntospago" WHERE "puntospago"."puntopagoid" = 17 LIMIT 21; args=(17,); alias=default
(0.093) SELECT "clientes"."clienteid", "clientes"."nombre", "clientes"."apellido", "clientes"."telefono", "clientes"."email", "clientes"."numerodocumento" FROM "clientes" WHERE "clientes"."clienteid" = 3 LIMIT 21; args=(3,); alias=default
(0.094) SELECT "empleados"."empleadoid", "empleados"."nombre", "empleados"."apellido", "empleados"."telefono", "empleados"."email", "empleados"."direccion", "empleados"."puesto", "empleados"."numerodocumento", "empleados"."usuarioid", "empleados"."sucursalid" FROM "empleados" WHERE "empleados"."empleadoid" = 3 LIMIT 21; args=(3,); alias=default
(0.078) SELECT "sucursales"."sucursalid", "sucursales"."nombre", "sucursales"."direccion", "sucursales"."telefono" FROM "sucursales" WHERE "sucursales"."sucursalid" = 6 LIMIT 21; args=(6,); alias=default
(0.094) SELECT "puntospago"."puntopagoid", "puntospago"."sucursalid", "puntospago"."nombre", "puntospago"."descripcion", "puntospago"."dinerocaja" FROM "puntospago" WHERE "puntospago"."puntopagoid" = 17 LIMIT 21; args=(17,); alias=default
(0.078) SELECT "empleados"."empleadoid", "empleados"."nombre", "empleados"."apellido", "empleados"."telefono", "empleados"."email", "empleados"."direccion", "empleados"."puesto", "empleados"."numerodocumento", "empleados"."usuarioid", "empleados"."sucursalid" FROM "empleados" WHERE "empleados"."empleadoid" = 3 LIMIT 21; args=(3,); alias=default
(0.094) SELECT "sucursales"."sucursalid", "sucursales"."nombre", "sucursales"."direccion", "sucursales"."telefono" FROM "sucursales" WHERE "sucursales"."sucursalid" = 6 LIMIT 21; args=(6,); alias=default
(0.094) SELECT "puntospago"."puntopagoid", "puntospago"."sucursalid", "puntospago"."nombre", "puntospago"."descripcion", "puntospago"."dinerocaja" FROM "puntospago" WHERE "puntospago"."puntopagoid" = 17 LIMIT 21; args=(17,); alias=default
(0.078) SELECT "empleados"."empleadoid", "empleados"."nombre", "empleados"."apellido", "empleados"."telefono", "empleados"."email", "empleados"."direccion", "empleados"."puesto", "empleados"."numerodocumento", "empleados"."usuarioid", "empleados"."sucursalid" FROM "empleados" WHERE "empleados"."empleadoid" = 3 LIMIT 21; args=(3,); alias=default
(0.093) SELECT "sucursales"."sucursalid", "sucursales"."nombre", "sucursales"."direccion", "sucursales"."telefono" FROM "sucursales" WHERE "sucursales"."sucursalid" = 6 LIMIT 21; args=(6,); alias=default
(0.094) SELECT "puntospago"."puntopagoid", "puntospago"."sucursalid", "puntospago"."nombre", "puntospago"."descripcion", "puntospago"."dinerocaja" FROM "puntospago" WHERE "puntospago"."puntopagoid" = 17 LIMIT 21; args=(17,); alias=default
(0.078) SELECT "empleados"."empleadoid", "empleados"."nombre", "empleados"."apellido", "empleados"."telefono", "empleados"."email", "empleados"."direccion", "empleados"."puesto", "empleados"."numerodocumento", "empleados"."usuarioid", "empleados"."sucursalid" FROM "empleados" WHERE "empleados"."empleadoid" = 3 LIMIT 21; args=(3,); alias=default
(0.094) SELECT "sucursales"."sucursalid", "sucursales"."nombre", "sucursales"."direccion", "sucursales"."telefono" FROM "sucursales" WHERE "sucursales"."sucursalid" = 6 LIMIT 21; args=(6,); alias=default
(0.094) SELECT "django_session"."session_key", "django_session"."session_data", "django_session"."expire_date" FROM "django_session" WHERE ("django_session"."expire_date" > '2025-08-16T19:39:25.754665'::timestamp AND "django_session"."session_key" = 't6gw7w625pxs728e22ixxp52h41qhq35') LIMIT 21; args=(datetime.datetime(2025, 8, 16, 19, 39, 25, 754665), 't6gw7w625pxs728e22ixxp52h41qhq35'); alias=default
(0.078) SELECT "puntospago"."puntopagoid", "puntospago"."sucursalid", "puntospago"."nombre", "puntospago"."descripcion", "puntospago"."dinerocaja" FROM "puntospago" WHERE "puntospago"."puntopagoid" = 17 LIMIT 21; args=(17,); alias=default
(0.094) SELECT "usuarios"."is_superuser", "usuarios"."usuarioid", "usuarios"."nombreusuario", "usuarios"."contraseña", "usuarios"."rolid", "usuarios"."last_login", "usuarios"."is_active", "usuarios"."is_staff" FROM "usuarios" WHERE "usuarios"."usuarioid" = 1 LIMIT 21; args=(1,); alias=default
(0.094) SELECT "clientes"."clienteid", "clientes"."nombre", "clientes"."apellido", "clientes"."telefono", "clientes"."email", "clientes"."numerodocumento" FROM "clientes" WHERE "clientes"."clienteid" = 1 LIMIT 21; args=(1,); alias=default
(0.109) SELECT COUNT(*) AS "__count" FROM "cambiosdevoluciones"; args=(); alias=default
(0.094) SELECT "empleados"."empleadoid", "empleados"."nombre", "empleados"."apellido", "empleados"."telefono", "empleados"."email", "empleados"."direccion", "empleados"."puesto", "empleados"."numerodocumento", "empleados"."usuarioid", "empleados"."sucursalid" FROM "empleados" WHERE "empleados"."empleadoid" = 3 LIMIT 21; args=(3,); alias=default
(0.109) SELECT "cambiosdevoluciones"."cambioid", "cambiosdevoluciones"."ventaid", "cambiosdevoluciones"."detalle_id", "cambiosdevoluciones"."productoid", "cambiosdevoluciones"."cantidad", "cambiosdevoluciones"."tipo", "cambiosdevoluciones"."estado", "cambiosdevoluciones"."fecha", "cambiosdevoluciones"."motivo", "ventas"."ventaid", "ventas"."fecha", "ventas"."hora", "ventas"."clienteid", "ventas"."empleadoid", "ventas"."sucursalid", "ventas"."puntopagoid", "ventas"."total", "ventas"."mediopago", "detallesventas"."detalleventaid", "detallesventas"."ventaid", "detallesventas"."productoid", "detallesventas"."cantidad", "detallesventas"."preciounitario", "productos"."productoid", "productos"."nombre", "productos"."descripcion", "productos"."precio", "productos"."categoria_id", "productos"."codigo_de_barras", "productos"."iva" FROM "cambiosdevoluciones" INNER JOIN "ventas" ON ("cambiosdevoluciones"."ventaid" = "ventas"."ventaid") INNER JOIN "detallesventas" ON ("cambiosdevoluciones"."detalle_id" = "detallesventas"."detalleventaid") INNER JOIN "productos" ON ("cambiosdevoluciones"."productoid" = "productos"."productoid") ORDER BY "cambiosdevoluciones"."fecha" DESC, "cambiosdevoluciones"."cambioid" DESC LIMIT 7; args=(); alias=default
(0.000) BEGIN; args=None; alias=default
(0.078) SELECT "sucursales"."sucursalid", "sucursales"."nombre", "sucursales"."direccion", "sucursales"."telefono" FROM "sucursales" WHERE "sucursales"."sucursalid" = 6 LIMIT 21; args=(6,); alias=default
(0.094) SELECT "puntospago"."puntopagoid", "puntospago"."sucursalid", "puntospago"."nombre", "puntospago"."descripcion", "puntospago"."dinerocaja" FROM "puntospago" WHERE "puntospago"."puntopagoid" = 17 LIMIT 21; args=(17,); alias=default
(0.188) UPDATE "django_session" SET "session_data" = '.eJxVjDsOwjAQBe_iGlnxbxNT0nMGy7te4wCypTipEHeHSCmgfTPzXiLEbS1h67yEOYmzUOL0u2GkB9cdpHustyap1XWZUe6KPGiX15b4eTncv4MSe_nW7PRICoybgLwCNSEMDDGTAZ_J-iFB9tkConIw-kTIxKQoO521ASveH9mSOBk:1unRQk:uc7Xm4W6B-udUJaN0qO6b9YxEMT4ZQV5n_qMFrdto2o', "expire_date" = '2025-08-30T19:39:26.882084'::timestamp WHERE "django_session"."session_key" = 't6gw7w625pxs728e22ixxp52h41qhq35'; args=('.eJxVjDsOwjAQBe_iGlnxbxNT0nMGy7te4wCypTipEHeHSCmgfTPzXiLEbS1h67yEOYmzUOL0u2GkB9cdpHustyap1XWZUe6KPGiX15b4eTncv4MSe_nW7PRICoybgLwCNSEMDDGTAZ_J-iFB9tkConIw-kTIxKQoO521ASveH9mSOBk:1unRQk:uc7Xm4W6B-udUJaN0qO6b9YxEMT4ZQV5n_qMFrdto2o', datetime.datetime(2025, 8, 30, 19, 39, 26, 882084), 't6gw7w625pxs728e22ixxp52h41qhq35'); alias=default
(0.093) SELECT "empleados"."empleadoid", "empleados"."nombre", "empleados"."apellido", "empleados"."telefono", "empleados"."email", "empleados"."direccion", "empleados"."puesto", "empleados"."numerodocumento", "empleados"."usuarioid", "empleados"."sucursalid" FROM "empleados" WHERE "empleados"."empleadoid" = 3 LIMIT 21; args=(3,); alias=default
(0.078) SELECT "sucursales"."sucursalid", "sucursales"."nombre", "sucursales"."direccion", "sucursales"."telefono" FROM "sucursales" WHERE "sucursales"."sucursalid" = 6 LIMIT 21; args=(6,); alias=default
(0.109) COMMIT; args=None; alias=default
"GET /cambios/ HTTP/1.1" 200 9790
"GET /static/javascript/visualizar_cambios.js HTTP/1.1" 200 1118
(0.094) SELECT "puntospago"."puntopagoid", "puntospago"."sucursalid", "puntospago"."nombre", "puntospago"."descripcion", "puntospago"."dinerocaja" FROM "puntospago" WHERE "puntospago"."puntopagoid" = 17 LIMIT 21; args=(17,); alias=default
(0.094) SELECT "empleados"."empleadoid", "empleados"."nombre", "empleados"."apellido", "empleados"."telefono", "empleados"."email", "empleados"."direccion", "empleados"."puesto", "empleados"."numerodocumento", "empleados"."usuarioid", "empleados"."sucursalid" FROM "empleados" WHERE "empleados"."empleadoid" = 3 LIMIT 21; args=(3,); alias=default
(0.078) SELECT "sucursales"."sucursalid", "sucursales"."nombre", "sucursales"."direccion", "sucursales"."telefono" FROM "sucursales" WHERE "sucursales"."sucursalid" = 6 LIMIT 21; args=(6,); alias=default
(0.094) SELECT "puntospago"."puntopagoid", "puntospago"."sucursalid", "puntospago"."nombre", "puntospago"."descripcion", "puntospago"."dinerocaja" FROM "puntospago" WHERE "puntospago"."puntopagoid" = 17 LIMIT 21; args=(17,); alias=default
(0.094) SELECT "empleados"."empleadoid", "empleados"."nombre", "empleados"."apellido", "empleados"."telefono", "empleados"."email", "empleados"."direccion", "empleados"."puesto", "empleados"."numerodocumento", "empleados"."usuarioid", "empleados"."sucursalid" FROM "empleados" WHERE "empleados"."empleadoid" = 3 LIMIT 21; args=(3,); alias=default
(0.078) SELECT "sucursales"."sucursalid", "sucursales"."nombre", "sucursales"."direccion", "sucursales"."telefono" FROM "sucursales" WHERE "sucursales"."sucursalid" = 6 LIMIT 21; args=(6,); alias=default
(0.093) SELECT "puntospago"."puntopagoid", "puntospago"."sucursalid", "puntospago"."nombre", "puntospago"."descripcion", "puntospago"."dinerocaja" FROM "puntospago" WHERE "puntospago"."puntopagoid" = 17 LIMIT 21; args=(17,); alias=default
(0.094) SELECT "empleados"."empleadoid", "empleados"."nombre", "empleados"."apellido", "empleados"."telefono", "empleados"."email", "empleados"."direccion", "empleados"."puesto", "empleados"."numerodocumento", "empleados"."usuarioid", "empleados"."sucursalid" FROM "empleados" WHERE "empleados"."empleadoid" = 3 LIMIT 21; args=(3,); alias=default
(0.078) SELECT "sucursales"."sucursalid", "sucursales"."nombre", "sucursales"."direccion", "sucursales"."telefono" FROM "sucursales" WHERE "sucursales"."sucursalid" = 1 LIMIT 21; args=(1,); alias=default
(0.094) SELECT "puntospago"."puntopagoid", "puntospago"."sucursalid", "puntospago"."nombre", "puntospago"."descripcion", "puntospago"."dinerocaja" FROM "puntospago" WHERE "puntospago"."puntopagoid" = 3 LIMIT 21; args=(3,); alias=default
(0.078) SELECT "clientes"."clienteid", "clientes"."nombre", "clientes"."apellido", "clientes"."telefono", "clientes"."email", "clientes"."numerodocumento" FROM "clientes" WHERE "clientes"."clienteid" = 4 LIMIT 21; args=(4,); alias=default
(0.094) SELECT "empleados"."empleadoid", "empleados"."nombre", "empleados"."apellido", "empleados"."telefono", "empleados"."email", "empleados"."direccion", "empleados"."puesto", "empleados"."numerodocumento", "empleados"."usuarioid", "empleados"."sucursalid" FROM "empleados" WHERE "empleados"."empleadoid" = 3 LIMIT 21; args=(3,); alias=default
(0.078) SELECT "sucursales"."sucursalid", "sucursales"."nombre", "sucursales"."direccion", "sucursales"."telefono" FROM "sucursales" WHERE "sucursales"."sucursalid" = 3 LIMIT 21; args=(3,); alias=default
(0.078) SELECT "puntospago"."puntopagoid", "puntospago"."sucursalid", "puntospago"."nombre", "puntospago"."descripcion", "puntospago"."dinerocaja" FROM "puntospago" WHERE "puntospago"."puntopagoid" = 19 LIMIT 21; args=(19,); alias=default
(0.000) BEGIN; args=None; alias=default
(0.187) UPDATE "django_session" SET "session_data" = '.eJxVjDsOwjAQBe_iGlnxbxNT0nMGy7te4wCypTipEHeHSCmgfTPzXiLEbS1h67yEOYmzUOL0u2GkB9cdpHustyap1XWZUe6KPGiX15b4eTncv4MSe_nW7PRICoybgLwCNSEMDDGTAZ_J-iFB9tkConIw-kTIxKQoO521ASveH9mSOBk:1unRQm:TbMWy99ualxwdxGjrI6fA_KlhRJagLfqeVQiPFKEhso', "expire_date" = '2025-08-30T19:39:28.400694'::timestamp WHERE "django_session"."session_key" = 't6gw7w625pxs728e22ixxp52h41qhq35'; args=('.eJxVjDsOwjAQBe_iGlnxbxNT0nMGy7te4wCypTipEHeHSCmgfTPzXiLEbS1h67yEOYmzUOL0u2GkB9cdpHustyap1XWZUe6KPGiX15b4eTncv4MSe_nW7PRICoybgLwCNSEMDDGTAZ_J-iFB9tkConIw-kTIxKQoO521ASveH9mSOBk:1unRQm:TbMWy99ualxwdxGjrI6fA_KlhRJagLfqeVQiPFKEhso', datetime.datetime(2025, 8, 30, 19, 39, 28, 400694), 't6gw7w625pxs728e22ixxp52h41qhq35'); alias=default
(0.094) COMMIT; args=None; alias=default
- Broken pipe from ('127.0.0.1', 61172)
(0.094) SELECT "django_session"."session_key", "django_session"."session_data", "django_session"."expire_date" FROM "django_session" WHERE ("django_session"."expire_date" > '2025-08-16T19:39:28.635210'::timestamp AND "django_session"."session_key" = 't6gw7w625pxs728e22ixxp52h41qhq35') LIMIT 21; args=(datetime.datetime(2025, 8, 16, 19, 39, 28, 635210), 't6gw7w625pxs728e22ixxp52h41qhq35'); alias=default
(0.078) SELECT "usuarios"."is_superuser", "usuarios"."usuarioid", "usuarios"."nombreusuario", "usuarios"."contraseña", "usuarios"."rolid", "usuarios"."last_login", "usuarios"."is_active", "usuarios"."is_staff" FROM "usuarios" WHERE "usuarios"."usuarioid" = 1 LIMIT 21; args=(1,); alias=default
(0.078) SELECT COUNT(*) AS "__count" FROM "ventas"; args=(); alias=default
(0.078) SELECT "ventas"."ventaid", "ventas"."fecha", "ventas"."hora", "ventas"."clienteid", "ventas"."empleadoid", "ventas"."sucursalid", "ventas"."puntopagoid", "ventas"."total", "ventas"."mediopago" FROM "ventas" ORDER BY "ventas"."fecha" DESC, "ventas"."hora" DESC LIMIT 16; args=(); alias=default
(0.078) SELECT "clientes"."clienteid", "clientes"."nombre", "clientes"."apellido", "clientes"."telefono", "clientes"."email", "clientes"."numerodocumento" FROM "clientes" WHERE "clientes"."clienteid" = 3 LIMIT 21; args=(3,); alias=default
(0.094) SELECT "empleados"."empleadoid", "empleados"."nombre", "empleados"."apellido", "empleados"."telefono", "empleados"."email", "empleados"."direccion", "empleados"."puesto", "empleados"."numerodocumento", "empleados"."usuarioid", "empleados"."sucursalid" FROM "empleados" WHERE "empleados"."empleadoid" = 3 LIMIT 21; args=(3,); alias=default
(0.078) SELECT "sucursales"."sucursalid", "sucursales"."nombre", "sucursales"."direccion", "sucursales"."telefono" FROM "sucursales" WHERE "sucursales"."sucursalid" = 1 LIMIT 21; args=(1,); alias=default
(0.078) SELECT "puntospago"."puntopagoid", "puntospago"."sucursalid", "puntospago"."nombre", "puntospago"."descripcion", "puntospago"."dinerocaja" FROM "puntospago" WHERE "puntospago"."puntopagoid" = 3 LIMIT 21; args=(3,); alias=default
(0.094) SELECT "clientes"."clienteid", "clientes"."nombre", "clientes"."apellido", "clientes"."telefono", "clientes"."email", "clientes"."numerodocumento" FROM "clientes" WHERE "clientes"."clienteid" = 3 LIMIT 21; args=(3,); alias=default
(0.078) SELECT "empleados"."empleadoid", "empleados"."nombre", "empleados"."apellido", "empleados"."telefono", "empleados"."email", "empleados"."direccion", "empleados"."puesto", "empleados"."numerodocumento", "empleados"."usuarioid", "empleados"."sucursalid" FROM "empleados" WHERE "empleados"."empleadoid" = 3 LIMIT 21; args=(3,); alias=default
(0.109) SELECT "django_session"."session_key", "django_session"."session_data", "django_session"."expire_date" FROM "django_session" WHERE ("django_session"."expire_date" > '2025-08-16T19:39:29.225540'::timestamp AND "django_session"."session_key" = 't6gw7w625pxs728e22ixxp52h41qhq35') LIMIT 21; args=(datetime.datetime(2025, 8, 16, 19, 39, 29, 225540), 't6gw7w625pxs728e22ixxp52h41qhq35'); alias=default
(0.078) SELECT "sucursales"."sucursalid", "sucursales"."nombre", "sucursales"."direccion", "sucursales"."telefono" FROM "sucursales" WHERE "sucursales"."sucursalid" = 3 LIMIT 21; args=(3,); alias=default
(0.110) SELECT "usuarios"."is_superuser", "usuarios"."usuarioid", "usuarios"."nombreusuario", "usuarios"."contraseña", "usuarios"."rolid", "usuarios"."last_login", "usuarios"."is_active", "usuarios"."is_staff" FROM "usuarios" WHERE "usuarios"."usuarioid" = 1 LIMIT 21; args=(1,); alias=default
(0.094) SELECT "puntospago"."puntopagoid", "puntospago"."sucursalid", "puntospago"."nombre", "puntospago"."descripcion", "puntospago"."dinerocaja" FROM "puntospago" WHERE "puntospago"."puntopagoid" = 19 LIMIT 21; args=(19,); alias=default
(0.093) SELECT "clientes"."clienteid", "clientes"."nombre", "clientes"."apellido", "clientes"."telefono", "clientes"."email", "clientes"."numerodocumento" FROM "clientes" WHERE "clientes"."clienteid" = 7 LIMIT 21; args=(7,); alias=default
(0.109) SELECT COUNT(*) AS "__count" FROM "cambiosdevoluciones"; args=(); alias=default
(0.078) SELECT "empleados"."empleadoid", "empleados"."nombre", "empleados"."apellido", "empleados"."telefono", "empleados"."email", "empleados"."direccion", "empleados"."puesto", "empleados"."numerodocumento", "empleados"."usuarioid", "empleados"."sucursalid" FROM "empleados" WHERE "empleados"."empleadoid" = 3 LIMIT 21; args=(3,); alias=default
(0.125) SELECT "cambiosdevoluciones"."cambioid", "cambiosdevoluciones"."ventaid", "cambiosdevoluciones"."detalle_id", "cambiosdevoluciones"."productoid", "cambiosdevoluciones"."cantidad", "cambiosdevoluciones"."tipo", "cambiosdevoluciones"."estado", "cambiosdevoluciones"."fecha", "cambiosdevoluciones"."motivo", "ventas"."ventaid", "ventas"."fecha", "ventas"."hora", "ventas"."clienteid", "ventas"."empleadoid", "ventas"."sucursalid", "ventas"."puntopagoid", "ventas"."total", "ventas"."mediopago", "detallesventas"."detalleventaid", "detallesventas"."ventaid", "detallesventas"."productoid", "detallesventas"."cantidad", "detallesventas"."preciounitario", "productos"."productoid", "productos"."nombre", "productos"."descripcion", "productos"."precio", "productos"."categoria_id", "productos"."codigo_de_barras", "productos"."iva" FROM "cambiosdevoluciones" INNER JOIN "ventas" ON ("cambiosdevoluciones"."ventaid" = "ventas"."ventaid") INNER JOIN "detallesventas" ON ("cambiosdevoluciones"."detalle_id" = "detallesventas"."detalleventaid") INNER JOIN "productos" ON ("cambiosdevoluciones"."productoid" = "productos"."productoid") ORDER BY "cambiosdevoluciones"."fecha" DESC, "cambiosdevoluciones"."cambioid" DESC LIMIT 7; args=(); alias=default
(0.000) BEGIN; args=None; alias=default
(0.094) SELECT "sucursales"."sucursalid", "sucursales"."nombre", "sucursales"."direccion", "sucursales"."telefono" FROM "sucursales" WHERE "sucursales"."sucursalid" = 1 LIMIT 21; args=(1,); alias=default
(0.078) SELECT "puntospago"."puntopagoid", "puntospago"."sucursalid", "puntospago"."nombre", "puntospago"."descripcion", "puntospago"."dinerocaja" FROM "puntospago" WHERE "puntospago"."puntopagoid" = 3 LIMIT 21; args=(3,); alias=default
(0.078) SELECT "clientes"."clienteid", "clientes"."nombre", "clientes"."apellido", "clientes"."telefono", "clientes"."email", "clientes"."numerodocumento" FROM "clientes" WHERE "clientes"."clienteid" = 6 LIMIT 21; args=(6,); alias=default
(0.219) UPDATE "django_session" SET "session_data" = '.eJxVjDsOwjAQBe_iGlnxbxNT0nMGy7te4wCypTipEHeHSCmgfTPzXiLEbS1h67yEOYmzUOL0u2GkB9cdpHustyap1XWZUe6KPGiX15b4eTncv4MSe_nW7PRICoybgLwCNSEMDDGTAZ_J-iFB9tkConIw-kTIxKQoO521ASveH9mSOBk:1unRQo:USzAjlDeHrOySUbX5zO1zjRnWVWxl1po6GY0Wb3RR6A', "expire_date" = '2025-08-30T19:39:30.471510'::timestamp WHERE "django_session"."session_key" = 't6gw7w625pxs728e22ixxp52h41qhq35'; args=('.eJxVjDsOwjAQBe_iGlnxbxNT0nMGy7te4wCypTipEHeHSCmgfTPzXiLEbS1h67yEOYmzUOL0u2GkB9cdpHustyap1XWZUe6KPGiX15b4eTncv4MSe_nW7PRICoybgLwCNSEMDDGTAZ_J-iFB9tkConIw-kTIxKQoO521ASveH9mSOBk:1unRQo:USzAjlDeHrOySUbX5zO1zjRnWVWxl1po6GY0Wb3RR6A', datetime.datetime(2025, 8, 30, 19, 39, 30, 471510), 't6gw7w625pxs728e22ixxp52h41qhq35'); alias=default
(0.094) SELECT "empleados"."empleadoid", "empleados"."nombre", "empleados"."apellido", "empleados"."telefono", "empleados"."email", "empleados"."direccion", "empleados"."puesto", "empleados"."numerodocumento", "empleados"."usuarioid", "empleados"."sucursalid" FROM "empleados" WHERE "empleados"."empleadoid" = 3 LIMIT 21; args=(3,); alias=default
(0.109) COMMIT; args=None; alias=default
"GET /cambios/ HTTP/1.1" 200 9790
(0.078) SELECT "sucursales"."sucursalid", "sucursales"."nombre", "sucursales"."direccion", "sucursales"."telefono" FROM "sucursales" WHERE "sucursales"."sucursalid" = 1 LIMIT 21; args=(1,); alias=default
(0.094) SELECT "puntospago"."puntopagoid", "puntospago"."sucursalid", "puntospago"."nombre", "puntospago"."descripcion", "puntospago"."dinerocaja" FROM "puntospago" WHERE "puntospago"."puntopagoid" = 3 LIMIT 21; args=(3,); alias=default
(0.094) SELECT "clientes"."clienteid", "clientes"."nombre", "clientes"."apellido", "clientes"."telefono", "clientes"."email", "clientes"."numerodocumento" FROM "clientes" WHERE "clientes"."clienteid" = 6 LIMIT 21; args=(6,); alias=default
(0.078) SELECT "empleados"."empleadoid", "empleados"."nombre", "empleados"."apellido", "empleados"."telefono", "empleados"."email", "empleados"."direccion", "empleados"."puesto", "empleados"."numerodocumento", "empleados"."usuarioid", "empleados"."sucursalid" FROM "empleados" WHERE "empleados"."empleadoid" = 3 LIMIT 21; args=(3,); alias=default
(0.094) SELECT "sucursales"."sucursalid", "sucursales"."nombre", "sucursales"."direccion", "sucursales"."telefono" FROM "sucursales" WHERE "sucursales"."sucursalid" = 1 LIMIT 21; args=(1,); alias=default
(0.078) SELECT "puntospago"."puntopagoid", "puntospago"."sucursalid", "puntospago"."nombre", "puntospago"."descripcion", "puntospago"."dinerocaja" FROM "puntospago" WHERE "puntospago"."puntopagoid" = 3 LIMIT 21; args=(3,); alias=default
(0.078) SELECT "clientes"."clienteid", "clientes"."nombre", "clientes"."apellido", "clientes"."telefono", "clientes"."email", "clientes"."numerodocumento" FROM "clientes" WHERE "clientes"."clienteid" = 4 LIMIT 21; args=(4,); alias=default
(0.094) SELECT "empleados"."empleadoid", "empleados"."nombre", "empleados"."apellido", "empleados"."telefono", "empleados"."email", "empleados"."direccion", "empleados"."puesto", "empleados"."numerodocumento", "empleados"."usuarioid", "empleados"."sucursalid" FROM "empleados" WHERE "empleados"."empleadoid" = 3 LIMIT 21; args=(3,); alias=default
(0.078) SELECT "sucursales"."sucursalid", "sucursales"."nombre", "sucursales"."direccion", "sucursales"."telefono" FROM "sucursales" WHERE "sucursales"."sucursalid" = 6 LIMIT 21; args=(6,); alias=default
(0.078) SELECT "puntospago"."puntopagoid", "puntospago"."sucursalid", "puntospago"."nombre", "puntospago"."descripcion", "puntospago"."dinerocaja" FROM "puntospago" WHERE "puntospago"."puntopagoid" = 17 LIMIT 21; args=(17,); alias=default
(0.094) SELECT "clientes"."clienteid", "clientes"."nombre", "clientes"."apellido", "clientes"."telefono", "clientes"."email", "clientes"."numerodocumento" FROM "clientes" WHERE "clientes"."clienteid" = 3 LIMIT 21; args=(3,); alias=default
(0.078) SELECT "empleados"."empleadoid", "empleados"."nombre", "empleados"."apellido", "empleados"."telefono", "empleados"."email", "empleados"."direccion", "empleados"."puesto", "empleados"."numerodocumento", "empleados"."usuarioid", "empleados"."sucursalid" FROM "empleados" WHERE "empleados"."empleadoid" = 3 LIMIT 21; args=(3,); alias=default
(0.078) SELECT "sucursales"."sucursalid", "sucursales"."nombre", "sucursales"."direccion", "sucursales"."telefono" FROM "sucursales" WHERE "sucursales"."sucursalid" = 6 LIMIT 21; args=(6,); alias=default
(0.078) SELECT "puntospago"."puntopagoid", "puntospago"."sucursalid", "puntospago"."nombre", "puntospago"."descripcion", "puntospago"."dinerocaja" FROM "puntospago" WHERE "puntospago"."puntopagoid" = 17 LIMIT 21; args=(17,); alias=default
(0.078) SELECT "empleados"."empleadoid", "empleados"."nombre", "empleados"."apellido", "empleados"."telefono", "empleados"."email", "empleados"."direccion", "empleados"."puesto", "empleados"."numerodocumento", "empleados"."usuarioid", "empleados"."sucursalid" FROM "empleados" WHERE "empleados"."empleadoid" = 3 LIMIT 21; args=(3,); alias=default
(0.094) SELECT "sucursales"."sucursalid", "sucursales"."nombre", "sucursales"."direccion", "sucursales"."telefono" FROM "sucursales" WHERE "sucursales"."sucursalid" = 6 LIMIT 21; args=(6,); alias=default
(0.078) SELECT "puntospago"."puntopagoid", "puntospago"."sucursalid", "puntospago"."nombre", "puntospago"."descripcion", "puntospago"."dinerocaja" FROM "puntospago" WHERE "puntospago"."puntopagoid" = 17 LIMIT 21; args=(17,); alias=default
(0.078) SELECT "empleados"."empleadoid", "empleados"."nombre", "empleados"."apellido", "empleados"."telefono", "empleados"."email", "empleados"."direccion", "empleados"."puesto", "empleados"."numerodocumento", "empleados"."usuarioid", "empleados"."sucursalid" FROM "empleados" WHERE "empleados"."empleadoid" = 3 LIMIT 21; args=(3,); alias=default
(0.094) SELECT "sucursales"."sucursalid", "sucursales"."nombre", "sucursales"."direccion", "sucursales"."telefono" FROM "sucursales" WHERE "sucursales"."sucursalid" = 6 LIMIT 21; args=(6,); alias=default
(0.078) SELECT "puntospago"."puntopagoid", "puntospago"."sucursalid", "puntospago"."nombre", "puntospago"."descripcion", "puntospago"."dinerocaja" FROM "puntospago" WHERE "puntospago"."puntopagoid" = 17 LIMIT 21; args=(17,); alias=default
(0.078) SELECT "empleados"."empleadoid", "empleados"."nombre", "empleados"."apellido", "empleados"."telefono", "empleados"."email", "empleados"."direccion", "empleados"."puesto", "empleados"."numerodocumento", "empleados"."usuarioid", "empleados"."sucursalid" FROM "empleados" WHERE "empleados"."empleadoid" = 3 LIMIT 21; args=(3,); alias=default
(0.094) SELECT "sucursales"."sucursalid", "sucursales"."nombre", "sucursales"."direccion", "sucursales"."telefono" FROM "sucursales" WHERE "sucursales"."sucursalid" = 6 LIMIT 21; args=(6,); alias=default
(0.078) SELECT "puntospago"."puntopagoid", "puntospago"."sucursalid", "puntospago"."nombre", "puntospago"."descripcion", "puntospago"."dinerocaja" FROM "puntospago" WHERE "puntospago"."puntopagoid" = 17 LIMIT 21; args=(17,); alias=default
(0.078) SELECT "clientes"."clienteid", "clientes"."nombre", "clientes"."apellido", "clientes"."telefono", "clientes"."email", "clientes"."numerodocumento" FROM "clientes" WHERE "clientes"."clienteid" = 1 LIMIT 21; args=(1,); alias=default
(0.079) SELECT "empleados"."empleadoid", "empleados"."nombre", "empleados"."apellido", "empleados"."telefono", "empleados"."email", "empleados"."direccion", "empleados"."puesto", "empleados"."numerodocumento", "empleados"."usuarioid", "empleados"."sucursalid" FROM "empleados" WHERE "empleados"."empleadoid" = 3 LIMIT 21; args=(3,); alias=default
(0.078) SELECT "sucursales"."sucursalid", "sucursales"."nombre", "sucursales"."direccion", "sucursales"."telefono" FROM "sucursales" WHERE "sucursales"."sucursalid" = 6 LIMIT 21; args=(6,); alias=default
(0.078) SELECT "puntospago"."puntopagoid", "puntospago"."sucursalid", "puntospago"."nombre", "puntospago"."descripcion", "puntospago"."dinerocaja" FROM "puntospago" WHERE "puntospago"."puntopagoid" = 17 LIMIT 21; args=(17,); alias=default
(0.079) SELECT "empleados"."empleadoid", "empleados"."nombre", "empleados"."apellido", "empleados"."telefono", "empleados"."email", "empleados"."direccion", "empleados"."puesto", "empleados"."numerodocumento", "empleados"."usuarioid", "empleados"."sucursalid" FROM "empleados" WHERE "empleados"."empleadoid" = 3 LIMIT 21; args=(3,); alias=default
(0.078) SELECT "sucursales"."sucursalid", "sucursales"."nombre", "sucursales"."direccion", "sucursales"."telefono" FROM "sucursales" WHERE "sucursales"."sucursalid" = 6 LIMIT 21; args=(6,); alias=default
(0.093) SELECT "puntospago"."puntopagoid", "puntospago"."sucursalid", "puntospago"."nombre", "puntospago"."descripcion", "puntospago"."dinerocaja" FROM "puntospago" WHERE "puntospago"."puntopagoid" = 17 LIMIT 21; args=(17,); alias=default
(0.079) SELECT "empleados"."empleadoid", "empleados"."nombre", "empleados"."apellido", "empleados"."telefono", "empleados"."email", "empleados"."direccion", "empleados"."puesto", "empleados"."numerodocumento", "empleados"."usuarioid", "empleados"."sucursalid" FROM "empleados" WHERE "empleados"."empleadoid" = 3 LIMIT 21; args=(3,); alias=default
(0.078) SELECT "sucursales"."sucursalid", "sucursales"."nombre", "sucursales"."direccion", "sucursales"."telefono" FROM "sucursales" WHERE "sucursales"."sucursalid" = 6 LIMIT 21; args=(6,); alias=default
(0.093) SELECT "puntospago"."puntopagoid", "puntospago"."sucursalid", "puntospago"."nombre", "puntospago"."descripcion", "puntospago"."dinerocaja" FROM "puntospago" WHERE "puntospago"."puntopagoid" = 17 LIMIT 21; args=(17,); alias=default
(0.079) SELECT "empleados"."empleadoid", "empleados"."nombre", "empleados"."apellido", "empleados"."telefono", "empleados"."email", "empleados"."direccion", "empleados"."puesto", "empleados"."numerodocumento", "empleados"."usuarioid", "empleados"."sucursalid" FROM "empleados" WHERE "empleados"."empleadoid" = 3 LIMIT 21; args=(3,); alias=default
(0.093) SELECT "sucursales"."sucursalid", "sucursales"."nombre", "sucursales"."direccion", "sucursales"."telefono" FROM "sucursales" WHERE "sucursales"."sucursalid" = 6 LIMIT 21; args=(6,); alias=default
(0.078) SELECT "puntospago"."puntopagoid", "puntospago"."sucursalid", "puntospago"."nombre", "puntospago"."descripcion", "puntospago"."dinerocaja" FROM "puntospago" WHERE "puntospago"."puntopagoid" = 17 LIMIT 21; args=(17,); alias=default
(0.078) SELECT "django_session"."session_key", "django_session"."session_data", "django_session"."expire_date" FROM "django_session" WHERE ("django_session"."expire_date" > '2025-08-16T19:39:33.110000'::timestamp AND "django_session"."session_key" = 't6gw7w625pxs728e22ixxp52h41qhq35') LIMIT 21; args=(datetime.datetime(2025, 8, 16, 19, 39, 33, 110000), 't6gw7w625pxs728e22ixxp52h41qhq35'); alias=default
(0.079) SELECT "empleados"."empleadoid", "empleados"."nombre", "empleados"."apellido", "empleados"."telefono", "empleados"."email", "empleados"."direccion", "empleados"."puesto", "empleados"."numerodocumento", "empleados"."usuarioid", "empleados"."sucursalid" FROM "empleados" WHERE "empleados"."empleadoid" = 3 LIMIT 21; args=(3,); alias=default
(0.094) SELECT "usuarios"."is_superuser", "usuarios"."usuarioid", "usuarios"."nombreusuario", "usuarios"."contraseña", "usuarios"."rolid", "usuarios"."last_login", "usuarios"."is_active", "usuarios"."is_staff" FROM "usuarios" WHERE "usuarios"."usuarioid" = 1 LIMIT 21; args=(1,); alias=default
(0.000) BEGIN; args=None; alias=default
(0.093) SELECT "sucursales"."sucursalid", "sucursales"."nombre", "sucursales"."direccion", "sucursales"."telefono" FROM "sucursales" WHERE "sucursales"."sucursalid" = 1 LIMIT 21; args=(1,); alias=default
(0.078) SELECT "puntospago"."puntopagoid", "puntospago"."sucursalid", "puntospago"."nombre", "puntospago"."descripcion", "puntospago"."dinerocaja" FROM "puntospago" WHERE "puntospago"."puntopagoid" = 3 LIMIT 21; args=(3,); alias=default
(0.156) UPDATE "django_session" SET "session_data" = '.eJxVjDsOwjAQBe_iGlnxbxNT0nMGy7te4wCypTipEHeHSCmgfTPzXiLEbS1h67yEOYmzUOL0u2GkB9cdpHustyap1XWZUe6KPGiX15b4eTncv4MSe_nW7PRICoybgLwCNSEMDDGTAZ_J-iFB9tkConIw-kTIxKQoO521ASveH9mSOBk:1unRQr:9Lr3O4jKxuqJbZOm6piusrcxZpUQ-g8YCv1tBoqUO4s', "expire_date" = '2025-08-30T19:39:33.879270'::timestamp WHERE "django_session"."session_key" = 't6gw7w625pxs728e22ixxp52h41qhq35'; args=('.eJxVjDsOwjAQBe_iGlnxbxNT0nMGy7te4wCypTipEHeHSCmgfTPzXiLEbS1h67yEOYmzUOL0u2GkB9cdpHustyap1XWZUe6KPGiX15b4eTncv4MSe_nW7PRICoybgLwCNSEMDDGTAZ_J-iFB9tkConIw-kTIxKQoO521ASveH9mSOBk:1unRQr:9Lr3O4jKxuqJbZOm6piusrcxZpUQ-g8YCv1tBoqUO4s', datetime.datetime(2025, 8, 30, 19, 39, 33, 879270), 't6gw7w625pxs728e22ixxp52h41qhq35'); alias=default
(0.079) SELECT "clientes"."clienteid", "clientes"."nombre", "clientes"."apellido", "clientes"."telefono", "clientes"."email", "clientes"."numerodocumento" FROM "clientes" WHERE "clientes"."clienteid" = 4 LIMIT 21; args=(4,); alias=default
(0.094) COMMIT; args=None; alias=default
"GET /generar_venta/ HTTP/1.1" 200 11196
(0.093) SELECT "empleados"."empleadoid", "empleados"."nombre", "empleados"."apellido", "empleados"."telefono", "empleados"."email", "empleados"."direccion", "empleados"."puesto", "empleados"."numerodocumento", "empleados"."usuarioid", "empleados"."sucursalid" FROM "empleados" WHERE "empleados"."empleadoid" = 3 LIMIT 21; args=(3,); alias=default
(0.078) SELECT "sucursales"."sucursalid", "sucursales"."nombre", "sucursales"."direccion", "sucursales"."telefono" FROM "sucursales" WHERE "sucursales"."sucursalid" = 3 LIMIT 21; args=(3,); alias=default
(0.079) SELECT "puntospago"."puntopagoid", "puntospago"."sucursalid", "puntospago"."nombre", "puntospago"."descripcion", "puntospago"."dinerocaja" FROM "puntospago" WHERE "puntospago"."puntopagoid" = 19 LIMIT 21; args=(19,); alias=default
(0.000) BEGIN; args=None; alias=default
(0.171) UPDATE "django_session" SET "session_data" = '.eJxVjDsOwjAQBe_iGlnxbxNT0nMGy7te4wCypTipEHeHSCmgfTPzXiLEbS1h67yEOYmzUOL0u2GkB9cdpHustyap1XWZUe6KPGiX15b4eTncv4MSe_nW7PRICoybgLwCNSEMDDGTAZ_J-iFB9tkConIw-kTIxKQoO521ASveH9mSOBk:1unRQs:KhtClZMmQMv9-n8Q5sXUSs_YqQs6R9YH3gDB1FakEFM', "expire_date" = '2025-08-30T19:39:34.375346'::timestamp WHERE "django_session"."session_key" = 't6gw7w625pxs728e22ixxp52h41qhq35'; args=('.eJxVjDsOwjAQBe_iGlnxbxNT0nMGy7te4wCypTipEHeHSCmgfTPzXiLEbS1h67yEOYmzUOL0u2GkB9cdpHustyap1XWZUe6KPGiX15b4eTncv4MSe_nW7PRICoybgLwCNSEMDDGTAZ_J-iFB9tkConIw-kTIxKQoO521ASveH9mSOBk:1unRQs:KhtClZMmQMv9-n8Q5sXUSs_YqQs6R9YH3gDB1FakEFM', datetime.datetime(2025, 8, 30, 19, 39, 34, 375346), 't6gw7w625pxs728e22ixxp52h41qhq35'); alias=default
(0.079) COMMIT; args=None; alias=default
- Broken pipe from ('127.0.0.1', 61177)
(0.093) SELECT "django_session"."session_key", "django_session"."session_data", "django_session"."expire_date" FROM "django_session" WHERE ("django_session"."expire_date" > '2025-08-16T19:39:37.679590'::timestamp AND "django_session"."session_key" = 't6gw7w625pxs728e22ixxp52h41qhq35') LIMIT 21; args=(datetime.datetime(2025, 8, 16, 19, 39, 37, 679590), 't6gw7w625pxs728e22ixxp52h41qhq35'); alias=default
(0.094) SELECT "usuarios"."is_superuser", "usuarios"."usuarioid", "usuarios"."nombreusuario", "usuarios"."contraseña", "usuarios"."rolid", "usuarios"."last_login", "usuarios"."is_active", "usuarios"."is_staff" FROM "usuarios" WHERE "usuarios"."usuarioid" = 1 LIMIT 21; args=(1,); alias=default
(0.109) SELECT COUNT(*) AS "__count" FROM "ventas"; args=(); alias=default
(0.094) SELECT "ventas"."ventaid", "ventas"."fecha", "ventas"."hora", "ventas"."clienteid", "ventas"."empleadoid", "ventas"."sucursalid", "ventas"."puntopagoid", "ventas"."total", "ventas"."mediopago" FROM "ventas" ORDER BY "ventas"."fecha" DESC, "ventas"."hora" DESC LIMIT 16; args=(); alias=default
(0.094) SELECT "clientes"."clienteid", "clientes"."nombre", "clientes"."apellido", "clientes"."telefono", "clientes"."email", "clientes"."numerodocumento" FROM "clientes" WHERE "clientes"."clienteid" = 3 LIMIT 21; args=(3,); alias=default
(0.109) SELECT "empleados"."empleadoid", "empleados"."nombre", "empleados"."apellido", "empleados"."telefono", "empleados"."email", "empleados"."direccion", "empleados"."puesto", "empleados"."numerodocumento", "empleados"."usuarioid", "empleados"."sucursalid" FROM "empleados" WHERE "empleados"."empleadoid" = 3 LIMIT 21; args=(3,); alias=default
(0.094) SELECT "sucursales"."sucursalid", "sucursales"."nombre", "sucursales"."direccion", "sucursales"."telefono" FROM "sucursales" WHERE "sucursales"."sucursalid" = 1 LIMIT 21; args=(1,); alias=default
(0.094) SELECT "puntospago"."puntopagoid", "puntospago"."sucursalid", "puntospago"."nombre", "puntospago"."descripcion", "puntospago"."dinerocaja" FROM "puntospago" WHERE "puntospago"."puntopagoid" = 3 LIMIT 21; args=(3,); alias=default
(0.109) SELECT "clientes"."clienteid", "clientes"."nombre", "clientes"."apellido", "clientes"."telefono", "clientes"."email", "clientes"."numerodocumento" FROM "clientes" WHERE "clientes"."clienteid" = 3 LIMIT 21; args=(3,); alias=default
(0.094) SELECT "empleados"."empleadoid", "empleados"."nombre", "empleados"."apellido", "empleados"."telefono", "empleados"."email", "empleados"."direccion", "empleados"."puesto", "empleados"."numerodocumento", "empleados"."usuarioid", "empleados"."sucursalid" FROM "empleados" WHERE "empleados"."empleadoid" = 3 LIMIT 21; args=(3,); alias=default
(0.094) SELECT "sucursales"."sucursalid", "sucursales"."nombre", "sucursales"."direccion", "sucursales"."telefono" FROM "sucursales" WHERE "sucursales"."sucursalid" = 3 LIMIT 21; args=(3,); alias=default
(0.109) SELECT "puntospago"."puntopagoid", "puntospago"."sucursalid", "puntospago"."nombre", "puntospago"."descripcion", "puntospago"."dinerocaja" FROM "puntospago" WHERE "puntospago"."puntopagoid" = 19 LIMIT 21; args=(19,); alias=default
(0.094) SELECT "clientes"."clienteid", "clientes"."nombre", "clientes"."apellido", "clientes"."telefono", "clientes"."email", "clientes"."numerodocumento" FROM "clientes" WHERE "clientes"."clienteid" = 7 LIMIT 21; args=(7,); alias=default
(0.094) SELECT "empleados"."empleadoid", "empleados"."nombre", "empleados"."apellido", "empleados"."telefono", "empleados"."email", "empleados"."direccion", "empleados"."puesto", "empleados"."numerodocumento", "empleados"."usuarioid", "empleados"."sucursalid" FROM "empleados" WHERE "empleados"."empleadoid" = 3 LIMIT 21; args=(3,); alias=default
(0.109) SELECT "sucursales"."sucursalid", "sucursales"."nombre", "sucursales"."direccion", "sucursales"."telefono" FROM "sucursales" WHERE "sucursales"."sucursalid" = 1 LIMIT 21; args=(1,); alias=default
(0.094) SELECT "puntospago"."puntopagoid", "puntospago"."sucursalid", "puntospago"."nombre", "puntospago"."descripcion", "puntospago"."dinerocaja" FROM "puntospago" WHERE "puntospago"."puntopagoid" = 3 LIMIT 21; args=(3,); alias=default
(0.093) SELECT "clientes"."clienteid", "clientes"."nombre", "clientes"."apellido", "clientes"."telefono", "clientes"."email", "clientes"."numerodocumento" FROM "clientes" WHERE "clientes"."clienteid" = 6 LIMIT 21; args=(6,); alias=default
(0.110) SELECT "empleados"."empleadoid", "empleados"."nombre", "empleados"."apellido", "empleados"."telefono", "empleados"."email", "empleados"."direccion", "empleados"."puesto", "empleados"."numerodocumento", "empleados"."usuarioid", "empleados"."sucursalid" FROM "empleados" WHERE "empleados"."empleadoid" = 3 LIMIT 21; args=(3,); alias=default
(0.094) SELECT "sucursales"."sucursalid", "sucursales"."nombre", "sucursales"."direccion", "sucursales"."telefono" FROM "sucursales" WHERE "sucursales"."sucursalid" = 1 LIMIT 21; args=(1,); alias=default
(0.093) SELECT "puntospago"."puntopagoid", "puntospago"."sucursalid", "puntospago"."nombre", "puntospago"."descripcion", "puntospago"."dinerocaja" FROM "puntospago" WHERE "puntospago"."puntopagoid" = 3 LIMIT 21; args=(3,); alias=default
(0.110) SELECT "clientes"."clienteid", "clientes"."nombre", "clientes"."apellido", "clientes"."telefono", "clientes"."email", "clientes"."numerodocumento" FROM "clientes" WHERE "clientes"."clienteid" = 6 LIMIT 21; args=(6,); alias=default
(0.093) SELECT "empleados"."empleadoid", "empleados"."nombre", "empleados"."apellido", "empleados"."telefono", "empleados"."email", "empleados"."direccion", "empleados"."puesto", "empleados"."numerodocumento", "empleados"."usuarioid", "empleados"."sucursalid" FROM "empleados" WHERE "empleados"."empleadoid" = 3 LIMIT 21; args=(3,); alias=default
(0.094) SELECT "sucursales"."sucursalid", "sucursales"."nombre", "sucursales"."direccion", "sucursales"."telefono" FROM "sucursales" WHERE "sucursales"."sucursalid" = 1 LIMIT 21; args=(1,); alias=default
(0.110) SELECT "puntospago"."puntopagoid", "puntospago"."sucursalid", "puntospago"."nombre", "puntospago"."descripcion", "puntospago"."dinerocaja" FROM "puntospago" WHERE "puntospago"."puntopagoid" = 3 LIMIT 21; args=(3,); alias=default
(0.093) SELECT "clientes"."clienteid", "clientes"."nombre", "clientes"."apellido", "clientes"."telefono", "clientes"."email", "clientes"."numerodocumento" FROM "clientes" WHERE "clientes"."clienteid" = 4 LIMIT 21; args=(4,); alias=default
(0.094) SELECT "empleados"."empleadoid", "empleados"."nombre", "empleados"."apellido", "empleados"."telefono", "empleados"."email", "empleados"."direccion", "empleados"."puesto", "empleados"."numerodocumento", "empleados"."usuarioid", "empleados"."sucursalid" FROM "empleados" WHERE "empleados"."empleadoid" = 3 LIMIT 21; args=(3,); alias=default
(0.109) SELECT "sucursales"."sucursalid", "sucursales"."nombre", "sucursales"."direccion", "sucursales"."telefono" FROM "sucursales" WHERE "sucursales"."sucursalid" = 6 LIMIT 21; args=(6,); alias=default
(0.094) SELECT "puntospago"."puntopagoid", "puntospago"."sucursalid", "puntospago"."nombre", "puntospago"."descripcion", "puntospago"."dinerocaja" FROM "puntospago" WHERE "puntospago"."puntopagoid" = 17 LIMIT 21; args=(17,); alias=default
(0.094) SELECT "clientes"."clienteid", "clientes"."nombre", "clientes"."apellido", "clientes"."telefono", "clientes"."email", "clientes"."numerodocumento" FROM "clientes" WHERE "clientes"."clienteid" = 3 LIMIT 21; args=(3,); alias=default
(0.109) SELECT "empleados"."empleadoid", "empleados"."nombre", "empleados"."apellido", "empleados"."telefono", "empleados"."email", "empleados"."direccion", "empleados"."puesto", "empleados"."numerodocumento", "empleados"."usuarioid", "empleados"."sucursalid" FROM "empleados" WHERE "empleados"."empleadoid" = 3 LIMIT 21; args=(3,); alias=default
(0.094) SELECT "sucursales"."sucursalid", "sucursales"."nombre", "sucursales"."direccion", "sucursales"."telefono" FROM "sucursales" WHERE "sucursales"."sucursalid" = 6 LIMIT 21; args=(6,); alias=default
(0.094) SELECT "puntospago"."puntopagoid", "puntospago"."sucursalid", "puntospago"."nombre", "puntospago"."descripcion", "puntospago"."dinerocaja" FROM "puntospago" WHERE "puntospago"."puntopagoid" = 17 LIMIT 21; args=(17,); alias=default
(0.109) SELECT "empleados"."empleadoid", "empleados"."nombre", "empleados"."apellido", "empleados"."telefono", "empleados"."email", "empleados"."direccion", "empleados"."puesto", "empleados"."numerodocumento", "empleados"."usuarioid", "empleados"."sucursalid" FROM "empleados" WHERE "empleados"."empleadoid" = 3 LIMIT 21; args=(3,); alias=default
(0.094) SELECT "sucursales"."sucursalid", "sucursales"."nombre", "sucursales"."direccion", "sucursales"."telefono" FROM "sucursales" WHERE "sucursales"."sucursalid" = 6 LIMIT 21; args=(6,); alias=default
(0.094) SELECT "puntospago"."puntopagoid", "puntospago"."sucursalid", "puntospago"."nombre", "puntospago"."descripcion", "puntospago"."dinerocaja" FROM "puntospago" WHERE "puntospago"."puntopagoid" = 17 LIMIT 21; args=(17,); alias=default
(0.109) SELECT "empleados"."empleadoid", "empleados"."nombre", "empleados"."apellido", "empleados"."telefono", "empleados"."email", "empleados"."direccion", "empleados"."puesto", "empleados"."numerodocumento", "empleados"."usuarioid", "empleados"."sucursalid" FROM "empleados" WHERE "empleados"."empleadoid" = 3 LIMIT 21; args=(3,); alias=default
(0.094) SELECT "sucursales"."sucursalid", "sucursales"."nombre", "sucursales"."direccion", "sucursales"."telefono" FROM "sucursales" WHERE "sucursales"."sucursalid" = 6 LIMIT 21; args=(6,); alias=default
(0.094) SELECT "puntospago"."puntopagoid", "puntospago"."sucursalid", "puntospago"."nombre", "puntospago"."descripcion", "puntospago"."dinerocaja" FROM "puntospago" WHERE "puntospago"."puntopagoid" = 17 LIMIT 21; args=(17,); alias=default
(0.109) SELECT "empleados"."empleadoid", "empleados"."nombre", "empleados"."apellido", "empleados"."telefono", "empleados"."email", "empleados"."direccion", "empleados"."puesto", "empleados"."numerodocumento", "empleados"."usuarioid", "empleados"."sucursalid" FROM "empleados" WHERE "empleados"."empleadoid" = 3 LIMIT 21; args=(3,); alias=default
(0.094) SELECT "sucursales"."sucursalid", "sucursales"."nombre", "sucursales"."direccion", "sucursales"."telefono" FROM "sucursales" WHERE "sucursales"."sucursalid" = 6 LIMIT 21; args=(6,); alias=default
(0.093) SELECT "puntospago"."puntopagoid", "puntospago"."sucursalid", "puntospago"."nombre", "puntospago"."descripcion", "puntospago"."dinerocaja" FROM "puntospago" WHERE "puntospago"."puntopagoid" = 17 LIMIT 21; args=(17,); alias=default
(0.094) SELECT "clientes"."clienteid", "clientes"."nombre", "clientes"."apellido", "clientes"."telefono", "clientes"."email", "clientes"."numerodocumento" FROM "clientes" WHERE "clientes"."clienteid" = 1 LIMIT 21; args=(1,); alias=default
(0.110) SELECT "empleados"."empleadoid", "empleados"."nombre", "empleados"."apellido", "empleados"."telefono", "empleados"."email", "empleados"."direccion", "empleados"."puesto", "empleados"."numerodocumento", "empleados"."usuarioid", "empleados"."sucursalid" FROM "empleados" WHERE "empleados"."empleadoid" = 3 LIMIT 21; args=(3,); alias=default
(0.093) SELECT "sucursales"."sucursalid", "sucursales"."nombre", "sucursales"."direccion", "sucursales"."telefono" FROM "sucursales" WHERE "sucursales"."sucursalid" = 6 LIMIT 21; args=(6,); alias=default
(0.094) SELECT "puntospago"."puntopagoid", "puntospago"."sucursalid", "puntospago"."nombre", "puntospago"."descripcion", "puntospago"."dinerocaja" FROM "puntospago" WHERE "puntospago"."puntopagoid" = 17 LIMIT 21; args=(17,); alias=default
(0.109) SELECT "empleados"."empleadoid", "empleados"."nombre", "empleados"."apellido", "empleados"."telefono", "empleados"."email", "empleados"."direccion", "empleados"."puesto", "empleados"."numerodocumento", "empleados"."usuarioid", "empleados"."sucursalid" FROM "empleados" WHERE "empleados"."empleadoid" = 3 LIMIT 21; args=(3,); alias=default
(0.094) SELECT "sucursales"."sucursalid", "sucursales"."nombre", "sucursales"."direccion", "sucursales"."telefono" FROM "sucursales" WHERE "sucursales"."sucursalid" = 6 LIMIT 21; args=(6,); alias=default
(0.094) SELECT "puntospago"."puntopagoid", "puntospago"."sucursalid", "puntospago"."nombre", "puntospago"."descripcion", "puntospago"."dinerocaja" FROM "puntospago" WHERE "puntospago"."puntopagoid" = 17 LIMIT 21; args=(17,); alias=default
(0.109) SELECT "empleados"."empleadoid", "empleados"."nombre", "empleados"."apellido", "empleados"."telefono", "empleados"."email", "empleados"."direccion", "empleados"."puesto", "empleados"."numerodocumento", "empleados"."usuarioid", "empleados"."sucursalid" FROM "empleados" WHERE "empleados"."empleadoid" = 3 LIMIT 21; args=(3,); alias=default
(0.094) SELECT "sucursales"."sucursalid", "sucursales"."nombre", "sucursales"."direccion", "sucursales"."telefono" FROM "sucursales" WHERE "sucursales"."sucursalid" = 6 LIMIT 21; args=(6,); alias=default
(0.094) SELECT "puntospago"."puntopagoid", "puntospago"."sucursalid", "puntospago"."nombre", "puntospago"."descripcion", "puntospago"."dinerocaja" FROM "puntospago" WHERE "puntospago"."puntopagoid" = 17 LIMIT 21; args=(17,); alias=default
(0.109) SELECT "empleados"."empleadoid", "empleados"."nombre", "empleados"."apellido", "empleados"."telefono", "empleados"."email", "empleados"."direccion", "empleados"."puesto", "empleados"."numerodocumento", "empleados"."usuarioid", "empleados"."sucursalid" FROM "empleados" WHERE "empleados"."empleadoid" = 3 LIMIT 21; args=(3,); alias=default
(0.094) SELECT "sucursales"."sucursalid", "sucursales"."nombre", "sucursales"."direccion", "sucursales"."telefono" FROM "sucursales" WHERE "sucursales"."sucursalid" = 6 LIMIT 21; args=(6,); alias=default
(0.094) SELECT "puntospago"."puntopagoid", "puntospago"."sucursalid", "puntospago"."nombre", "puntospago"."descripcion", "puntospago"."dinerocaja" FROM "puntospago" WHERE "puntospago"."puntopagoid" = 17 LIMIT 21; args=(17,); alias=default
(0.109) SELECT "empleados"."empleadoid", "empleados"."nombre", "empleados"."apellido", "empleados"."telefono", "empleados"."email", "empleados"."direccion", "empleados"."puesto", "empleados"."numerodocumento", "empleados"."usuarioid", "empleados"."sucursalid" FROM "empleados" WHERE "empleados"."empleadoid" = 3 LIMIT 21; args=(3,); alias=default
(0.094) SELECT "sucursales"."sucursalid", "sucursales"."nombre", "sucursales"."direccion", "sucursales"."telefono" FROM "sucursales" WHERE "sucursales"."sucursalid" = 1 LIMIT 21; args=(1,); alias=default
(0.094) SELECT "puntospago"."puntopagoid", "puntospago"."sucursalid", "puntospago"."nombre", "puntospago"."descripcion", "puntospago"."dinerocaja" FROM "puntospago" WHERE "puntospago"."puntopagoid" = 3 LIMIT 21; args=(3,); alias=default
(0.109) SELECT "clientes"."clienteid", "clientes"."nombre", "clientes"."apellido", "clientes"."telefono", "clientes"."email", "clientes"."numerodocumento" FROM "clientes" WHERE "clientes"."clienteid" = 4 LIMIT 21; args=(4,); alias=default
(0.094) SELECT "empleados"."empleadoid", "empleados"."nombre", "empleados"."apellido", "empleados"."telefono", "empleados"."email", "empleados"."direccion", "empleados"."puesto", "empleados"."numerodocumento", "empleados"."usuarioid", "empleados"."sucursalid" FROM "empleados" WHERE "empleados"."empleadoid" = 3 LIMIT 21; args=(3,); alias=default
(0.093) SELECT "sucursales"."sucursalid", "sucursales"."nombre", "sucursales"."direccion", "sucursales"."telefono" FROM "sucursales" WHERE "sucursales"."sucursalid" = 3 LIMIT 21; args=(3,); alias=default
(0.110) SELECT "puntospago"."puntopagoid", "puntospago"."sucursalid", "puntospago"."nombre", "puntospago"."descripcion", "puntospago"."dinerocaja" FROM "puntospago" WHERE "puntospago"."puntopagoid" = 19 LIMIT 21; args=(19,); alias=default
(0.000) BEGIN; args=None; alias=default
(0.187) UPDATE "django_session" SET "session_data" = '.eJxVjDsOwjAQBe_iGlnxbxNT0nMGy7te4wCypTipEHeHSCmgfTPzXiLEbS1h67yEOYmzUOL0u2GkB9cdpHustyap1XWZUe6KPGiX15b4eTncv4MSe_nW7PRICoybgLwCNSEMDDGTAZ_J-iFB9tkConIw-kTIxKQoO521ASveH9mSOBk:1unRR2:KFv89Y_Q2_v85TQrTbBMTcoC3tNoR1jsWcTntkI0tOA', "expire_date" = '2025-08-30T19:39:44.516374'::timestamp WHERE "django_session"."session_key" = 't6gw7w625pxs728e22ixxp52h41qhq35'; args=('.eJxVjDsOwjAQBe_iGlnxbxNT0nMGy7te4wCypTipEHeHSCmgfTPzXiLEbS1h67yEOYmzUOL0u2GkB9cdpHustyap1XWZUe6KPGiX15b4eTncv4MSe_nW7PRICoybgLwCNSEMDDGTAZ_J-iFB9tkConIw-kTIxKQoO521ASveH9mSOBk:1unRR2:KFv89Y_Q2_v85TQrTbBMTcoC3tNoR1jsWcTntkI0tOA', datetime.datetime(2025, 8, 30, 19, 39, 44, 516374), 't6gw7w625pxs728e22ixxp52h41qhq35'); alias=default
(0.094) COMMIT; args=None; alias=default
"GET /visualizar_ventas/ HTTP/1.1" 200 15179
File C:\Users\willi\OneDrive\Escritorio\Nova\SoftwareAdministrativoSupermercadosNovaAdvance\mainApp\templates\visualizar_ventas.html previous mtime: 1754337533.9515476, current mtime: 1755392137.5642369
C:\Users\willi\OneDrive\Escritorio\Nova\SoftwareAdministrativoSupermercadosNovaAdvance\mainApp\templates\visualizar_ventas.html notified as changed. Signal results: [(<function template_changed at 0x00000202F2DC9A80>, True), (<function translation_file_changed at 0x00000202F3DC3A60>, None)].
(0.094) SELECT "django_session"."session_key", "django_session"."session_data", "django_session"."expire_date" FROM "django_session" WHERE ("django_session"."expire_date" > '2025-08-16T20:03:00.326851'::timestamp AND "django_session"."session_key" = 't6gw7w625pxs728e22ixxp52h41qhq35') LIMIT 21; args=(datetime.datetime(2025, 8, 16, 20, 3, 0, 326851), 't6gw7w625pxs728e22ixxp52h41qhq35'); alias=default
(0.094) SELECT "usuarios"."is_superuser", "usuarios"."usuarioid", "usuarios"."nombreusuario", "usuarios"."contraseña", "usuarios"."rolid", "usuarios"."last_login", "usuarios"."is_active", "usuarios"."is_staff" FROM "usuarios" WHERE "usuarios"."usuarioid" = 1 LIMIT 21; args=(1,); alias=default
(0.109) SELECT "ventas"."ventaid", "ventas"."fecha", "ventas"."hora", "ventas"."clienteid", "ventas"."empleadoid", "ventas"."sucursalid", "ventas"."puntopagoid", "ventas"."total", "ventas"."mediopago", "clientes"."clienteid", "clientes"."nombre", "clientes"."apellido", "clientes"."telefono", "clientes"."email", "clientes"."numerodocumento", "empleados"."empleadoid", "empleados"."nombre", "empleados"."apellido", "empleados"."telefono", "empleados"."email", "empleados"."direccion", "empleados"."puesto", "empleados"."numerodocumento", "empleados"."usuarioid", "empleados"."sucursalid", "sucursales"."sucursalid", "sucursales"."nombre", "sucursales"."direccion", "sucursales"."telefono", "puntospago"."puntopagoid", "puntospago"."sucursalid", "puntospago"."nombre", "puntospago"."descripcion", "puntospago"."dinerocaja" FROM "ventas" LEFT OUTER JOIN "clientes" ON ("ventas"."clienteid" = "clientes"."clienteid") INNER JOIN "empleados" ON ("ventas"."empleadoid" = "empleados"."empleadoid") INNER JOIN "sucursales" ON ("ventas"."sucursalid" = "sucursales"."sucursalid") INNER JOIN "puntospago" ON ("ventas"."puntopagoid" = "puntospago"."puntopagoid") WHERE "ventas"."ventaid" = 6 LIMIT 21; args=(6,); alias=default
(0.094) SELECT "detallesventas"."detalleventaid", "detallesventas"."ventaid", "detallesventas"."productoid", "detallesventas"."cantidad", "detallesventas"."preciounitario", ("detallesventas"."cantidad" * "detallesventas"."preciounitario") AS "subtotal", "productos"."productoid", "productos"."nombre", "productos"."descripcion", "productos"."precio", "productos"."categoria_id", "productos"."codigo_de_barras", "productos"."iva" FROM "detallesventas" INNER JOIN "productos" ON ("detallesventas"."productoid" = "productos"."productoid") WHERE "detallesventas"."ventaid" = 6; args=(6,); alias=default
(0.000) BEGIN; args=None; alias=default
(0.187) UPDATE "django_session" SET "session_data" = '.eJxVjDsOwjAQBe_iGlnxbxNT0nMGy7te4wCypTipEHeHSCmgfTPzXiLEbS1h67yEOYmzUOL0u2GkB9cdpHustyap1XWZUe6KPGiX15b4eTncv4MSe_nW7PRICoybgLwCNSEMDDGTAZ_J-iFB9tkConIw-kTIxKQoO521ASveH9mSOBk:1unRnZ:L6h-DDw12zurRUr-c7mDMnrk99k1SOPJz63lhlWVIJ8', "expire_date" = '2025-08-30T20:03:01.602033'::timestamp WHERE "django_session"."session_key" = 't6gw7w625pxs728e22ixxp52h41qhq35'; args=('.eJxVjDsOwjAQBe_iGlnxbxNT0nMGy7te4wCypTipEHeHSCmgfTPzXiLEbS1h67yEOYmzUOL0u2GkB9cdpHustyap1XWZUe6KPGiX15b4eTncv4MSe_nW7PRICoybgLwCNSEMDDGTAZ_J-iFB9tkConIw-kTIxKQoO521ASveH9mSOBk:1unRnZ:L6h-DDw12zurRUr-c7mDMnrk99k1SOPJz63lhlWVIJ8', datetime.datetime(2025, 8, 30, 20, 3, 1, 602033), 't6gw7w625pxs728e22ixxp52h41qhq35'); alias=default
(0.094) COMMIT; args=None; alias=default
"GET /ver_venta/6/ HTTP/1.1" 200 8377
(0.125) SELECT "django_session"."session_key", "django_session"."session_data", "django_session"."expire_date" FROM "django_session" WHERE ("django_session"."expire_date" > '2025-08-16T20:03:05.333512'::timestamp AND "django_session"."session_key" = 't6gw7w625pxs728e22ixxp52h41qhq35') LIMIT 21; args=(datetime.datetime(2025, 8, 16, 20, 3, 5, 333512), 't6gw7w625pxs728e22ixxp52h41qhq35'); alias=default
(0.109) SELECT "usuarios"."is_superuser", "usuarios"."usuarioid", "usuarios"."nombreusuario", "usuarios"."contraseña", "usuarios"."rolid", "usuarios"."last_login", "usuarios"."is_active", "usuarios"."is_staff" FROM "usuarios" WHERE "usuarios"."usuarioid" = 1 LIMIT 21; args=(1,); alias=default
(0.000) BEGIN; args=None; alias=default
(0.219) SELECT "ventas"."ventaid", "ventas"."fecha", "ventas"."hora", "ventas"."clienteid", "ventas"."empleadoid", "ventas"."sucursalid", "ventas"."puntopagoid", "ventas"."total", "ventas"."mediopago" FROM "ventas" WHERE "ventas"."ventaid" = 6 LIMIT 21; args=(6,); alias=default
(0.109) SELECT "detallesventas"."detalleventaid", "detallesventas"."ventaid", "detallesventas"."productoid", "detallesventas"."cantidad", "detallesventas"."preciounitario" FROM "detallesventas" WHERE ("detallesventas"."ventaid" = 6 AND "detallesventas"."detalleventaid" = 6) LIMIT 21; args=(6, 6); alias=default
(0.109) SAVEPOINT "s8752_x1"; args=None; alias=default
(0.110) SELECT "productos"."productoid", "productos"."nombre", "productos"."descripcion", "productos"."precio", "productos"."categoria_id", "productos"."codigo_de_barras", "productos"."iva" FROM "productos" WHERE "productos"."productoid" = 2 LIMIT 21; args=(2,); alias=default
(0.125) INSERT INTO "cambiosdevoluciones" ("ventaid", "detalle_id", "productoid", "cantidad", "tipo", "estado", "fecha", "motivo") VALUES (6, 6, 2, 1, 'Devolucion', 'Completado', '2025-08-16'::date, '') RETURNING "cambiosdevoluciones"."cambioid"; args=(6, 6, 2, 1, 'Devolucion', 'Completado', datetime.date(2025, 8, 16), ''); alias=default
(0.109) UPDATE "detallesventas" SET "cantidad" = 0 WHERE "detallesventas"."detalleventaid" = 6; args=(0, 6); alias=default
(0.110) SELECT "sucursales"."sucursalid", "sucursales"."nombre", "sucursales"."direccion", "sucursales"."telefono" FROM "sucursales" WHERE "sucursales"."sucursalid" = 6 LIMIT 21; args=(6,); alias=default
(0.109) SELECT "inventario"."inventarioid", "inventario"."productoid", "inventario"."sucursalid", "inventario"."cantidad" FROM "inventario" WHERE ("inventario"."productoid" = 2 AND "inventario"."sucursalid" = 6) LIMIT 21 FOR UPDATE; args=(2, 6); alias=default
(0.109) UPDATE "inventario" SET "cantidad" = 10 WHERE "inventario"."inventarioid" = 25; args=(10, 25); alias=default
(0.110) UPDATE "ventas" SET "total" = 0.00 WHERE "ventas"."ventaid" = 6; args=(Decimal('0.00'), 6); alias=default
(0.109) RELEASE SAVEPOINT "s8752_x1"; args=None; alias=default
(0.125) COMMIT; args=None; alias=default
(0.000) BEGIN; args=None; alias=default
(0.219) UPDATE "django_session" SET "session_data" = '.eJxVjDsOwjAQBe_iGlnxbxNT0nMGy7te4wCypTipEHeHSCmgfTPzXiLEbS1h67yEOYmzUOL0u2GkB9cdpHustyap1XWZUe6KPGiX15b4eTncv4MSe_nW7PRICoybgLwCNSEMDDGTAZ_J-iFB9tkConIw-kTIxKQoO521ASveH9mSOBk:1unRnf:cdOEERuRDaNTTXXhppxtWFkH_L9OtBQn0Zbzut5RVVk', "expire_date" = '2025-08-30T20:03:07.798254'::timestamp WHERE "django_session"."session_key" = 't6gw7w625pxs728e22ixxp52h41qhq35'; args=('.eJxVjDsOwjAQBe_iGlnxbxNT0nMGy7te4wCypTipEHeHSCmgfTPzXiLEbS1h67yEOYmzUOL0u2GkB9cdpHustyap1XWZUe6KPGiX15b4eTncv4MSe_nW7PRICoybgLwCNSEMDDGTAZ_J-iFB9tkConIw-kTIxKQoO521ASveH9mSOBk:1unRnf:cdOEERuRDaNTTXXhppxtWFkH_L9OtBQn0Zbzut5RVVk', datetime.datetime(2025, 8, 30, 20, 3, 7, 798254), 't6gw7w625pxs728e22ixxp52h41qhq35'); alias=default
(0.109) COMMIT; args=None; alias=default
"POST /ver_venta/6/ HTTP/1.1" 302 0
(0.125) SELECT "django_session"."session_key", "django_session"."session_data", "django_session"."expire_date" FROM "django_session" WHERE ("django_session"."expire_date" > '2025-08-16T20:03:08.133228'::timestamp AND "django_session"."session_key" = 't6gw7w625pxs728e22ixxp52h41qhq35') LIMIT 21; args=(datetime.datetime(2025, 8, 16, 20, 3, 8, 133228), 't6gw7w625pxs728e22ixxp52h41qhq35'); alias=default
(0.125) SELECT "usuarios"."is_superuser", "usuarios"."usuarioid", "usuarios"."nombreusuario", "usuarios"."contraseña", "usuarios"."rolid", "usuarios"."last_login", "usuarios"."is_active", "usuarios"."is_staff" FROM "usuarios" WHERE "usuarios"."usuarioid" = 1 LIMIT 21; args=(1,); alias=default
(0.125) SELECT COUNT(*) AS "__count" FROM "ventas"; args=(); alias=default
(0.125) SELECT "ventas"."ventaid", "ventas"."fecha", "ventas"."hora", "ventas"."clienteid", "ventas"."empleadoid", "ventas"."sucursalid", "ventas"."puntopagoid", "ventas"."total", "ventas"."mediopago" FROM "ventas" ORDER BY "ventas"."fecha" DESC, "ventas"."hora" DESC LIMIT 16; args=(); alias=default
(0.125) SELECT "clientes"."clienteid", "clientes"."nombre", "clientes"."apellido", "clientes"."telefono", "clientes"."email", "clientes"."numerodocumento" FROM "clientes" WHERE "clientes"."clienteid" = 3 LIMIT 21; args=(3,); alias=default
(0.094) SELECT "empleados"."empleadoid", "empleados"."nombre", "empleados"."apellido", "empleados"."telefono", "empleados"."email", "empleados"."direccion", "empleados"."puesto", "empleados"."numerodocumento", "empleados"."usuarioid", "empleados"."sucursalid" FROM "empleados" WHERE "empleados"."empleadoid" = 3 LIMIT 21; args=(3,); alias=default
(0.093) SELECT "sucursales"."sucursalid", "sucursales"."nombre", "sucursales"."direccion", "sucursales"."telefono" FROM "sucursales" WHERE "sucursales"."sucursalid" = 1 LIMIT 21; args=(1,); alias=default
(0.094) SELECT "puntospago"."puntopagoid", "puntospago"."sucursalid", "puntospago"."nombre", "puntospago"."descripcion", "puntospago"."dinerocaja" FROM "puntospago" WHERE "puntospago"."puntopagoid" = 3 LIMIT 21; args=(3,); alias=default
(0.109) SELECT "clientes"."clienteid", "clientes"."nombre", "clientes"."apellido", "clientes"."telefono", "clientes"."email", "clientes"."numerodocumento" FROM "clientes" WHERE "clientes"."clienteid" = 3 LIMIT 21; args=(3,); alias=default
(0.110) SELECT "empleados"."empleadoid", "empleados"."nombre", "empleados"."apellido", "empleados"."telefono", "empleados"."email", "empleados"."direccion", "empleados"."puesto", "empleados"."numerodocumento", "empleados"."usuarioid", "empleados"."sucursalid" FROM "empleados" WHERE "empleados"."empleadoid" = 3 LIMIT 21; args=(3,); alias=default
(0.109) SELECT "sucursales"."sucursalid", "sucursales"."nombre", "sucursales"."direccion", "sucursales"."telefono" FROM "sucursales" WHERE "sucursales"."sucursalid" = 3 LIMIT 21; args=(3,); alias=default
(0.094) SELECT "puntospago"."puntopagoid", "puntospago"."sucursalid", "puntospago"."nombre", "puntospago"."descripcion", "puntospago"."dinerocaja" FROM "puntospago" WHERE "puntospago"."puntopagoid" = 19 LIMIT 21; args=(19,); alias=default
(0.094) SELECT "clientes"."clienteid", "clientes"."nombre", "clientes"."apellido", "clientes"."telefono", "clientes"."email", "clientes"."numerodocumento" FROM "clientes" WHERE "clientes"."clienteid" = 7 LIMIT 21; args=(7,); alias=default
(0.109) SELECT "empleados"."empleadoid", "empleados"."nombre", "empleados"."apellido", "empleados"."telefono", "empleados"."email", "empleados"."direccion", "empleados"."puesto", "empleados"."numerodocumento", "empleados"."usuarioid", "empleados"."sucursalid" FROM "empleados" WHERE "empleados"."empleadoid" = 3 LIMIT 21; args=(3,); alias=default
(0.094) SELECT "sucursales"."sucursalid", "sucursales"."nombre", "sucursales"."direccion", "sucursales"."telefono" FROM "sucursales" WHERE "sucursales"."sucursalid" = 1 LIMIT 21; args=(1,); alias=default
(0.094) SELECT "puntospago"."puntopagoid", "puntospago"."sucursalid", "puntospago"."nombre", "puntospago"."descripcion", "puntospago"."dinerocaja" FROM "puntospago" WHERE "puntospago"."puntopagoid" = 3 LIMIT 21; args=(3,); alias=default
(0.093) SELECT "clientes"."clienteid", "clientes"."nombre", "clientes"."apellido", "clientes"."telefono", "clientes"."email", "clientes"."numerodocumento" FROM "clientes" WHERE "clientes"."clienteid" = 6 LIMIT 21; args=(6,); alias=default
(0.094) SELECT "empleados"."empleadoid", "empleados"."nombre", "empleados"."apellido", "empleados"."telefono", "empleados"."email", "empleados"."direccion", "empleados"."puesto", "empleados"."numerodocumento", "empleados"."usuarioid", "empleados"."sucursalid" FROM "empleados" WHERE "empleados"."empleadoid" = 3 LIMIT 21; args=(3,); alias=default
(0.109) SELECT "sucursales"."sucursalid", "sucursales"."nombre", "sucursales"."direccion", "sucursales"."telefono" FROM "sucursales" WHERE "sucursales"."sucursalid" = 1 LIMIT 21; args=(1,); alias=default
(0.094) SELECT "puntospago"."puntopagoid", "puntospago"."sucursalid", "puntospago"."nombre", "puntospago"."descripcion", "puntospago"."dinerocaja" FROM "puntospago" WHERE "puntospago"."puntopagoid" = 3 LIMIT 21; args=(3,); alias=default
(0.110) SELECT "clientes"."clienteid", "clientes"."nombre", "clientes"."apellido", "clientes"."telefono", "clientes"."email", "clientes"."numerodocumento" FROM "clientes" WHERE "clientes"."clienteid" = 6 LIMIT 21; args=(6,); alias=default
(0.093) SELECT "empleados"."empleadoid", "empleados"."nombre", "empleados"."apellido", "empleados"."telefono", "empleados"."email", "empleados"."direccion", "empleados"."puesto", "empleados"."numerodocumento", "empleados"."usuarioid", "empleados"."sucursalid" FROM "empleados" WHERE "empleados"."empleadoid" = 3 LIMIT 21; args=(3,); alias=default
(0.110) SELECT "sucursales"."sucursalid", "sucursales"."nombre", "sucursales"."direccion", "sucursales"."telefono" FROM "sucursales" WHERE "sucursales"."sucursalid" = 1 LIMIT 21; args=(1,); alias=default
(0.125) SELECT "puntospago"."puntopagoid", "puntospago"."sucursalid", "puntospago"."nombre", "puntospago"."descripcion", "puntospago"."dinerocaja" FROM "puntospago" WHERE "puntospago"."puntopagoid" = 3 LIMIT 21; args=(3,); alias=default
(0.140) SELECT "clientes"."clienteid", "clientes"."nombre", "clientes"."apellido", "clientes"."telefono", "clientes"."email", "clientes"."numerodocumento" FROM "clientes" WHERE "clientes"."clienteid" = 4 LIMIT 21; args=(4,); alias=default
(0.110) SELECT "empleados"."empleadoid", "empleados"."nombre", "empleados"."apellido", "empleados"."telefono", "empleados"."email", "empleados"."direccion", "empleados"."puesto", "empleados"."numerodocumento", "empleados"."usuarioid", "empleados"."sucursalid" FROM "empleados" WHERE "empleados"."empleadoid" = 3 LIMIT 21; args=(3,); alias=default
(0.109) SELECT "sucursales"."sucursalid", "sucursales"."nombre", "sucursales"."direccion", "sucursales"."telefono" FROM "sucursales" WHERE "sucursales"."sucursalid" = 6 LIMIT 21; args=(6,); alias=default
(0.094) SELECT "puntospago"."puntopagoid", "puntospago"."sucursalid", "puntospago"."nombre", "puntospago"."descripcion", "puntospago"."dinerocaja" FROM "puntospago" WHERE "puntospago"."puntopagoid" = 17 LIMIT 21; args=(17,); alias=default
(0.094) SELECT "clientes"."clienteid", "clientes"."nombre", "clientes"."apellido", "clientes"."telefono", "clientes"."email", "clientes"."numerodocumento" FROM "clientes" WHERE "clientes"."clienteid" = 3 LIMIT 21; args=(3,); alias=default
(0.093) SELECT "empleados"."empleadoid", "empleados"."nombre", "empleados"."apellido", "empleados"."telefono", "empleados"."email", "empleados"."direccion", "empleados"."puesto", "empleados"."numerodocumento", "empleados"."usuarioid", "empleados"."sucursalid" FROM "empleados" WHERE "empleados"."empleadoid" = 3 LIMIT 21; args=(3,); alias=default
(0.094) SELECT "sucursales"."sucursalid", "sucursales"."nombre", "sucursales"."direccion", "sucursales"."telefono" FROM "sucursales" WHERE "sucursales"."sucursalid" = 6 LIMIT 21; args=(6,); alias=default
(0.094) SELECT "puntospago"."puntopagoid", "puntospago"."sucursalid", "puntospago"."nombre", "puntospago"."descripcion", "puntospago"."dinerocaja" FROM "puntospago" WHERE "puntospago"."puntopagoid" = 17 LIMIT 21; args=(17,); alias=default
(0.109) SELECT "empleados"."empleadoid", "empleados"."nombre", "empleados"."apellido", "empleados"."telefono", "empleados"."email", "empleados"."direccion", "empleados"."puesto", "empleados"."numerodocumento", "empleados"."usuarioid", "empleados"."sucursalid" FROM "empleados" WHERE "empleados"."empleadoid" = 3 LIMIT 21; args=(3,); alias=default
(0.094) SELECT "sucursales"."sucursalid", "sucursales"."nombre", "sucursales"."direccion", "sucursales"."telefono" FROM "sucursales" WHERE "sucursales"."sucursalid" = 6 LIMIT 21; args=(6,); alias=default
(0.094) SELECT "puntospago"."puntopagoid", "puntospago"."sucursalid", "puntospago"."nombre", "puntospago"."descripcion", "puntospago"."dinerocaja" FROM "puntospago" WHERE "puntospago"."puntopagoid" = 17 LIMIT 21; args=(17,); alias=default
(0.093) SELECT "empleados"."empleadoid", "empleados"."nombre", "empleados"."apellido", "empleados"."telefono", "empleados"."email", "empleados"."direccion", "empleados"."puesto", "empleados"."numerodocumento", "empleados"."usuarioid", "empleados"."sucursalid" FROM "empleados" WHERE "empleados"."empleadoid" = 3 LIMIT 21; args=(3,); alias=default
(0.094) SELECT "sucursales"."sucursalid", "sucursales"."nombre", "sucursales"."direccion", "sucursales"."telefono" FROM "sucursales" WHERE "sucursales"."sucursalid" = 6 LIMIT 21; args=(6,); alias=default
(0.094) SELECT "puntospago"."puntopagoid", "puntospago"."sucursalid", "puntospago"."nombre", "puntospago"."descripcion", "puntospago"."dinerocaja" FROM "puntospago" WHERE "puntospago"."puntopagoid" = 17 LIMIT 21; args=(17,); alias=default
(0.094) SELECT "empleados"."empleadoid", "empleados"."nombre", "empleados"."apellido", "empleados"."telefono", "empleados"."email", "empleados"."direccion", "empleados"."puesto", "empleados"."numerodocumento", "empleados"."usuarioid", "empleados"."sucursalid" FROM "empleados" WHERE "empleados"."empleadoid" = 3 LIMIT 21; args=(3,); alias=default
(0.093) SELECT "sucursales"."sucursalid", "sucursales"."nombre", "sucursales"."direccion", "sucursales"."telefono" FROM "sucursales" WHERE "sucursales"."sucursalid" = 6 LIMIT 21; args=(6,); alias=default
(0.094) SELECT "puntospago"."puntopagoid", "puntospago"."sucursalid", "puntospago"."nombre", "puntospago"."descripcion", "puntospago"."dinerocaja" FROM "puntospago" WHERE "puntospago"."puntopagoid" = 17 LIMIT 21; args=(17,); alias=default
(0.110) SELECT "clientes"."clienteid", "clientes"."nombre", "clientes"."apellido", "clientes"."telefono", "clientes"."email", "clientes"."numerodocumento" FROM "clientes" WHERE "clientes"."clienteid" = 1 LIMIT 21; args=(1,); alias=default
(0.093) SELECT "empleados"."empleadoid", "empleados"."nombre", "empleados"."apellido", "empleados"."telefono", "empleados"."email", "empleados"."direccion", "empleados"."puesto", "empleados"."numerodocumento", "empleados"."usuarioid", "empleados"."sucursalid" FROM "empleados" WHERE "empleados"."empleadoid" = 3 LIMIT 21; args=(3,); alias=default
(0.094) SELECT "sucursales"."sucursalid", "sucursales"."nombre", "sucursales"."direccion", "sucursales"."telefono" FROM "sucursales" WHERE "sucursales"."sucursalid" = 6 LIMIT 21; args=(6,); alias=default
(0.094) SELECT "puntospago"."puntopagoid", "puntospago"."sucursalid", "puntospago"."nombre", "puntospago"."descripcion", "puntospago"."dinerocaja" FROM "puntospago" WHERE "puntospago"."puntopagoid" = 17 LIMIT 21; args=(17,); alias=default
(0.094) SELECT "empleados"."empleadoid", "empleados"."nombre", "empleados"."apellido", "empleados"."telefono", "empleados"."email", "empleados"."direccion", "empleados"."puesto", "empleados"."numerodocumento", "empleados"."usuarioid", "empleados"."sucursalid" FROM "empleados" WHERE "empleados"."empleadoid" = 3 LIMIT 21; args=(3,); alias=default
(0.093) SELECT "sucursales"."sucursalid", "sucursales"."nombre", "sucursales"."direccion", "sucursales"."telefono" FROM "sucursales" WHERE "sucursales"."sucursalid" = 6 LIMIT 21; args=(6,); alias=default
(0.094) SELECT "puntospago"."puntopagoid", "puntospago"."sucursalid", "puntospago"."nombre", "puntospago"."descripcion", "puntospago"."dinerocaja" FROM "puntospago" WHERE "puntospago"."puntopagoid" = 17 LIMIT 21; args=(17,); alias=default
(0.094) SELECT "empleados"."empleadoid", "empleados"."nombre", "empleados"."apellido", "empleados"."telefono", "empleados"."email", "empleados"."direccion", "empleados"."puesto", "empleados"."numerodocumento", "empleados"."usuarioid", "empleados"."sucursalid" FROM "empleados" WHERE "empleados"."empleadoid" = 3 LIMIT 21; args=(3,); alias=default
(0.094) SELECT "sucursales"."sucursalid", "sucursales"."nombre", "sucursales"."direccion", "sucursales"."telefono" FROM "sucursales" WHERE "sucursales"."sucursalid" = 6 LIMIT 21; args=(6,); alias=default
(0.094) SELECT "puntospago"."puntopagoid", "puntospago"."sucursalid", "puntospago"."nombre", "puntospago"."descripcion", "puntospago"."dinerocaja" FROM "puntospago" WHERE "puntospago"."puntopagoid" = 17 LIMIT 21; args=(17,); alias=default
(0.094) SELECT "empleados"."empleadoid", "empleados"."nombre", "empleados"."apellido", "empleados"."telefono", "empleados"."email", "empleados"."direccion", "empleados"."puesto", "empleados"."numerodocumento", "empleados"."usuarioid", "empleados"."sucursalid" FROM "empleados" WHERE "empleados"."empleadoid" = 3 LIMIT 21; args=(3,); alias=default
(0.093) SELECT "sucursales"."sucursalid", "sucursales"."nombre", "sucursales"."direccion", "sucursales"."telefono" FROM "sucursales" WHERE "sucursales"."sucursalid" = 6 LIMIT 21; args=(6,); alias=default
(0.094) SELECT "puntospago"."puntopagoid", "puntospago"."sucursalid", "puntospago"."nombre", "puntospago"."descripcion", "puntospago"."dinerocaja" FROM "puntospago" WHERE "puntospago"."puntopagoid" = 17 LIMIT 21; args=(17,); alias=default
(0.094) SELECT "empleados"."empleadoid", "empleados"."nombre", "empleados"."apellido", "empleados"."telefono", "empleados"."email", "empleados"."direccion", "empleados"."puesto", "empleados"."numerodocumento", "empleados"."usuarioid", "empleados"."sucursalid" FROM "empleados" WHERE "empleados"."empleadoid" = 3 LIMIT 21; args=(3,); alias=default
(0.094) SELECT "sucursales"."sucursalid", "sucursales"."nombre", "sucursales"."direccion", "sucursales"."telefono" FROM "sucursales" WHERE "sucursales"."sucursalid" = 1 LIMIT 21; args=(1,); alias=default
(0.109) SELECT "puntospago"."puntopagoid", "puntospago"."sucursalid", "puntospago"."nombre", "puntospago"."descripcion", "puntospago"."dinerocaja" FROM "puntospago" WHERE "puntospago"."puntopagoid" = 3 LIMIT 21; args=(3,); alias=default
(0.094) SELECT "clientes"."clienteid", "clientes"."nombre", "clientes"."apellido", "clientes"."telefono", "clientes"."email", "clientes"."numerodocumento" FROM "clientes" WHERE "clientes"."clienteid" = 4 LIMIT 21; args=(4,); alias=default
(0.094) SELECT "empleados"."empleadoid", "empleados"."nombre", "empleados"."apellido", "empleados"."telefono", "empleados"."email", "empleados"."direccion", "empleados"."puesto", "empleados"."numerodocumento", "empleados"."usuarioid", "empleados"."sucursalid" FROM "empleados" WHERE "empleados"."empleadoid" = 3 LIMIT 21; args=(3,); alias=default
(0.093) SELECT "sucursales"."sucursalid", "sucursales"."nombre", "sucursales"."direccion", "sucursales"."telefono" FROM "sucursales" WHERE "sucursales"."sucursalid" = 3 LIMIT 21; args=(3,); alias=default
(0.094) SELECT "puntospago"."puntopagoid", "puntospago"."sucursalid", "puntospago"."nombre", "puntospago"."descripcion", "puntospago"."dinerocaja" FROM "puntospago" WHERE "puntospago"."puntopagoid" = 19 LIMIT 21; args=(19,); alias=default
(0.000) BEGIN; args=None; alias=default
(0.203) UPDATE "django_session" SET "session_data" = '.eJxVjDsOwjAQBe_iGlnxbxNT0nMGy7te4wCypTipEHeHSCmgfTPzXiLEbS1h67yEOYmzUOL0u2GkB9cdpHustyap1XWZUe6KPGiX15b4eTncv4MSe_nW7PRICoybgLwCNSEMDDGTAZ_J-iFB9tkConIw-kTIxKQoO521ASveH9mSOBk:1unRnn:coY0vEpQF98Ve8i87B8g_4tKTp57yjM7XmVYmh8vkqE', "expire_date" = '2025-08-30T20:03:15.061494'::timestamp WHERE "django_session"."session_key" = 't6gw7w625pxs728e22ixxp52h41qhq35'; args=('.eJxVjDsOwjAQBe_iGlnxbxNT0nMGy7te4wCypTipEHeHSCmgfTPzXiLEbS1h67yEOYmzUOL0u2GkB9cdpHustyap1XWZUe6KPGiX15b4eTncv4MSe_nW7PRICoybgLwCNSEMDDGTAZ_J-iFB9tkConIw-kTIxKQoO521ASveH9mSOBk:1unRnn:coY0vEpQF98Ve8i87B8g_4tKTp57yjM7XmVYmh8vkqE', datetime.datetime(2025, 8, 30, 20, 3, 15, 61494), 't6gw7w625pxs728e22ixxp52h41qhq35'); alias=default
(0.094) COMMIT; args=None; alias=default
"GET /visualizar_ventas/ HTTP/1.1" 200 15667
"GET /static/css/visualizar_pedidos.css HTTP/1.1" 304 0
"GET /static/css/visualizar_ventas.css HTTP/1.1" 200 10000
(0.109) SELECT "django_session"."session_key", "django_session"."session_data", "django_session"."expire_date" FROM "django_session" WHERE ("django_session"."expire_date" > '2025-08-16T20:11:07.569072'::timestamp AND "django_session"."session_key" = 't6gw7w625pxs728e22ixxp52h41qhq35') LIMIT 21; args=(datetime.datetime(2025, 8, 16, 20, 11, 7, 569072), 't6gw7w625pxs728e22ixxp52h41qhq35'); alias=default
(0.110) SELECT "usuarios"."is_superuser", "usuarios"."usuarioid", "usuarios"."nombreusuario", "usuarios"."contraseña", "usuarios"."rolid", "usuarios"."last_login", "usuarios"."is_active", "usuarios"."is_staff" FROM "usuarios" WHERE "usuarios"."usuarioid" = 1 LIMIT 21; args=(1,); alias=default
(0.109) SELECT COUNT(*) AS "__count" FROM "pedidosproveedor"; args=(); alias=default
(0.110) SELECT "pedidosproveedor"."pedidoid", "pedidosproveedor"."proveedorid", "pedidosproveedor"."sucursalid", "pedidosproveedor"."fechapedido", "pedidosproveedor"."fechaestimadaentrega", "pedidosproveedor"."costototal", "pedidosproveedor"."estado", "pedidosproveedor"."comentario", "pedidosproveedor"."fecha_recibido", "pedidosproveedor"."monto_pagado", "pedidosproveedor"."caja_pagoid" FROM "pedidosproveedor" ORDER BY "pedidosproveedor"."fechapedido" DESC LIMIT 4; args=(); alias=default
(0.109) SELECT "proveedores"."proveedorid", "proveedores"."nombre", "proveedores"."empresa", "proveedores"."telefono", "proveedores"."email", "proveedores"."direccion" FROM "proveedores" WHERE "proveedores"."proveedorid" = 17 LIMIT 21; args=(17,); alias=default
(0.110) SELECT "sucursales"."sucursalid", "sucursales"."nombre", "sucursales"."direccion", "sucursales"."telefono" FROM "sucursales" WHERE "sucursales"."sucursalid" = 4 LIMIT 21; args=(4,); alias=default
(0.109) SELECT "proveedores"."proveedorid", "proveedores"."nombre", "proveedores"."empresa", "proveedores"."telefono", "proveedores"."email", "proveedores"."direccion" FROM "proveedores" WHERE "proveedores"."proveedorid" = 17 LIMIT 21; args=(17,); alias=default
(0.109) SELECT "sucursales"."sucursalid", "sucursales"."nombre", "sucursales"."direccion", "sucursales"."telefono" FROM "sucursales" WHERE "sucursales"."sucursalid" = 4 LIMIT 21; args=(4,); alias=default
(0.109) SELECT "proveedores"."proveedorid", "proveedores"."nombre", "proveedores"."empresa", "proveedores"."telefono", "proveedores"."email", "proveedores"."direccion" FROM "proveedores" WHERE "proveedores"."proveedorid" = 4 LIMIT 21; args=(4,); alias=default
(0.110) SELECT "sucursales"."sucursalid", "sucursales"."nombre", "sucursales"."direccion", "sucursales"."telefono" FROM "sucursales" WHERE "sucursales"."sucursalid" = 3 LIMIT 21; args=(3,); alias=default
(0.109) SELECT "proveedores"."proveedorid", "proveedores"."nombre", "proveedores"."empresa", "proveedores"."telefono", "proveedores"."email", "proveedores"."direccion" FROM "proveedores" WHERE "proveedores"."proveedorid" = 17 LIMIT 21; args=(17,); alias=default
(0.109) SELECT "sucursales"."sucursalid", "sucursales"."nombre", "sucursales"."direccion", "sucursales"."telefono" FROM "sucursales" WHERE "sucursales"."sucursalid" = 14 LIMIT 21; args=(14,); alias=default
(0.000) BEGIN; args=None; alias=default
(0.219) UPDATE "django_session" SET "session_data" = '.eJxVjDsOwjAQBe_iGlnxbxNT0nMGy7te4wCypTipEHeHSCmgfTPzXiLEbS1h67yEOYmzUOL0u2GkB9cdpHustyap1XWZUe6KPGiX15b4eTncv4MSe_nW7PRICoybgLwCNSEMDDGTAZ_J-iFB9tkConIw-kTIxKQoO521ASveH9mSOBk:1unRvR:9lWwTmu_HBQl1X3CFKiJznx14s1TYYZ-cfgtlO6x_dY', "expire_date" = '2025-08-30T20:11:09.789026'::timestamp WHERE "django_session"."session_key" = 't6gw7w625pxs728e22ixxp52h41qhq35'; args=('.eJxVjDsOwjAQBe_iGlnxbxNT0nMGy7te4wCypTipEHeHSCmgfTPzXiLEbS1h67yEOYmzUOL0u2GkB9cdpHustyap1XWZUe6KPGiX15b4eTncv4MSe_nW7PRICoybgLwCNSEMDDGTAZ_J-iFB9tkConIw-kTIxKQoO521ASveH9mSOBk:1unRvR:9lWwTmu_HBQl1X3CFKiJznx14s1TYYZ-cfgtlO6x_dY', datetime.datetime(2025, 8, 30, 20, 11, 9, 789026), 't6gw7w625pxs728e22ixxp52h41qhq35'); alias=default
(0.110) COMMIT; args=None; alias=default
"GET /visualizar_pedidos/ HTTP/1.1" 200 11897
(0.109) SELECT "django_session"."session_key", "django_session"."session_data", "django_session"."expire_date" FROM "django_session" WHERE ("django_session"."expire_date" > '2025-08-16T20:11:12.263730'::timestamp AND "django_session"."session_key" = 't6gw7w625pxs728e22ixxp52h41qhq35') LIMIT 21; args=(datetime.datetime(2025, 8, 16, 20, 11, 12, 263730), 't6gw7w625pxs728e22ixxp52h41qhq35'); alias=default
(0.094) SELECT "usuarios"."is_superuser", "usuarios"."usuarioid", "usuarios"."nombreusuario", "usuarios"."contraseña", "usuarios"."rolid", "usuarios"."last_login", "usuarios"."is_active", "usuarios"."is_staff" FROM "usuarios" WHERE "usuarios"."usuarioid" = 1 LIMIT 21; args=(1,); alias=default
(0.109) SELECT "pedidosproveedor"."pedidoid", "pedidosproveedor"."proveedorid", "pedidosproveedor"."sucursalid", "pedidosproveedor"."fechapedido", "pedidosproveedor"."fechaestimadaentrega", "pedidosproveedor"."costototal", "pedidosproveedor"."estado", "pedidosproveedor"."comentario", "pedidosproveedor"."fecha_recibido", "pedidosproveedor"."monto_pagado", "pedidosproveedor"."caja_pagoid" FROM "pedidosproveedor" WHERE "pedidosproveedor"."pedidoid" = 18 LIMIT 21; args=(18,); alias=default
(0.094) SELECT "detallespedidosproveedor"."detallepedidoid", "detallespedidosproveedor"."pedidoid", "detallespedidosproveedor"."productoid", "detallespedidosproveedor"."cantidad", "detallespedidosproveedor"."preciounitario", ("detallespedidosproveedor"."cantidad" * "detallespedidosproveedor"."preciounitario") AS "subtotal", "productos"."productoid", "productos"."nombre", "productos"."descripcion", "productos"."precio", "productos"."categoria_id", "productos"."codigo_de_barras", "productos"."iva" FROM "detallespedidosproveedor" INNER JOIN "productos" ON ("detallespedidosproveedor"."productoid" = "productos"."productoid") WHERE "detallespedidosproveedor"."pedidoid" = 18 ORDER BY "productos"."nombre" ASC; args=(18,); alias=default
(0.094) SELECT "proveedores"."proveedorid", "proveedores"."nombre", "proveedores"."empresa", "proveedores"."telefono", "proveedores"."email", "proveedores"."direccion" FROM "proveedores" WHERE "proveedores"."proveedorid" = 4 LIMIT 21; args=(4,); alias=default
(0.109) SELECT "sucursales"."sucursalid", "sucursales"."nombre", "sucursales"."direccion", "sucursales"."telefono" FROM "sucursales" WHERE "sucursales"."sucursalid" = 3 LIMIT 21; args=(3,); alias=default
(0.000) BEGIN; args=None; alias=default
(0.203) UPDATE "django_session" SET "session_data" = '.eJxVjDsOwjAQBe_iGlnxbxNT0nMGy7te4wCypTipEHeHSCmgfTPzXiLEbS1h67yEOYmzUOL0u2GkB9cdpHustyap1XWZUe6KPGiX15b4eTncv4MSe_nW7PRICoybgLwCNSEMDDGTAZ_J-iFB9tkConIw-kTIxKQoO521ASveH9mSOBk:1unRvV:epK09YHJOYZegWHh69VOLARTggaIHY-h641_CfCYD44', "expire_date" = '2025-08-30T20:11:13.619956'::timestamp WHERE "django_session"."session_key" = 't6gw7w625pxs728e22ixxp52h41qhq35'; args=('.eJxVjDsOwjAQBe_iGlnxbxNT0nMGy7te4wCypTipEHeHSCmgfTPzXiLEbS1h67yEOYmzUOL0u2GkB9cdpHustyap1XWZUe6KPGiX15b4eTncv4MSe_nW7PRICoybgLwCNSEMDDGTAZ_J-iFB9tkConIw-kTIxKQoO521ASveH9mSOBk:1unRvV:epK09YHJOYZegWHh69VOLARTggaIHY-h641_CfCYD44', datetime.datetime(2025, 8, 30, 20, 11, 13, 619956), 't6gw7w625pxs728e22ixxp52h41qhq35'); alias=default
(0.093) COMMIT; args=None; alias=default
"GET /editar_pedido/18/ HTTP/1.1" 200 14108
(0.110) SELECT "django_session"."session_key", "django_session"."session_data", "django_session"."expire_date" FROM "django_session" WHERE ("django_session"."expire_date" > '2025-08-16T20:11:18.283533'::timestamp AND "django_session"."session_key" = 't6gw7w625pxs728e22ixxp52h41qhq35') LIMIT 21; args=(datetime.datetime(2025, 8, 16, 20, 11, 18, 283533), 't6gw7w625pxs728e22ixxp52h41qhq35'); alias=default
(0.125) SELECT "usuarios"."is_superuser", "usuarios"."usuarioid", "usuarios"."nombreusuario", "usuarios"."contraseña", "usuarios"."rolid", "usuarios"."last_login", "usuarios"."is_active", "usuarios"."is_staff" FROM "usuarios" WHERE "usuarios"."usuarioid" = 1 LIMIT 21; args=(1,); alias=default
(0.000) BEGIN; args=None; alias=default
(0.218) SELECT "pedidosproveedor"."pedidoid", "pedidosproveedor"."proveedorid", "pedidosproveedor"."sucursalid", "pedidosproveedor"."fechapedido", "pedidosproveedor"."fechaestimadaentrega", "pedidosproveedor"."costototal", "pedidosproveedor"."estado", "pedidosproveedor"."comentario", "pedidosproveedor"."fecha_recibido", "pedidosproveedor"."monto_pagado", "pedidosproveedor"."caja_pagoid" FROM "pedidosproveedor" WHERE "pedidosproveedor"."pedidoid" = 18 LIMIT 21; args=(18,); alias=default
(0.110) UPDATE "pedidosproveedor" SET "proveedorid" = 4, "sucursalid" = 3, "fechapedido" = '2025-08-10'::date, "fechaestimadaentrega" = '2025-08-12'::date, "costototal" = 80000, "estado" = 'En espera', "comentario" = '', "fecha_recibido" = NULL, "monto_pagado" = NULL, "caja_pagoid" = NULL WHERE "pedidosproveedor"."pedidoid" = 18; args=(4, 3, datetime.date(2025, 8, 10), datetime.date(2025, 8, 12), Decimal('80000'), 'En espera', '', 18); alias=default
(0.109) DELETE FROM "detallespedidosproveedor" WHERE "detallespedidosproveedor"."pedidoid" = 18; args=(18,); alias=default
(0.110) INSERT INTO "detallespedidosproveedor" ("pedidoid", "productoid", "cantidad", "preciounitario") VALUES (18, 8, 100, 300), (18, 6, 10, 5000) RETURNING "detallespedidosproveedor"."detallepedidoid"; args=(18, 8, 100, Decimal('300'), 18, 6, 10, Decimal('5000')); alias=default
(0.109) COMMIT; args=None; alias=default
(0.000) BEGIN; args=None; alias=default
(0.219) UPDATE "django_session" SET "session_data" = '.eJxVjDsOwjAQBe_iGlnxbxNT0nMGy7te4wCypTipEHeHSCmgfTPzXiLEbS1h67yEOYmzUOL0u2GkB9cdpHustyap1XWZUe6KPGiX15b4eTncv4MSe_nW7PRICoybgLwCNSEMDDGTAZ_J-iFB9tkConIw-kTIxKQoO521ASveH9mSOBk:1unRvb:zRSg8Quf5IYI2fSIMn3xgiMxc6NWnRnQfm0k5ZbgPVM', "expire_date" = '2025-08-30T20:11:19.978238'::timestamp WHERE "django_session"."session_key" = 't6gw7w625pxs728e22ixxp52h41qhq35'; args=('.eJxVjDsOwjAQBe_iGlnxbxNT0nMGy7te4wCypTipEHeHSCmgfTPzXiLEbS1h67yEOYmzUOL0u2GkB9cdpHustyap1XWZUe6KPGiX15b4eTncv4MSe_nW7PRICoybgLwCNSEMDDGTAZ_J-iFB9tkConIw-kTIxKQoO521ASveH9mSOBk:1unRvb:zRSg8Quf5IYI2fSIMn3xgiMxc6NWnRnQfm0k5ZbgPVM', datetime.datetime(2025, 8, 30, 20, 11, 19, 978238), 't6gw7w625pxs728e22ixxp52h41qhq35'); alias=default
(0.109) COMMIT; args=None; alias=default
"POST /editar_pedido/18/ HTTP/1.1" 200 108
(0.109) SELECT "django_session"."session_key", "django_session"."session_data", "django_session"."expire_date" FROM "django_session" WHERE ("django_session"."expire_date" > '2025-08-16T20:11:20.323554'::timestamp AND "django_session"."session_key" = 't6gw7w625pxs728e22ixxp52h41qhq35') LIMIT 21; args=(datetime.datetime(2025, 8, 16, 20, 11, 20, 323554), 't6gw7w625pxs728e22ixxp52h41qhq35'); alias=default
(0.125) SELECT "usuarios"."is_superuser", "usuarios"."usuarioid", "usuarios"."nombreusuario", "usuarios"."contraseña", "usuarios"."rolid", "usuarios"."last_login", "usuarios"."is_active", "usuarios"."is_staff" FROM "usuarios" WHERE "usuarios"."usuarioid" = 1 LIMIT 21; args=(1,); alias=default
(0.110) SELECT COUNT(*) AS "__count" FROM "pedidosproveedor"; args=(); alias=default
(0.109) SELECT "pedidosproveedor"."pedidoid", "pedidosproveedor"."proveedorid", "pedidosproveedor"."sucursalid", "pedidosproveedor"."fechapedido", "pedidosproveedor"."fechaestimadaentrega", "pedidosproveedor"."costototal", "pedidosproveedor"."estado", "pedidosproveedor"."comentario", "pedidosproveedor"."fecha_recibido", "pedidosproveedor"."monto_pagado", "pedidosproveedor"."caja_pagoid" FROM "pedidosproveedor" ORDER BY "pedidosproveedor"."fechapedido" DESC LIMIT 4; args=(); alias=default
(0.109) SELECT "proveedores"."proveedorid", "proveedores"."nombre", "proveedores"."empresa", "proveedores"."telefono", "proveedores"."email", "proveedores"."direccion" FROM "proveedores" WHERE "proveedores"."proveedorid" = 17 LIMIT 21; args=(17,); alias=default
(0.110) SELECT "sucursales"."sucursalid", "sucursales"."nombre", "sucursales"."direccion", "sucursales"."telefono" FROM "sucursales" WHERE "sucursales"."sucursalid" = 4 LIMIT 21; args=(4,); alias=default
(0.109) SELECT "proveedores"."proveedorid", "proveedores"."nombre", "proveedores"."empresa", "proveedores"."telefono", "proveedores"."email", "proveedores"."direccion" FROM "proveedores" WHERE "proveedores"."proveedorid" = 17 LIMIT 21; args=(17,); alias=default
(0.110) SELECT "sucursales"."sucursalid", "sucursales"."nombre", "sucursales"."direccion", "sucursales"."telefono" FROM "sucursales" WHERE "sucursales"."sucursalid" = 4 LIMIT 21; args=(4,); alias=default
(0.109) SELECT "proveedores"."proveedorid", "proveedores"."nombre", "proveedores"."empresa", "proveedores"."telefono", "proveedores"."email", "proveedores"."direccion" FROM "proveedores" WHERE "proveedores"."proveedorid" = 4 LIMIT 21; args=(4,); alias=default
(0.109) SELECT "sucursales"."sucursalid", "sucursales"."nombre", "sucursales"."direccion", "sucursales"."telefono" FROM "sucursales" WHERE "sucursales"."sucursalid" = 3 LIMIT 21; args=(3,); alias=default
(0.110) SELECT "proveedores"."proveedorid", "proveedores"."nombre", "proveedores"."empresa", "proveedores"."telefono", "proveedores"."email", "proveedores"."direccion" FROM "proveedores" WHERE "proveedores"."proveedorid" = 17 LIMIT 21; args=(17,); alias=default
(0.109) SELECT "sucursales"."sucursalid", "sucursales"."nombre", "sucursales"."direccion", "sucursales"."telefono" FROM "sucursales" WHERE "sucursales"."sucursalid" = 14 LIMIT 21; args=(14,); alias=default
(0.000) BEGIN; args=None; alias=default
(0.218) UPDATE "django_session" SET "session_data" = '.eJxVjDsOwjAQBe_iGlnxbxNT0nMGy7te4wCypTipEHeHSCmgfTPzXiLEbS1h67yEOYmzUOL0u2GkB9cdpHustyap1XWZUe6KPGiX15b4eTncv4MSe_nW7PRICoybgLwCNSEMDDGTAZ_J-iFB9tkConIw-kTIxKQoO521ASveH9mSOBk:1unRve:GsMMG3lahYmOUN9kMHb5CycwszV6zQAYaCjoN3a8cV8', "expire_date" = '2025-08-30T20:11:22.437250'::timestamp WHERE "django_session"."session_key" = 't6gw7w625pxs728e22ixxp52h41qhq35'; args=('.eJxVjDsOwjAQBe_iGlnxbxNT0nMGy7te4wCypTipEHeHSCmgfTPzXiLEbS1h67yEOYmzUOL0u2GkB9cdpHustyap1XWZUe6KPGiX15b4eTncv4MSe_nW7PRICoybgLwCNSEMDDGTAZ_J-iFB9tkConIw-kTIxKQoO521ASveH9mSOBk:1unRve:GsMMG3lahYmOUN9kMHb5CycwszV6zQAYaCjoN3a8cV8', datetime.datetime(2025, 8, 30, 20, 11, 22, 437250), 't6gw7w625pxs728e22ixxp52h41qhq35'); alias=default
(0.110) COMMIT; args=None; alias=default
"GET /visualizar_pedidos/?updated=1 HTTP/1.1" 200 12062
(0.094) SELECT "django_session"."session_key", "django_session"."session_data", "django_session"."expire_date" FROM "django_session" WHERE ("django_session"."expire_date" > '2025-08-16T20:11:46.118661'::timestamp AND "django_session"."session_key" = 't6gw7w625pxs728e22ixxp52h41qhq35') LIMIT 21; args=(datetime.datetime(2025, 8, 16, 20, 11, 46, 118661), 't6gw7w625pxs728e22ixxp52h41qhq35'); alias=default
(0.094) SELECT "usuarios"."is_superuser", "usuarios"."usuarioid", "usuarios"."nombreusuario", "usuarios"."contraseña", "usuarios"."rolid", "usuarios"."last_login", "usuarios"."is_active", "usuarios"."is_staff" FROM "usuarios" WHERE "usuarios"."usuarioid" = 1 LIMIT 21; args=(1,); alias=default
(0.093) SELECT "clientes"."clienteid", "clientes"."nombre", "clientes"."apellido", "clientes"."telefono", "clientes"."email", "clientes"."numerodocumento" FROM "clientes" ORDER BY "clientes"."nombre" ASC, "clientes"."apellido" ASC; args=(); alias=default
(0.000) BEGIN; args=None; alias=default
(0.187) UPDATE "django_session" SET "session_data" = '.eJxVjDsOwjAQBe_iGlnxbxNT0nMGy7te4wCypTipEHeHSCmgfTPzXiLEbS1h67yEOYmzUOL0u2GkB9cdpHustyap1XWZUe6KPGiX15b4eTncv4MSe_nW7PRICoybgLwCNSEMDDGTAZ_J-iFB9tkConIw-kTIxKQoO521ASveH9mSOBk:1unRw3:6hmvuRg96xMH4t1xsmhJ3nUrNiTiEnUnNfHo1e4XdS0', "expire_date" = '2025-08-30T20:11:47.189213'::timestamp WHERE "django_session"."session_key" = 't6gw7w625pxs728e22ixxp52h41qhq35'; args=('.eJxVjDsOwjAQBe_iGlnxbxNT0nMGy7te4wCypTipEHeHSCmgfTPzXiLEbS1h67yEOYmzUOL0u2GkB9cdpHustyap1XWZUe6KPGiX15b4eTncv4MSe_nW7PRICoybgLwCNSEMDDGTAZ_J-iFB9tkConIw-kTIxKQoO521ASveH9mSOBk:1unRw3:6hmvuRg96xMH4t1xsmhJ3nUrNiTiEnUnNfHo1e4XdS0', datetime.datetime(2025, 8, 30, 20, 11, 47, 189213), 't6gw7w625pxs728e22ixxp52h41qhq35'); alias=default
(0.094) COMMIT; args=None; alias=default
"GET /visualizar_clientes/ HTTP/1.1" 200 15511
"GET /static/css/visualizar_clientes.css HTTP/1.1" 304 0
(0.093) SELECT "django_session"."session_key", "django_session"."session_data", "django_session"."expire_date" FROM "django_session" WHERE ("django_session"."expire_date" > '2025-08-16T20:12:43.920640'::timestamp AND "django_session"."session_key" = 't6gw7w625pxs728e22ixxp52h41qhq35') LIMIT 21; args=(datetime.datetime(2025, 8, 16, 20, 12, 43, 920640), 't6gw7w625pxs728e22ixxp52h41qhq35'); alias=default
(0.110) SELECT "usuarios"."is_superuser", "usuarios"."usuarioid", "usuarios"."nombreusuario", "usuarios"."contraseña", "usuarios"."rolid", "usuarios"."last_login", "usuarios"."is_active", "usuarios"."is_staff" FROM "usuarios" WHERE "usuarios"."usuarioid" = 1 LIMIT 21; args=(1,); alias=default
(0.094) SELECT "clientes"."clienteid", "clientes"."nombre", "clientes"."apellido", "clientes"."telefono", "clientes"."email", "clientes"."numerodocumento" FROM "clientes" WHERE "clientes"."clienteid" = 5 LIMIT 21; args=(5,); alias=default
(0.000) BEGIN; args=None; alias=default
(0.187) UPDATE "django_session" SET "session_data" = '.eJxVjDsOwjAQBe_iGlnxbxNT0nMGy7te4wCypTipEHeHSCmgfTPzXiLEbS1h67yEOYmzUOL0u2GkB9cdpHustyap1XWZUe6KPGiX15b4eTncv4MSe_nW7PRICoybgLwCNSEMDDGTAZ_J-iFB9tkConIw-kTIxKQoO521ASveH9mSOBk:1unRwy:1JQSRFMkXbRHKcBHqFe7y6NNQ0T9i71DdG0zZMDLIp8', "expire_date" = '2025-08-30T20:12:44.997067'::timestamp WHERE "django_session"."session_key" = 't6gw7w625pxs728e22ixxp52h41qhq35'; args=('.eJxVjDsOwjAQBe_iGlnxbxNT0nMGy7te4wCypTipEHeHSCmgfTPzXiLEbS1h67yEOYmzUOL0u2GkB9cdpHustyap1XWZUe6KPGiX15b4eTncv4MSe_nW7PRICoybgLwCNSEMDDGTAZ_J-iFB9tkConIw-kTIxKQoO521ASveH9mSOBk:1unRwy:1JQSRFMkXbRHKcBHqFe7y6NNQ0T9i71DdG0zZMDLIp8', datetime.datetime(2025, 8, 30, 20, 12, 44, 997067), 't6gw7w625pxs728e22ixxp52h41qhq35'); alias=default
(0.109) COMMIT; args=None; alias=default
"GET /clientes/editar/5/ HTTP/1.1" 200 8586
"GET /static/css/agregar_cliente.css HTTP/1.1" 304 0
(0.078) SELECT "django_session"."session_key", "django_session"."session_data", "django_session"."expire_date" FROM "django_session" WHERE ("django_session"."expire_date" > '2025-08-16T20:20:38.373805'::timestamp AND "django_session"."session_key" = 't6gw7w625pxs728e22ixxp52h41qhq35') LIMIT 21; args=(datetime.datetime(2025, 8, 16, 20, 20, 38, 373805), 't6gw7w625pxs728e22ixxp52h41qhq35'); alias=default
(0.094) SELECT "usuarios"."is_superuser", "usuarios"."usuarioid", "usuarios"."nombreusuario", "usuarios"."contraseña", "usuarios"."rolid", "usuarios"."last_login", "usuarios"."is_active", "usuarios"."is_staff" FROM "usuarios" WHERE "usuarios"."usuarioid" = 1 LIMIT 21; args=(1,); alias=default
(0.078) SELECT "clientes"."clienteid", "clientes"."nombre", "clientes"."apellido", "clientes"."telefono", "clientes"."email", "clientes"."numerodocumento" FROM "clientes" WHERE "clientes"."clienteid" = 5 LIMIT 21; args=(5,); alias=default
(0.078) SELECT 1 AS "a" FROM "clientes" WHERE ("clientes"."numerodocumento" = '67945876493' AND NOT ("clientes"."clienteid" = 5)) LIMIT 1; args=(1, '67945876493', 5); alias=default
(0.094) SELECT 1 AS "a" FROM "clientes" WHERE ("clientes"."telefono" = '3054422192' AND NOT ("clientes"."clienteid" = 5)) LIMIT 1; args=(1, '3054422192', 5); alias=default
(0.078) SELECT 1 AS "a" FROM "clientes" WHERE ("clientes"."email" = 'pedro@hotmail.com' AND NOT ("clientes"."clienteid" = 5)) LIMIT 1; args=(1, 'pedro@hotmail.com', 5); alias=default
(0.094) UPDATE "clientes" SET "nombre" = 'Pedro', "apellido" = 'Ruiz', "telefono" = '3054422192', "email" = 'pedro@hotmail.com', "numerodocumento" = '67945876493' WHERE "clientes"."clienteid" = 5; args=('Pedro', 'Ruiz', '3054422192', 'pedro@hotmail.com', '67945876493', 5); alias=default
(0.000) BEGIN; args=None; alias=default
(0.156) UPDATE "django_session" SET "session_data" = '.eJxVjDsOwjAQBe_iGlnxbxNT0nMGy7te4wCypTipEHeHSCmgfTPzXiLEbS1h67yEOYmzUOL0u2GkB9cdpHustyap1XWZUe6KPGiX15b4eTncv4MSe_nW7PRICoybgLwCNSEMDDGTAZ_J-iFB9tkConIw-kTIxKQoO521ASveH9mSOBk:1unS4d:EGKnl3r8MHHz3rNj2ynWdhQj7L4oW9u1uhx5Rul_JDc', "expire_date" = '2025-08-30T20:20:39.674101'::timestamp WHERE "django_session"."session_key" = 't6gw7w625pxs728e22ixxp52h41qhq35'; args=('.eJxVjDsOwjAQBe_iGlnxbxNT0nMGy7te4wCypTipEHeHSCmgfTPzXiLEbS1h67yEOYmzUOL0u2GkB9cdpHustyap1XWZUe6KPGiX15b4eTncv4MSe_nW7PRICoybgLwCNSEMDDGTAZ_J-iFB9tkConIw-kTIxKQoO521ASveH9mSOBk:1unS4d:EGKnl3r8MHHz3rNj2ynWdhQj7L4oW9u1uhx5Rul_JDc', datetime.datetime(2025, 8, 30, 20, 20, 39, 674101), 't6gw7w625pxs728e22ixxp52h41qhq35'); alias=default
(0.094) COMMIT; args=None; alias=default
"POST /clientes/editar/5/ HTTP/1.1" 200 107
(0.094) SELECT "django_session"."session_key", "django_session"."session_data", "django_session"."expire_date" FROM "django_session" WHERE ("django_session"."expire_date" > '2025-08-16T20:20:39.948746'::timestamp AND "django_session"."session_key" = 't6gw7w625pxs728e22ixxp52h41qhq35') LIMIT 21; args=(datetime.datetime(2025, 8, 16, 20, 20, 39, 948746), 't6gw7w625pxs728e22ixxp52h41qhq35'); alias=default
(0.110) SELECT "usuarios"."is_superuser", "usuarios"."usuarioid", "usuarios"."nombreusuario", "usuarios"."contraseña", "usuarios"."rolid", "usuarios"."last_login", "usuarios"."is_active", "usuarios"."is_staff" FROM "usuarios" WHERE "usuarios"."usuarioid" = 1 LIMIT 21; args=(1,); alias=default
(0.093) SELECT "clientes"."clienteid", "clientes"."nombre", "clientes"."apellido", "clientes"."telefono", "clientes"."email", "clientes"."numerodocumento" FROM "clientes" ORDER BY "clientes"."nombre" ASC, "clientes"."apellido" ASC; args=(); alias=default
(0.000) BEGIN; args=None; alias=default
(0.203) UPDATE "django_session" SET "session_data" = '.eJxVjDsOwjAQBe_iGlnxbxNT0nMGy7te4wCypTipEHeHSCmgfTPzXiLEbS1h67yEOYmzUOL0u2GkB9cdpHustyap1XWZUe6KPGiX15b4eTncv4MSe_nW7PRICoybgLwCNSEMDDGTAZ_J-iFB9tkConIw-kTIxKQoO521ASveH9mSOBk:1unS4e:vOIzjcrMbUwsIjSEnNGft5qdDa3tVNLQOeYsM6_Gkjs', "expire_date" = '2025-08-30T20:20:40.965601'::timestamp WHERE "django_session"."session_key" = 't6gw7w625pxs728e22ixxp52h41qhq35'; args=('.eJxVjDsOwjAQBe_iGlnxbxNT0nMGy7te4wCypTipEHeHSCmgfTPzXiLEbS1h67yEOYmzUOL0u2GkB9cdpHustyap1XWZUe6KPGiX15b4eTncv4MSe_nW7PRICoybgLwCNSEMDDGTAZ_J-iFB9tkConIw-kTIxKQoO521ASveH9mSOBk:1unS4e:vOIzjcrMbUwsIjSEnNGft5qdDa3tVNLQOeYsM6_Gkjs', datetime.datetime(2025, 8, 30, 20, 20, 40, 965601), 't6gw7w625pxs728e22ixxp52h41qhq35'); alias=default
(0.094) COMMIT; args=None; alias=default
"GET /visualizar_clientes/ HTTP/1.1" 200 15511
(0.109) SELECT "django_session"."session_key", "django_session"."session_data", "django_session"."expire_date" FROM "django_session" WHERE ("django_session"."expire_date" > '2025-08-16T20:43:55.295747'::timestamp AND "django_session"."session_key" = 't6gw7w625pxs728e22ixxp52h41qhq35') LIMIT 21; args=(datetime.datetime(2025, 8, 16, 20, 43, 55, 295747), 't6gw7w625pxs728e22ixxp52h41qhq35'); alias=default
(0.094) SELECT "usuarios"."is_superuser", "usuarios"."usuarioid", "usuarios"."nombreusuario", "usuarios"."contraseña", "usuarios"."rolid", "usuarios"."last_login", "usuarios"."is_active", "usuarios"."is_staff" FROM "usuarios" WHERE "usuarios"."usuarioid" = 1 LIMIT 21; args=(1,); alias=default
(0.094) SELECT COUNT(*) AS "__count" FROM "pedidosproveedor"; args=(); alias=default
(0.109) SELECT "pedidosproveedor"."pedidoid", "pedidosproveedor"."proveedorid", "pedidosproveedor"."sucursalid", "pedidosproveedor"."fechapedido", "pedidosproveedor"."fechaestimadaentrega", "pedidosproveedor"."costototal", "pedidosproveedor"."estado", "pedidosproveedor"."comentario", "pedidosproveedor"."fecha_recibido", "pedidosproveedor"."monto_pagado", "pedidosproveedor"."caja_pagoid" FROM "pedidosproveedor" ORDER BY "pedidosproveedor"."fechapedido" DESC LIMIT 4; args=(); alias=default
(0.094) SELECT "proveedores"."proveedorid", "proveedores"."nombre", "proveedores"."empresa", "proveedores"."telefono", "proveedores"."email", "proveedores"."direccion" FROM "proveedores" WHERE "proveedores"."proveedorid" = 17 LIMIT 21; args=(17,); alias=default
(0.109) SELECT "sucursales"."sucursalid", "sucursales"."nombre", "sucursales"."direccion", "sucursales"."telefono" FROM "sucursales" WHERE "sucursales"."sucursalid" = 4 LIMIT 21; args=(4,); alias=default
(0.094) SELECT "proveedores"."proveedorid", "proveedores"."nombre", "proveedores"."empresa", "proveedores"."telefono", "proveedores"."email", "proveedores"."direccion" FROM "proveedores" WHERE "proveedores"."proveedorid" = 17 LIMIT 21; args=(17,); alias=default
(0.094) SELECT "sucursales"."sucursalid", "sucursales"."nombre", "sucursales"."direccion", "sucursales"."telefono" FROM "sucursales" WHERE "sucursales"."sucursalid" = 4 LIMIT 21; args=(4,); alias=default
(0.109) SELECT "proveedores"."proveedorid", "proveedores"."nombre", "proveedores"."empresa", "proveedores"."telefono", "proveedores"."email", "proveedores"."direccion" FROM "proveedores" WHERE "proveedores"."proveedorid" = 4 LIMIT 21; args=(4,); alias=default
(0.094) SELECT "sucursales"."sucursalid", "sucursales"."nombre", "sucursales"."direccion", "sucursales"."telefono" FROM "sucursales" WHERE "sucursales"."sucursalid" = 3 LIMIT 21; args=(3,); alias=default
(0.094) SELECT "proveedores"."proveedorid", "proveedores"."nombre", "proveedores"."empresa", "proveedores"."telefono", "proveedores"."email", "proveedores"."direccion" FROM "proveedores" WHERE "proveedores"."proveedorid" = 17 LIMIT 21; args=(17,); alias=default
(0.109) SELECT "sucursales"."sucursalid", "sucursales"."nombre", "sucursales"."direccion", "sucursales"."telefono" FROM "sucursales" WHERE "sucursales"."sucursalid" = 14 LIMIT 21; args=(14,); alias=default
(0.000) BEGIN; args=None; alias=default
(0.203) UPDATE "django_session" SET "session_data" = '.eJxVjDsOwjAQBe_iGlnxbxNT0nMGy7te4wCypTipEHeHSCmgfTPzXiLEbS1h67yEOYmzUOL0u2GkB9cdpHustyap1XWZUe6KPGiX15b4eTncv4MSe_nW7PRICoybgLwCNSEMDDGTAZ_J-iFB9tkConIw-kTIxKQoO521ASveH9mSOBk:1unSRB:p9uatnVq_5eyPTzpZrfAGbHp_GzyhQYxj2UbNKuyz40', "expire_date" = '2025-08-30T20:43:57.257391'::timestamp WHERE "django_session"."session_key" = 't6gw7w625pxs728e22ixxp52h41qhq35'; args=('.eJxVjDsOwjAQBe_iGlnxbxNT0nMGy7te4wCypTipEHeHSCmgfTPzXiLEbS1h67yEOYmzUOL0u2GkB9cdpHustyap1XWZUe6KPGiX15b4eTncv4MSe_nW7PRICoybgLwCNSEMDDGTAZ_J-iFB9tkConIw-kTIxKQoO521ASveH9mSOBk:1unSRB:p9uatnVq_5eyPTzpZrfAGbHp_GzyhQYxj2UbNKuyz40', datetime.datetime(2025, 8, 30, 20, 43, 57, 257391), 't6gw7w625pxs728e22ixxp52h41qhq35'); alias=default
(0.094) COMMIT; args=None; alias=default
"GET /visualizar_pedidos/ HTTP/1.1" 200 11898
"GET /static/css/visualizar_pedidos.css HTTP/1.1" 304 0
(0.093) SELECT "django_session"."session_key", "django_session"."session_data", "django_session"."expire_date" FROM "django_session" WHERE ("django_session"."expire_date" > '2025-08-16T20:44:01.731231'::timestamp AND "django_session"."session_key" = 't6gw7w625pxs728e22ixxp52h41qhq35') LIMIT 21; args=(datetime.datetime(2025, 8, 16, 20, 44, 1, 731231), 't6gw7w625pxs728e22ixxp52h41qhq35'); alias=default
(0.110) SELECT "usuarios"."is_superuser", "usuarios"."usuarioid", "usuarios"."nombreusuario", "usuarios"."contraseña", "usuarios"."rolid", "usuarios"."last_login", "usuarios"."is_active", "usuarios"."is_staff" FROM "usuarios" WHERE "usuarios"."usuarioid" = 1 LIMIT 21; args=(1,); alias=default
(0.093) SELECT "pedidosproveedor"."pedidoid", "pedidosproveedor"."proveedorid", "pedidosproveedor"."sucursalid", "pedidosproveedor"."fechapedido", "pedidosproveedor"."fechaestimadaentrega", "pedidosproveedor"."costototal", "pedidosproveedor"."estado", "pedidosproveedor"."comentario", "pedidosproveedor"."fecha_recibido", "pedidosproveedor"."monto_pagado", "pedidosproveedor"."caja_pagoid" FROM "pedidosproveedor" WHERE "pedidosproveedor"."pedidoid" = 18 LIMIT 21; args=(18,); alias=default
(0.000) BEGIN; args=None; alias=default
(0.204) DELETE FROM "detallespedidosproveedor" WHERE "detallespedidosproveedor"."pedidoid" IN (18); args=(18,); alias=default
(0.093) DELETE FROM "pedidosproveedor" WHERE "pedidosproveedor"."pedidoid" IN (18); args=(18,); alias=default
(0.110) COMMIT; args=None; alias=default
(0.000) BEGIN; args=None; alias=default
(0.187) UPDATE "django_session" SET "session_data" = '.eJxVjDsOwjAQBe_iGlnxbxNT0nMGy7te4wCypTipEHeHSCmgfTPzXiLEbS1h67yEOYmzUOL0u2GkB9cdpHustyap1XWZUe6KPGiX15b4eTncv4MSe_nW7PRICoybgLwCNSEMDDGTAZ_J-iFB9tkConIw-kTIxKQoO521ASveH9mSOBk:1unSRH:wjfvu1E7MYYXTgAY36NDA0U2Rlt3vqUv7ZCxUYI45bg', "expire_date" = '2025-08-30T20:44:03.190548'::timestamp WHERE "django_session"."session_key" = 't6gw7w625pxs728e22ixxp52h41qhq35'; args=('.eJxVjDsOwjAQBe_iGlnxbxNT0nMGy7te4wCypTipEHeHSCmgfTPzXiLEbS1h67yEOYmzUOL0u2GkB9cdpHustyap1XWZUe6KPGiX15b4eTncv4MSe_nW7PRICoybgLwCNSEMDDGTAZ_J-iFB9tkConIw-kTIxKQoO521ASveH9mSOBk:1unSRH:wjfvu1E7MYYXTgAY36NDA0U2Rlt3vqUv7ZCxUYI45bg', datetime.datetime(2025, 8, 30, 20, 44, 3, 190548), 't6gw7w625pxs728e22ixxp52h41qhq35'); alias=default
(0.110) COMMIT; args=None; alias=default
"POST /eliminar_pedido/18/ HTTP/1.1" 200 17
(0.093) SELECT "django_session"."session_key", "django_session"."session_data", "django_session"."expire_date" FROM "django_session" WHERE ("django_session"."expire_date" > '2025-08-16T20:44:07.916932'::timestamp AND "django_session"."session_key" = 't6gw7w625pxs728e22ixxp52h41qhq35') LIMIT 21; args=(datetime.datetime(2025, 8, 16, 20, 44, 7, 916932), 't6gw7w625pxs728e22ixxp52h41qhq35'); alias=default
(0.110) SELECT "usuarios"."is_superuser", "usuarios"."usuarioid", "usuarios"."nombreusuario", "usuarios"."contraseña", "usuarios"."rolid", "usuarios"."last_login", "usuarios"."is_active", "usuarios"."is_staff" FROM "usuarios" WHERE "usuarios"."usuarioid" = 1 LIMIT 21; args=(1,); alias=default
(0.000) BEGIN; args=None; alias=default
(0.203) UPDATE "django_session" SET "session_data" = '.eJxVjDsOwjAQBe_iGlnxbxNT0nMGy7te4wCypTipEHeHSCmgfTPzXiLEbS1h67yEOYmzUOL0u2GkB9cdpHustyap1XWZUe6KPGiX15b4eTncv4MSe_nW7PRICoybgLwCNSEMDDGTAZ_J-iFB9tkConIw-kTIxKQoO521ASveH9mSOBk:1unSRM:i9dmh8tgVgEVvd9l9i7I4yo13brMP3C-9LYER2KdMiQ', "expire_date" = '2025-08-30T20:44:08.947225'::timestamp WHERE "django_session"."session_key" = 't6gw7w625pxs728e22ixxp52h41qhq35'; args=('.eJxVjDsOwjAQBe_iGlnxbxNT0nMGy7te4wCypTipEHeHSCmgfTPzXiLEbS1h67yEOYmzUOL0u2GkB9cdpHustyap1XWZUe6KPGiX15b4eTncv4MSe_nW7PRICoybgLwCNSEMDDGTAZ_J-iFB9tkConIw-kTIxKQoO521ASveH9mSOBk:1unSRM:i9dmh8tgVgEVvd9l9i7I4yo13brMP3C-9LYER2KdMiQ', datetime.datetime(2025, 8, 30, 20, 44, 8, 947225), 't6gw7w625pxs728e22ixxp52h41qhq35'); alias=default
(0.094) COMMIT; args=None; alias=default
"GET /agregar_cliente/ HTTP/1.1" 200 8621
"GET /static/css/agregar_cliente.css HTTP/1.1" 304 0
(0.093) SELECT "django_session"."session_key", "django_session"."session_data", "django_session"."expire_date" FROM "django_session" WHERE ("django_session"."expire_date" > '2025-08-16T20:44:10.927414'::timestamp AND "django_session"."session_key" = 't6gw7w625pxs728e22ixxp52h41qhq35') LIMIT 21; args=(datetime.datetime(2025, 8, 16, 20, 44, 10, 927414), 't6gw7w625pxs728e22ixxp52h41qhq35'); alias=default
(0.094) SELECT "usuarios"."is_superuser", "usuarios"."usuarioid", "usuarios"."nombreusuario", "usuarios"."contraseña", "usuarios"."rolid", "usuarios"."last_login", "usuarios"."is_active", "usuarios"."is_staff" FROM "usuarios" WHERE "usuarios"."usuarioid" = 1 LIMIT 21; args=(1,); alias=default
(0.094) SELECT "clientes"."clienteid", "clientes"."nombre", "clientes"."apellido", "clientes"."telefono", "clientes"."email", "clientes"."numerodocumento" FROM "clientes" ORDER BY "clientes"."nombre" ASC, "clientes"."apellido" ASC; args=(); alias=default
(0.000) BEGIN; args=None; alias=default
(0.203) UPDATE "django_session" SET "session_data" = '.eJxVjDsOwjAQBe_iGlnxbxNT0nMGy7te4wCypTipEHeHSCmgfTPzXiLEbS1h67yEOYmzUOL0u2GkB9cdpHustyap1XWZUe6KPGiX15b4eTncv4MSe_nW7PRICoybgLwCNSEMDDGTAZ_J-iFB9tkConIw-kTIxKQoO521ASveH9mSOBk:1unSRP:xOEkW8YudM6679rz0d4ybHaoffR3tv3WD1jwLX677Ow', "expire_date" = '2025-08-30T20:44:11.999235'::timestamp WHERE "django_session"."session_key" = 't6gw7w625pxs728e22ixxp52h41qhq35'; args=('.eJxVjDsOwjAQBe_iGlnxbxNT0nMGy7te4wCypTipEHeHSCmgfTPzXiLEbS1h67yEOYmzUOL0u2GkB9cdpHustyap1XWZUe6KPGiX15b4eTncv4MSe_nW7PRICoybgLwCNSEMDDGTAZ_J-iFB9tkConIw-kTIxKQoO521ASveH9mSOBk:1unSRP:xOEkW8YudM6679rz0d4ybHaoffR3tv3WD1jwLX677Ow', datetime.datetime(2025, 8, 30, 20, 44, 11, 999235), 't6gw7w625pxs728e22ixxp52h41qhq35'); alias=default
(0.093) COMMIT; args=None; alias=default
"GET /visualizar_clientes/ HTTP/1.1" 200 15511
"GET /static/css/visualizar_clientes.css HTTP/1.1" 304 0
(0.109) SELECT "django_session"."session_key", "django_session"."session_data", "django_session"."expire_date" FROM "django_session" WHERE ("django_session"."expire_date" > '2025-08-16T20:54:30.151949'::timestamp AND "django_session"."session_key" = 't6gw7w625pxs728e22ixxp52h41qhq35') LIMIT 21; args=(datetime.datetime(2025, 8, 16, 20, 54, 30, 151949), 't6gw7w625pxs728e22ixxp52h41qhq35'); alias=default
(0.094) SELECT "usuarios"."is_superuser", "usuarios"."usuarioid", "usuarios"."nombreusuario", "usuarios"."contraseña", "usuarios"."rolid", "usuarios"."last_login", "usuarios"."is_active", "usuarios"."is_staff" FROM "usuarios" WHERE "usuarios"."usuarioid" = 1 LIMIT 21; args=(1,); alias=default
(0.125) SELECT "clientes"."clienteid", "clientes"."nombre", "clientes"."apellido", "clientes"."telefono", "clientes"."email", "clientes"."numerodocumento" FROM "clientes" WHERE "clientes"."clienteid" = 5 LIMIT 21; args=(5,); alias=default
(0.000) BEGIN; args=None; alias=default
(0.187) UPDATE "django_session" SET "session_data" = '.eJxVjDsOwjAQBe_iGlnxbxNT0nMGy7te4wCypTipEHeHSCmgfTPzXiLEbS1h67yEOYmzUOL0u2GkB9cdpHustyap1XWZUe6KPGiX15b4eTncv4MSe_nW7PRICoybgLwCNSEMDDGTAZ_J-iFB9tkConIw-kTIxKQoO521ASveH9mSOBk:1unSbP:H-j-5eC7kJhFXvUWYslOpeGTtlVqJLIELTDmx4gYN3k', "expire_date" = '2025-08-30T20:54:31.646104'::timestamp WHERE "django_session"."session_key" = 't6gw7w625pxs728e22ixxp52h41qhq35'; args=('.eJxVjDsOwjAQBe_iGlnxbxNT0nMGy7te4wCypTipEHeHSCmgfTPzXiLEbS1h67yEOYmzUOL0u2GkB9cdpHustyap1XWZUe6KPGiX15b4eTncv4MSe_nW7PRICoybgLwCNSEMDDGTAZ_J-iFB9tkConIw-kTIxKQoO521ASveH9mSOBk:1unSbP:H-j-5eC7kJhFXvUWYslOpeGTtlVqJLIELTDmx4gYN3k', datetime.datetime(2025, 8, 30, 20, 54, 31, 646104), 't6gw7w625pxs728e22ixxp52h41qhq35'); alias=default
(0.110) COMMIT; args=None; alias=default
"GET /clientes/editar/5/ HTTP/1.1" 200 8586
(0.110) SELECT "django_session"."session_key", "django_session"."session_data", "django_session"."expire_date" FROM "django_session" WHERE ("django_session"."expire_date" > '2025-08-16T20:54:34.054063'::timestamp AND "django_session"."session_key" = 't6gw7w625pxs728e22ixxp52h41qhq35') LIMIT 21; args=(datetime.datetime(2025, 8, 16, 20, 54, 34, 54063), 't6gw7w625pxs728e22ixxp52h41qhq35'); alias=default
(0.109) SELECT "usuarios"."is_superuser", "usuarios"."usuarioid", "usuarios"."nombreusuario", "usuarios"."contraseña", "usuarios"."rolid", "usuarios"."last_login", "usuarios"."is_active", "usuarios"."is_staff" FROM "usuarios" WHERE "usuarios"."usuarioid" = 1 LIMIT 21; args=(1,); alias=default
(0.094) SELECT "clientes"."clienteid", "clientes"."nombre", "clientes"."apellido", "clientes"."telefono", "clientes"."email", "clientes"."numerodocumento" FROM "clientes" WHERE "clientes"."clienteid" = 5 LIMIT 21; args=(5,); alias=default
(0.109) SELECT 1 AS "a" FROM "clientes" WHERE ("clientes"."numerodocumento" = '67945876493' AND NOT ("clientes"."clienteid" = 5)) LIMIT 1; args=(1, '67945876493', 5); alias=default
(0.110) SELECT 1 AS "a" FROM "clientes" WHERE ("clientes"."telefono" = '3054422192' AND NOT ("clientes"."clienteid" = 5)) LIMIT 1; args=(1, '3054422192', 5); alias=default
(0.109) SELECT 1 AS "a" FROM "clientes" WHERE ("clientes"."email" = 'pedro@hotmail.com' AND NOT ("clientes"."clienteid" = 5)) LIMIT 1; args=(1, 'pedro@hotmail.com', 5); alias=default
(0.109) UPDATE "clientes" SET "nombre" = 'Pedro', "apellido" = 'Ruiz', "telefono" = '3054422192', "email" = 'pedro@hotmail.com', "numerodocumento" = '67945876493' WHERE "clientes"."clienteid" = 5; args=('Pedro', 'Ruiz', '3054422192', 'pedro@hotmail.com', '67945876493', 5); alias=default
(0.000) BEGIN; args=None; alias=default
(0.219) UPDATE "django_session" SET "session_data" = '.eJxVjDsOwjAQBe_iGlnxbxNT0nMGy7te4wCypTipEHeHSCmgfTPzXiLEbS1h67yEOYmzUOL0u2GkB9cdpHustyap1XWZUe6KPGiX15b4eTncv4MSe_nW7PRICoybgLwCNSEMDDGTAZ_J-iFB9tkConIw-kTIxKQoO521ASveH9mSOBk:1unSbT:J6nbXVaYrYMVd01lzuYhlwXhwfpimNbNz6cuyRb1tgw', "expire_date" = '2025-08-30T20:54:35.583372'::timestamp WHERE "django_session"."session_key" = 't6gw7w625pxs728e22ixxp52h41qhq35'; args=('.eJxVjDsOwjAQBe_iGlnxbxNT0nMGy7te4wCypTipEHeHSCmgfTPzXiLEbS1h67yEOYmzUOL0u2GkB9cdpHustyap1XWZUe6KPGiX15b4eTncv4MSe_nW7PRICoybgLwCNSEMDDGTAZ_J-iFB9tkConIw-kTIxKQoO521ASveH9mSOBk:1unSbT:J6nbXVaYrYMVd01lzuYhlwXhwfpimNbNz6cuyRb1tgw', datetime.datetime(2025, 8, 30, 20, 54, 35, 583372), 't6gw7w625pxs728e22ixxp52h41qhq35'); alias=default
(0.125) COMMIT; args=None; alias=default
"POST /clientes/editar/5/ HTTP/1.1" 200 107
(0.109) SELECT "django_session"."session_key", "django_session"."session_data", "django_session"."expire_date" FROM "django_session" WHERE ("django_session"."expire_date" > '2025-08-16T20:54:35.952714'::timestamp AND "django_session"."session_key" = 't6gw7w625pxs728e22ixxp52h41qhq35') LIMIT 21; args=(datetime.datetime(2025, 8, 16, 20, 54, 35, 952714), 't6gw7w625pxs728e22ixxp52h41qhq35'); alias=default
(0.109) SELECT "usuarios"."is_superuser", "usuarios"."usuarioid", "usuarios"."nombreusuario", "usuarios"."contraseña", "usuarios"."rolid", "usuarios"."last_login", "usuarios"."is_active", "usuarios"."is_staff" FROM "usuarios" WHERE "usuarios"."usuarioid" = 1 LIMIT 21; args=(1,); alias=default
(0.109) SELECT "clientes"."clienteid", "clientes"."nombre", "clientes"."apellido", "clientes"."telefono", "clientes"."email", "clientes"."numerodocumento" FROM "clientes" ORDER BY "clientes"."nombre" ASC, "clientes"."apellido" ASC; args=(); alias=default
(0.000) BEGIN; args=None; alias=default
(0.219) UPDATE "django_session" SET "session_data" = '.eJxVjDsOwjAQBe_iGlnxbxNT0nMGy7te4wCypTipEHeHSCmgfTPzXiLEbS1h67yEOYmzUOL0u2GkB9cdpHustyap1XWZUe6KPGiX15b4eTncv4MSe_nW7PRICoybgLwCNSEMDDGTAZ_J-iFB9tkConIw-kTIxKQoO521ASveH9mSOBk:1unSbV:Gu1R92VV3D-ZYfQFdg67n0Ure3E2D-5pCdEaSWG-tIw', "expire_date" = '2025-08-30T20:54:37.089283'::timestamp WHERE "django_session"."session_key" = 't6gw7w625pxs728e22ixxp52h41qhq35'; args=('.eJxVjDsOwjAQBe_iGlnxbxNT0nMGy7te4wCypTipEHeHSCmgfTPzXiLEbS1h67yEOYmzUOL0u2GkB9cdpHustyap1XWZUe6KPGiX15b4eTncv4MSe_nW7PRICoybgLwCNSEMDDGTAZ_J-iFB9tkConIw-kTIxKQoO521ASveH9mSOBk:1unSbV:Gu1R92VV3D-ZYfQFdg67n0Ure3E2D-5pCdEaSWG-tIw', datetime.datetime(2025, 8, 30, 20, 54, 37, 89283), 't6gw7w625pxs728e22ixxp52h41qhq35'); alias=default
(0.109) COMMIT; args=None; alias=default
"GET /visualizar_clientes/ HTTP/1.1" 200 15511
(0.109) SELECT "django_session"."session_key", "django_session"."session_data", "django_session"."expire_date" FROM "django_session" WHERE ("django_session"."expire_date" > '2025-08-16T20:54:41.336267'::timestamp AND "django_session"."session_key" = 't6gw7w625pxs728e22ixxp52h41qhq35') LIMIT 21; args=(datetime.datetime(2025, 8, 16, 20, 54, 41, 336267), 't6gw7w625pxs728e22ixxp52h41qhq35'); alias=default
(0.110) SELECT "usuarios"."is_superuser", "usuarios"."usuarioid", "usuarios"."nombreusuario", "usuarios"."contraseña", "usuarios"."rolid", "usuarios"."last_login", "usuarios"."is_active", "usuarios"."is_staff" FROM "usuarios" WHERE "usuarios"."usuarioid" = 1 LIMIT 21; args=(1,); alias=default
(0.093) SELECT "clientes"."clienteid", "clientes"."nombre", "clientes"."apellido", "clientes"."telefono", "clientes"."email", "clientes"."numerodocumento" FROM "clientes" ORDER BY "clientes"."nombre" ASC, "clientes"."apellido" ASC; args=(); alias=default
(0.000) BEGIN; args=None; alias=default
(0.188) UPDATE "django_session" SET "session_data" = '.eJxVjDsOwjAQBe_iGlnxbxNT0nMGy7te4wCypTipEHeHSCmgfTPzXiLEbS1h67yEOYmzUOL0u2GkB9cdpHustyap1XWZUe6KPGiX15b4eTncv4MSe_nW7PRICoybgLwCNSEMDDGTAZ_J-iFB9tkConIw-kTIxKQoO521ASveH9mSOBk:1unSba:fwciDsPWUcUOcetaqEZ6UsUjH6EB4lyNnLV5TE6U7TM', "expire_date" = '2025-08-30T20:54:42.422939'::timestamp WHERE "django_session"."session_key" = 't6gw7w625pxs728e22ixxp52h41qhq35'; args=('.eJxVjDsOwjAQBe_iGlnxbxNT0nMGy7te4wCypTipEHeHSCmgfTPzXiLEbS1h67yEOYmzUOL0u2GkB9cdpHustyap1XWZUe6KPGiX15b4eTncv4MSe_nW7PRICoybgLwCNSEMDDGTAZ_J-iFB9tkConIw-kTIxKQoO521ASveH9mSOBk:1unSba:fwciDsPWUcUOcetaqEZ6UsUjH6EB4lyNnLV5TE6U7TM', datetime.datetime(2025, 8, 30, 20, 54, 42, 422939), 't6gw7w625pxs728e22ixxp52h41qhq35'); alias=default
(0.109) COMMIT; args=None; alias=default
"GET /visualizar_clientes/ HTTP/1.1" 200 15511
"GET /visualizar_clientes/ HTTP/1.1" 302 0
"GET /?next=/visualizar_clientes/ HTTP/1.1" 200 1391
"GET /static/css/navbar.css HTTP/1.1" 200 6709
"GET /static/javascript/navbar.js HTTP/1.1" 200 1576
"GET /static/css/login.css HTTP/1.1" 200 11695
"GET /static/images/logoNovaAdvance.png HTTP/1.1" 200 3509194
(0.125) SELECT "usuarios"."is_superuser", "usuarios"."usuarioid", "usuarios"."nombreusuario", "usuarios"."contraseña", "usuarios"."rolid", "usuarios"."last_login", "usuarios"."is_active", "usuarios"."is_staff" FROM "usuarios" WHERE "usuarios"."nombreusuario" = 'admin' LIMIT 21; args=('admin',); alias=default
(0.109) SELECT 1 AS "a" FROM "django_session" WHERE "django_session"."session_key" = 'aidu9szjfvzqikzet9la2xn4xhlh44rm' LIMIT 1; args=(1, 'aidu9szjfvzqikzet9la2xn4xhlh44rm'); alias=default
(0.000) BEGIN; args=None; alias=default
(0.219) INSERT INTO "django_session" ("session_key", "session_data", "expire_date") VALUES ('aidu9szjfvzqikzet9la2xn4xhlh44rm', 'e30:1unSbm:vno1TaJmphorlSAGnue6OKJN5GK9EhPx3A7Ox2KQREA', '2025-08-30T20:54:54.731563'::timestamp); args=('aidu9szjfvzqikzet9la2xn4xhlh44rm', 'e30:1unSbm:vno1TaJmphorlSAGnue6OKJN5GK9EhPx3A7Ox2KQREA', datetime.datetime(2025, 8, 30, 20, 54, 54, 731563)); alias=default
(0.125) COMMIT; args=None; alias=default
(0.109) UPDATE "usuarios" SET "last_login" = '2025-08-16T20:54:55.065148'::timestamp WHERE "usuarios"."usuarioid" = 1; args=(datetime.datetime(2025, 8, 16, 20, 54, 55, 65148), 1); alias=default
(0.000) BEGIN; args=None; alias=default
(0.219) UPDATE "django_session" SET "session_data" = '.eJxVjDsOwjAQBe_iGlnxbxNT0nMGy7te4wCypTipEHeHSCmgfTPzXiLEbS1h67yEOYmzUOL0u2GkB9cdpHustyap1XWZUe6KPGiX15b4eTncv4MSe_nW7PRICoybgLwCNSEMDDGTAZ_J-iFB9tkConIw-kTIxKQoO521ASveH9mSOBk:1unSbn:SNG2Zpkb1nRD3Iowr-o779U-zHzpEgJ7G28acDC0SBg', "expire_date" = '2025-08-30T20:54:55.177643'::timestamp WHERE "django_session"."session_key" = 'aidu9szjfvzqikzet9la2xn4xhlh44rm'; args=('.eJxVjDsOwjAQBe_iGlnxbxNT0nMGy7te4wCypTipEHeHSCmgfTPzXiLEbS1h67yEOYmzUOL0u2GkB9cdpHustyap1XWZUe6KPGiX15b4eTncv4MSe_nW7PRICoybgLwCNSEMDDGTAZ_J-iFB9tkConIw-kTIxKQoO521ASveH9mSOBk:1unSbn:SNG2Zpkb1nRD3Iowr-o779U-zHzpEgJ7G28acDC0SBg', datetime.datetime(2025, 8, 30, 20, 54, 55, 177643), 'aidu9szjfvzqikzet9la2xn4xhlh44rm'); alias=default
(0.109) COMMIT; args=None; alias=default
"POST / HTTP/1.1" 302 0
(0.109) SELECT "django_session"."session_key", "django_session"."session_data", "django_session"."expire_date" FROM "django_session" WHERE ("django_session"."expire_date" > '2025-08-16T20:54:55.512096'::timestamp AND "django_session"."session_key" = 'aidu9szjfvzqikzet9la2xn4xhlh44rm') LIMIT 21; args=(datetime.datetime(2025, 8, 16, 20, 54, 55, 512096), 'aidu9szjfvzqikzet9la2xn4xhlh44rm'); alias=default
(0.094) SELECT "usuarios"."is_superuser", "usuarios"."usuarioid", "usuarios"."nombreusuario", "usuarios"."contraseña", "usuarios"."rolid", "usuarios"."last_login", "usuarios"."is_active", "usuarios"."is_staff" FROM "usuarios" WHERE "usuarios"."usuarioid" = 1 LIMIT 21; args=(1,); alias=default
(0.000) BEGIN; args=None; alias=default
(0.188) UPDATE "django_session" SET "session_data" = '.eJxVjDsOwjAQBe_iGlnxbxNT0nMGy7te4wCypTipEHeHSCmgfTPzXiLEbS1h67yEOYmzUOL0u2GkB9cdpHustyap1XWZUe6KPGiX15b4eTncv4MSe_nW7PRICoybgLwCNSEMDDGTAZ_J-iFB9tkConIw-kTIxKQoO521ASveH9mSOBk:1unSbo:83IOE10plM9fFBhzLD8_bvEzlbxmm43UttK1ne_NA5k', "expire_date" = '2025-08-30T20:54:56.387159'::timestamp WHERE "django_session"."session_key" = 'aidu9szjfvzqikzet9la2xn4xhlh44rm'; args=('.eJxVjDsOwjAQBe_iGlnxbxNT0nMGy7te4wCypTipEHeHSCmgfTPzXiLEbS1h67yEOYmzUOL0u2GkB9cdpHustyap1XWZUe6KPGiX15b4eTncv4MSe_nW7PRICoybgLwCNSEMDDGTAZ_J-iFB9tkConIw-kTIxKQoO521ASveH9mSOBk:1unSbo:83IOE10plM9fFBhzLD8_bvEzlbxmm43UttK1ne_NA5k', datetime.datetime(2025, 8, 30, 20, 54, 56, 387159), 'aidu9szjfvzqikzet9la2xn4xhlh44rm'); alias=default
(0.093) COMMIT; args=None; alias=default
"GET /home/ HTTP/1.1" 200 5981
"GET /static/css/homePage.css HTTP/1.1" 200 7291
"GET /static/images/logoNovaAdvancetransparente.png HTTP/1.1" 200 3433207
(0.109) SELECT "django_session"."session_key", "django_session"."session_data", "django_session"."expire_date" FROM "django_session" WHERE ("django_session"."expire_date" > '2025-08-16T20:56:28.691439'::timestamp AND "django_session"."session_key" = 'aidu9szjfvzqikzet9la2xn4xhlh44rm') LIMIT 21; args=(datetime.datetime(2025, 8, 16, 20, 56, 28, 691439), 'aidu9szjfvzqikzet9la2xn4xhlh44rm'); alias=default
(0.093) SELECT "usuarios"."is_superuser", "usuarios"."usuarioid", "usuarios"."nombreusuario", "usuarios"."contraseña", "usuarios"."rolid", "usuarios"."last_login", "usuarios"."is_active", "usuarios"."is_staff" FROM "usuarios" WHERE "usuarios"."usuarioid" = 1 LIMIT 21; args=(1,); alias=default
(0.094) SELECT "clientes"."clienteid", "clientes"."nombre", "clientes"."apellido", "clientes"."telefono", "clientes"."email", "clientes"."numerodocumento" FROM "clientes" ORDER BY "clientes"."nombre" ASC, "clientes"."apellido" ASC; args=(); alias=default
(0.000) BEGIN; args=None; alias=default
(0.188) UPDATE "django_session" SET "session_data" = '.eJxVjDsOwjAQBe_iGlnxbxNT0nMGy7te4wCypTipEHeHSCmgfTPzXiLEbS1h67yEOYmzUOL0u2GkB9cdpHustyap1XWZUe6KPGiX15b4eTncv4MSe_nW7PRICoybgLwCNSEMDDGTAZ_J-iFB9tkConIw-kTIxKQoO521ASveH9mSOBk:1unSdJ:WFQ95SopFfJ28eqRmT4wfwjIGAIjLUHxVJ53g1pNnYk', "expire_date" = '2025-08-30T20:56:29.802727'::timestamp WHERE "django_session"."session_key" = 'aidu9szjfvzqikzet9la2xn4xhlh44rm'; args=('.eJxVjDsOwjAQBe_iGlnxbxNT0nMGy7te4wCypTipEHeHSCmgfTPzXiLEbS1h67yEOYmzUOL0u2GkB9cdpHustyap1XWZUe6KPGiX15b4eTncv4MSe_nW7PRICoybgLwCNSEMDDGTAZ_J-iFB9tkConIw-kTIxKQoO521ASveH9mSOBk:1unSdJ:WFQ95SopFfJ28eqRmT4wfwjIGAIjLUHxVJ53g1pNnYk', datetime.datetime(2025, 8, 30, 20, 56, 29, 802727), 'aidu9szjfvzqikzet9la2xn4xhlh44rm'); alias=default
(0.093) COMMIT; args=None; alias=default
"GET /visualizar_clientes/ HTTP/1.1" 200 15511
"GET /static/css/visualizar_clientes.css HTTP/1.1" 200 0
"GET /static/javascript/visualizar_clientes.js HTTP/1.1" 200 1394
(0.094) SELECT "django_session"."session_key", "django_session"."session_data", "django_session"."expire_date" FROM "django_session" WHERE ("django_session"."expire_date" > '2025-08-16T20:56:37.051126'::timestamp AND "django_session"."session_key" = 'aidu9szjfvzqikzet9la2xn4xhlh44rm') LIMIT 21; args=(datetime.datetime(2025, 8, 16, 20, 56, 37, 51126), 'aidu9szjfvzqikzet9la2xn4xhlh44rm'); alias=default
(0.094) SELECT "usuarios"."is_superuser", "usuarios"."usuarioid", "usuarios"."nombreusuario", "usuarios"."contraseña", "usuarios"."rolid", "usuarios"."last_login", "usuarios"."is_active", "usuarios"."is_staff" FROM "usuarios" WHERE "usuarios"."usuarioid" = 1 LIMIT 21; args=(1,); alias=default
(0.094) SELECT "clientes"."clienteid", "clientes"."nombre", "clientes"."apellido", "clientes"."telefono", "clientes"."email", "clientes"."numerodocumento" FROM "clientes" ORDER BY "clientes"."nombre" ASC, "clientes"."apellido" ASC; args=(); alias=default
(0.000) BEGIN; args=None; alias=default
(0.171) UPDATE "django_session" SET "session_data" = '.eJxVjDsOwjAQBe_iGlnxbxNT0nMGy7te4wCypTipEHeHSCmgfTPzXiLEbS1h67yEOYmzUOL0u2GkB9cdpHustyap1XWZUe6KPGiX15b4eTncv4MSe_nW7PRICoybgLwCNSEMDDGTAZ_J-iFB9tkConIw-kTIxKQoO521ASveH9mSOBk:1unSdR:a5IBVS4IXoT0z0B25J34_M_a6OLtU6r42bf6RmZVmUc', "expire_date" = '2025-08-30T20:56:37.987628'::timestamp WHERE "django_session"."session_key" = 'aidu9szjfvzqikzet9la2xn4xhlh44rm'; args=('.eJxVjDsOwjAQBe_iGlnxbxNT0nMGy7te4wCypTipEHeHSCmgfTPzXiLEbS1h67yEOYmzUOL0u2GkB9cdpHustyap1XWZUe6KPGiX15b4eTncv4MSe_nW7PRICoybgLwCNSEMDDGTAZ_J-iFB9tkConIw-kTIxKQoO521ASveH9mSOBk:1unSdR:a5IBVS4IXoT0z0B25J34_M_a6OLtU6r42bf6RmZVmUc', datetime.datetime(2025, 8, 30, 20, 56, 37, 987628), 'aidu9szjfvzqikzet9la2xn4xhlh44rm'); alias=default
(0.079) COMMIT; args=None; alias=default
"GET /visualizar_clientes/ HTTP/1.1" 200 15511
(0.094) SELECT "django_session"."session_key", "django_session"."session_data", "django_session"."expire_date" FROM "django_session" WHERE ("django_session"."expire_date" > '2025-08-16T20:56:40.118810'::timestamp AND "django_session"."session_key" = 'aidu9szjfvzqikzet9la2xn4xhlh44rm') LIMIT 21; args=(datetime.datetime(2025, 8, 16, 20, 56, 40, 118810), 'aidu9szjfvzqikzet9la2xn4xhlh44rm'); alias=default
(0.094) SELECT "usuarios"."is_superuser", "usuarios"."usuarioid", "usuarios"."nombreusuario", "usuarios"."contraseña", "usuarios"."rolid", "usuarios"."last_login", "usuarios"."is_active", "usuarios"."is_staff" FROM "usuarios" WHERE "usuarios"."usuarioid" = 1 LIMIT 21; args=(1,); alias=default
(0.093) SELECT "clientes"."clienteid", "clientes"."nombre", "clientes"."apellido", "clientes"."telefono", "clientes"."email", "clientes"."numerodocumento" FROM "clientes" ORDER BY "clientes"."nombre" ASC, "clientes"."apellido" ASC; args=(); alias=default
(0.000) BEGIN; args=None; alias=default
(0.203) UPDATE "django_session" SET "session_data" = '.eJxVjDsOwjAQBe_iGlnxbxNT0nMGy7te4wCypTipEHeHSCmgfTPzXiLEbS1h67yEOYmzUOL0u2GkB9cdpHustyap1XWZUe6KPGiX15b4eTncv4MSe_nW7PRICoybgLwCNSEMDDGTAZ_J-iFB9tkConIw-kTIxKQoO521ASveH9mSOBk:1unSdV:NfXyUAifNfbQY0sjRIR_5JkeDOVX0N3uVgSFw3PGbWI', "expire_date" = '2025-08-30T20:56:41.089013'::timestamp WHERE "django_session"."session_key" = 'aidu9szjfvzqikzet9la2xn4xhlh44rm'; args=('.eJxVjDsOwjAQBe_iGlnxbxNT0nMGy7te4wCypTipEHeHSCmgfTPzXiLEbS1h67yEOYmzUOL0u2GkB9cdpHustyap1XWZUe6KPGiX15b4eTncv4MSe_nW7PRICoybgLwCNSEMDDGTAZ_J-iFB9tkConIw-kTIxKQoO521ASveH9mSOBk:1unSdV:NfXyUAifNfbQY0sjRIR_5JkeDOVX0N3uVgSFw3PGbWI', datetime.datetime(2025, 8, 30, 20, 56, 41, 89013), 'aidu9szjfvzqikzet9la2xn4xhlh44rm'); alias=default
(0.094) COMMIT; args=None; alias=default
"GET /visualizar_clientes/ HTTP/1.1" 200 15511
"GET /static/css/visualizar_clientes.css HTTP/1.1" 200 10739
(0.109) SELECT "django_session"."session_key", "django_session"."session_data", "django_session"."expire_date" FROM "django_session" WHERE ("django_session"."expire_date" > '2025-08-16T20:56:53.598232'::timestamp AND "django_session"."session_key" = 'aidu9szjfvzqikzet9la2xn4xhlh44rm') LIMIT 21; args=(datetime.datetime(2025, 8, 16, 20, 56, 53, 598232), 'aidu9szjfvzqikzet9la2xn4xhlh44rm'); alias=default
(0.094) SELECT "usuarios"."is_superuser", "usuarios"."usuarioid", "usuarios"."nombreusuario", "usuarios"."contraseña", "usuarios"."rolid", "usuarios"."last_login", "usuarios"."is_active", "usuarios"."is_staff" FROM "usuarios" WHERE "usuarios"."usuarioid" = 1 LIMIT 21; args=(1,); alias=default
(0.094) SELECT "clientes"."clienteid", "clientes"."nombre", "clientes"."apellido", "clientes"."telefono", "clientes"."email", "clientes"."numerodocumento" FROM "clientes" WHERE "clientes"."clienteid" = 5 LIMIT 21; args=(5,); alias=default
(0.000) BEGIN; args=None; alias=default
(0.218) UPDATE "django_session" SET "session_data" = '.eJxVjDsOwjAQBe_iGlnxbxNT0nMGy7te4wCypTipEHeHSCmgfTPzXiLEbS1h67yEOYmzUOL0u2GkB9cdpHustyap1XWZUe6KPGiX15b4eTncv4MSe_nW7PRICoybgLwCNSEMDDGTAZ_J-iFB9tkConIw-kTIxKQoO521ASveH9mSOBk:1unSdi:2jo01PVc9MBqHnCcdE2NYOJ3jIzj0KyYOr4taEhiqqs', "expire_date" = '2025-08-30T20:56:54.701363'::timestamp WHERE "django_session"."session_key" = 'aidu9szjfvzqikzet9la2xn4xhlh44rm'; args=('.eJxVjDsOwjAQBe_iGlnxbxNT0nMGy7te4wCypTipEHeHSCmgfTPzXiLEbS1h67yEOYmzUOL0u2GkB9cdpHustyap1XWZUe6KPGiX15b4eTncv4MSe_nW7PRICoybgLwCNSEMDDGTAZ_J-iFB9tkConIw-kTIxKQoO521ASveH9mSOBk:1unSdi:2jo01PVc9MBqHnCcdE2NYOJ3jIzj0KyYOr4taEhiqqs', datetime.datetime(2025, 8, 30, 20, 56, 54, 701363), 'aidu9szjfvzqikzet9la2xn4xhlh44rm'); alias=default
(0.094) COMMIT; args=None; alias=default
"GET /clientes/editar/5/ HTTP/1.1" 200 8586
"GET /static/css/agregar_cliente.css HTTP/1.1" 200 6806
"GET /static/javascript/editar_cliente.js HTTP/1.1" 200 3187
(0.109) SELECT "django_session"."session_key", "django_session"."session_data", "django_session"."expire_date" FROM "django_session" WHERE ("django_session"."expire_date" > '2025-08-16T20:56:58.481442'::timestamp AND "django_session"."session_key" = 'aidu9szjfvzqikzet9la2xn4xhlh44rm') LIMIT 21; args=(datetime.datetime(2025, 8, 16, 20, 56, 58, 481442), 'aidu9szjfvzqikzet9la2xn4xhlh44rm'); alias=default
(0.094) SELECT "usuarios"."is_superuser", "usuarios"."usuarioid", "usuarios"."nombreusuario", "usuarios"."contraseña", "usuarios"."rolid", "usuarios"."last_login", "usuarios"."is_active", "usuarios"."is_staff" FROM "usuarios" WHERE "usuarios"."usuarioid" = 1 LIMIT 21; args=(1,); alias=default
(0.094) SELECT "clientes"."clienteid", "clientes"."nombre", "clientes"."apellido", "clientes"."telefono", "clientes"."email", "clientes"."numerodocumento" FROM "clientes" WHERE "clientes"."clienteid" = 5 LIMIT 21; args=(5,); alias=default
(0.109) SELECT 1 AS "a" FROM "clientes" WHERE ("clientes"."numerodocumento" = '67945876493' AND NOT ("clientes"."clienteid" = 5)) LIMIT 1; args=(1, '67945876493', 5); alias=default
(0.094) SELECT 1 AS "a" FROM "clientes" WHERE ("clientes"."telefono" = '3054422192' AND NOT ("clientes"."clienteid" = 5)) LIMIT 1; args=(1, '3054422192', 5); alias=default
(0.109) SELECT 1 AS "a" FROM "clientes" WHERE ("clientes"."email" = 'pedro@hotmail.com' AND NOT ("clientes"."clienteid" = 5)) LIMIT 1; args=(1, 'pedro@hotmail.com', 5); alias=default
(0.094) UPDATE "clientes" SET "nombre" = 'Pedro', "apellido" = 'Ruiz', "telefono" = '3054422192', "email" = 'pedro@hotmail.com', "numerodocumento" = '67945876493' WHERE "clientes"."clienteid" = 5; args=('Pedro', 'Ruiz', '3054422192', 'pedro@hotmail.com', '67945876493', 5); alias=default
(0.000) BEGIN; args=None; alias=default
(0.203) UPDATE "django_session" SET "session_data" = '.eJxVjDsOwjAQBe_iGlnxbxNT0nMGy7te4wCypTipEHeHSCmgfTPzXiLEbS1h67yEOYmzUOL0u2GkB9cdpHustyap1XWZUe6KPGiX15b4eTncv4MSe_nW7PRICoybgLwCNSEMDDGTAZ_J-iFB9tkConIw-kTIxKQoO521ASveH9mSOBk:1unSdn:TcAwTNUGxDQIigBBqlmD9_BEr2oFgQtjsfAXnmUFi6Q', "expire_date" = '2025-08-30T20:56:59.902681'::timestamp WHERE "django_session"."session_key" = 'aidu9szjfvzqikzet9la2xn4xhlh44rm'; args=('.eJxVjDsOwjAQBe_iGlnxbxNT0nMGy7te4wCypTipEHeHSCmgfTPzXiLEbS1h67yEOYmzUOL0u2GkB9cdpHustyap1XWZUe6KPGiX15b4eTncv4MSe_nW7PRICoybgLwCNSEMDDGTAZ_J-iFB9tkConIw-kTIxKQoO521ASveH9mSOBk:1unSdn:TcAwTNUGxDQIigBBqlmD9_BEr2oFgQtjsfAXnmUFi6Q', datetime.datetime(2025, 8, 30, 20, 56, 59, 902681), 'aidu9szjfvzqikzet9la2xn4xhlh44rm'); alias=default
(0.094) COMMIT; args=None; alias=default
"POST /clientes/editar/5/ HTTP/1.1" 200 107
(0.109) SELECT "django_session"."session_key", "django_session"."session_data", "django_session"."expire_date" FROM "django_session" WHERE ("django_session"."expire_date" > '2025-08-16T20:57:00.213549'::timestamp AND "django_session"."session_key" = 'aidu9szjfvzqikzet9la2xn4xhlh44rm') LIMIT 21; args=(datetime.datetime(2025, 8, 16, 20, 57, 0, 213549), 'aidu9szjfvzqikzet9la2xn4xhlh44rm'); alias=default
(0.094) SELECT "usuarios"."is_superuser", "usuarios"."usuarioid", "usuarios"."nombreusuario", "usuarios"."contraseña", "usuarios"."rolid", "usuarios"."last_login", "usuarios"."is_active", "usuarios"."is_staff" FROM "usuarios" WHERE "usuarios"."usuarioid" = 1 LIMIT 21; args=(1,); alias=default
(0.093) SELECT "clientes"."clienteid", "clientes"."nombre", "clientes"."apellido", "clientes"."telefono", "clientes"."email", "clientes"."numerodocumento" FROM "clientes" ORDER BY "clientes"."nombre" ASC, "clientes"."apellido" ASC; args=(); alias=default
(0.000) BEGIN; args=None; alias=default
(0.204) UPDATE "django_session" SET "session_data" = '.eJxVjDsOwjAQBe_iGlnxbxNT0nMGy7te4wCypTipEHeHSCmgfTPzXiLEbS1h67yEOYmzUOL0u2GkB9cdpHustyap1XWZUe6KPGiX15b4eTncv4MSe_nW7PRICoybgLwCNSEMDDGTAZ_J-iFB9tkConIw-kTIxKQoO521ASveH9mSOBk:1unSdp:jD8cS0UPMbBbB2IBcwvAKO4y0BdIZlherjCXA1NbL1o', "expire_date" = '2025-08-30T20:57:01.290705'::timestamp WHERE "django_session"."session_key" = 'aidu9szjfvzqikzet9la2xn4xhlh44rm'; args=('.eJxVjDsOwjAQBe_iGlnxbxNT0nMGy7te4wCypTipEHeHSCmgfTPzXiLEbS1h67yEOYmzUOL0u2GkB9cdpHustyap1XWZUe6KPGiX15b4eTncv4MSe_nW7PRICoybgLwCNSEMDDGTAZ_J-iFB9tkConIw-kTIxKQoO521ASveH9mSOBk:1unSdp:jD8cS0UPMbBbB2IBcwvAKO4y0BdIZlherjCXA1NbL1o', datetime.datetime(2025, 8, 30, 20, 57, 1, 290705), 'aidu9szjfvzqikzet9la2xn4xhlh44rm'); alias=default
(0.093) COMMIT; args=None; alias=default
"GET /visualizar_clientes/ HTTP/1.1" 200 15511
"GET /static/css/visualizar_clientes.css HTTP/1.1" 304 0
(0.109) SELECT "django_session"."session_key", "django_session"."session_data", "django_session"."expire_date" FROM "django_session" WHERE ("django_session"."expire_date" > '2025-08-16T20:57:14.083397'::timestamp AND "django_session"."session_key" = 'aidu9szjfvzqikzet9la2xn4xhlh44rm') LIMIT 21; args=(datetime.datetime(2025, 8, 16, 20, 57, 14, 83397), 'aidu9szjfvzqikzet9la2xn4xhlh44rm'); alias=default
(0.094) SELECT "usuarios"."is_superuser", "usuarios"."usuarioid", "usuarios"."nombreusuario", "usuarios"."contraseña", "usuarios"."rolid", "usuarios"."last_login", "usuarios"."is_active", "usuarios"."is_staff" FROM "usuarios" WHERE "usuarios"."usuarioid" = 1 LIMIT 21; args=(1,); alias=default
(0.094) SELECT "clientes"."clienteid", "clientes"."nombre", "clientes"."apellido", "clientes"."telefono", "clientes"."email", "clientes"."numerodocumento" FROM "clientes" WHERE "clientes"."clienteid" = 5 LIMIT 21; args=(5,); alias=default
(0.000) BEGIN; args=None; alias=default
(0.188) UPDATE "django_session" SET "session_data" = '.eJxVjDsOwjAQBe_iGlnxbxNT0nMGy7te4wCypTipEHeHSCmgfTPzXiLEbS1h67yEOYmzUOL0u2GkB9cdpHustyap1XWZUe6KPGiX15b4eTncv4MSe_nW7PRICoybgLwCNSEMDDGTAZ_J-iFB9tkConIw-kTIxKQoO521ASveH9mSOBk:1unSe3:Be79hJpmFMnft8GySf7lZftH-VdvX-th51usGEsPRdQ', "expire_date" = '2025-08-30T20:57:15.206282'::timestamp WHERE "django_session"."session_key" = 'aidu9szjfvzqikzet9la2xn4xhlh44rm'; args=('.eJxVjDsOwjAQBe_iGlnxbxNT0nMGy7te4wCypTipEHeHSCmgfTPzXiLEbS1h67yEOYmzUOL0u2GkB9cdpHustyap1XWZUe6KPGiX15b4eTncv4MSe_nW7PRICoybgLwCNSEMDDGTAZ_J-iFB9tkConIw-kTIxKQoO521ASveH9mSOBk:1unSe3:Be79hJpmFMnft8GySf7lZftH-VdvX-th51usGEsPRdQ', datetime.datetime(2025, 8, 30, 20, 57, 15, 206282), 'aidu9szjfvzqikzet9la2xn4xhlh44rm'); alias=default
(0.109) COMMIT; args=None; alias=default
"GET /clientes/editar/5/ HTTP/1.1" 200 8586
(0.094) SELECT "django_session"."session_key", "django_session"."session_data", "django_session"."expire_date" FROM "django_session" WHERE ("django_session"."expire_date" > '2025-08-16T20:57:20.166059'::timestamp AND "django_session"."session_key" = 'aidu9szjfvzqikzet9la2xn4xhlh44rm') LIMIT 21; args=(datetime.datetime(2025, 8, 16, 20, 57, 20, 166059), 'aidu9szjfvzqikzet9la2xn4xhlh44rm'); alias=default
(0.078) SELECT "usuarios"."is_superuser", "usuarios"."usuarioid", "usuarios"."nombreusuario", "usuarios"."contraseña", "usuarios"."rolid", "usuarios"."last_login", "usuarios"."is_active", "usuarios"."is_staff" FROM "usuarios" WHERE "usuarios"."usuarioid" = 1 LIMIT 21; args=(1,); alias=default
(0.094) SELECT "clientes"."clienteid", "clientes"."nombre", "clientes"."apellido", "clientes"."telefono", "clientes"."email", "clientes"."numerodocumento" FROM "clientes" WHERE "clientes"."clienteid" = 5 LIMIT 21; args=(5,); alias=default
(0.094) SELECT 1 AS "a" FROM "clientes" WHERE ("clientes"."numerodocumento" = '67945876498' AND NOT ("clientes"."clienteid" = 5)) LIMIT 1; args=(1, '67945876498', 5); alias=default
(0.078) SELECT 1 AS "a" FROM "clientes" WHERE ("clientes"."telefono" = '3054422192' AND NOT ("clientes"."clienteid" = 5)) LIMIT 1; args=(1, '3054422192', 5); alias=default
(0.094) SELECT 1 AS "a" FROM "clientes" WHERE ("clientes"."email" = 'pedro@hotmail.com' AND NOT ("clientes"."clienteid" = 5)) LIMIT 1; args=(1, 'pedro@hotmail.com', 5); alias=default
(0.078) UPDATE "clientes" SET "nombre" = 'Pedro', "apellido" = 'Ruiz', "telefono" = '3054422192', "email" = 'pedro@hotmail.com', "numerodocumento" = '67945876498' WHERE "clientes"."clienteid" = 5; args=('Pedro', 'Ruiz', '3054422192', 'pedro@hotmail.com', '67945876498', 5); alias=default
(0.000) BEGIN; args=None; alias=default
(0.187) UPDATE "django_session" SET "session_data" = '.eJxVjDsOwjAQBe_iGlnxbxNT0nMGy7te4wCypTipEHeHSCmgfTPzXiLEbS1h67yEOYmzUOL0u2GkB9cdpHustyap1XWZUe6KPGiX15b4eTncv4MSe_nW7PRICoybgLwCNSEMDDGTAZ_J-iFB9tkConIw-kTIxKQoO521ASveH9mSOBk:1unSe9:IreRbjfDGTx3SDf36cg1tREBwSZr_CFVAreP8e6pgw8', "expire_date" = '2025-08-30T20:57:21.405633'::timestamp WHERE "django_session"."session_key" = 'aidu9szjfvzqikzet9la2xn4xhlh44rm'; args=('.eJxVjDsOwjAQBe_iGlnxbxNT0nMGy7te4wCypTipEHeHSCmgfTPzXiLEbS1h67yEOYmzUOL0u2GkB9cdpHustyap1XWZUe6KPGiX15b4eTncv4MSe_nW7PRICoybgLwCNSEMDDGTAZ_J-iFB9tkConIw-kTIxKQoO521ASveH9mSOBk:1unSe9:IreRbjfDGTx3SDf36cg1tREBwSZr_CFVAreP8e6pgw8', datetime.datetime(2025, 8, 30, 20, 57, 21, 405633), 'aidu9szjfvzqikzet9la2xn4xhlh44rm'); alias=default
(0.078) COMMIT; args=None; alias=default
"POST /clientes/editar/5/ HTTP/1.1" 200 107
(0.109) SELECT "django_session"."session_key", "django_session"."session_data", "django_session"."expire_date" FROM "django_session" WHERE ("django_session"."expire_date" > '2025-08-16T20:57:21.683409'::timestamp AND "django_session"."session_key" = 'aidu9szjfvzqikzet9la2xn4xhlh44rm') LIMIT 21; args=(datetime.datetime(2025, 8, 16, 20, 57, 21, 683409), 'aidu9szjfvzqikzet9la2xn4xhlh44rm'); alias=default
(0.110) SELECT "usuarios"."is_superuser", "usuarios"."usuarioid", "usuarios"."nombreusuario", "usuarios"."contraseña", "usuarios"."rolid", "usuarios"."last_login", "usuarios"."is_active", "usuarios"."is_staff" FROM "usuarios" WHERE "usuarios"."usuarioid" = 1 LIMIT 21; args=(1,); alias=default
(0.109) SELECT "clientes"."clienteid", "clientes"."nombre", "clientes"."apellido", "clientes"."telefono", "clientes"."email", "clientes"."numerodocumento" FROM "clientes" ORDER BY "clientes"."nombre" ASC, "clientes"."apellido" ASC; args=(); alias=default
(0.000) BEGIN; args=None; alias=default
(0.219) UPDATE "django_session" SET "session_data" = '.eJxVjDsOwjAQBe_iGlnxbxNT0nMGy7te4wCypTipEHeHSCmgfTPzXiLEbS1h67yEOYmzUOL0u2GkB9cdpHustyap1XWZUe6KPGiX15b4eTncv4MSe_nW7PRICoybgLwCNSEMDDGTAZ_J-iFB9tkConIw-kTIxKQoO521ASveH9mSOBk:1unSeA:hX-NOOU_BLFVv-pksNX7fv6Y0QHvS9EcddLYo_A6uRo', "expire_date" = '2025-08-30T20:57:22.806586'::timestamp WHERE "django_session"."session_key" = 'aidu9szjfvzqikzet9la2xn4xhlh44rm'; args=('.eJxVjDsOwjAQBe_iGlnxbxNT0nMGy7te4wCypTipEHeHSCmgfTPzXiLEbS1h67yEOYmzUOL0u2GkB9cdpHustyap1XWZUe6KPGiX15b4eTncv4MSe_nW7PRICoybgLwCNSEMDDGTAZ_J-iFB9tkConIw-kTIxKQoO521ASveH9mSOBk:1unSeA:hX-NOOU_BLFVv-pksNX7fv6Y0QHvS9EcddLYo_A6uRo', datetime.datetime(2025, 8, 30, 20, 57, 22, 806586), 'aidu9szjfvzqikzet9la2xn4xhlh44rm'); alias=default
(0.109) COMMIT; args=None; alias=default
"GET /visualizar_clientes/ HTTP/1.1" 200 15511
"GET /static/css/visualizar_clientes.css HTTP/1.1" 304 0
(0.094) SELECT "django_session"."session_key", "django_session"."session_data", "django_session"."expire_date" FROM "django_session" WHERE ("django_session"."expire_date" > '2025-08-16T20:57:36.590917'::timestamp AND "django_session"."session_key" = 'aidu9szjfvzqikzet9la2xn4xhlh44rm') LIMIT 21; args=(datetime.datetime(2025, 8, 16, 20, 57, 36, 590917), 'aidu9szjfvzqikzet9la2xn4xhlh44rm'); alias=default
(0.094) SELECT "usuarios"."is_superuser", "usuarios"."usuarioid", "usuarios"."nombreusuario", "usuarios"."contraseña", "usuarios"."rolid", "usuarios"."last_login", "usuarios"."is_active", "usuarios"."is_staff" FROM "usuarios" WHERE "usuarios"."usuarioid" = 1 LIMIT 21; args=(1,); alias=default
(0.109) SELECT "clientes"."clienteid", "clientes"."nombre", "clientes"."apellido", "clientes"."telefono", "clientes"."email", "clientes"."numerodocumento" FROM "clientes" WHERE "clientes"."clienteid" = 5 LIMIT 21; args=(5,); alias=default
(0.094) SELECT "ventas"."ventaid" FROM "ventas" WHERE "ventas"."clienteid" IN (5); args=(5,); alias=default
(0.000) BEGIN; args=None; alias=default
(0.203) DELETE FROM "clientes" WHERE "clientes"."clienteid" IN (5); args=(5,); alias=default
(0.094) COMMIT; args=None; alias=default
(0.000) BEGIN; args=None; alias=default
(0.203) UPDATE "django_session" SET "session_data" = '.eJxVjDsOwjAQBe_iGlnxbxNT0nMGy7te4wCypTipEHeHSCmgfTPzXiLEbS1h67yEOYmzUOL0u2GkB9cdpHustyap1XWZUe6KPGiX15b4eTncv4MSe_nW7PRICoybgLwCNSEMDDGTAZ_J-iFB9tkConIw-kTIxKQoO521ASveH9mSOBk:1unSeQ:fV4wzO0AJ2u3mIGyV58JnmZ7kDrELa-UmPZ1UO0sqXM', "expire_date" = '2025-08-30T20:57:38.104278'::timestamp WHERE "django_session"."session_key" = 'aidu9szjfvzqikzet9la2xn4xhlh44rm'; args=('.eJxVjDsOwjAQBe_iGlnxbxNT0nMGy7te4wCypTipEHeHSCmgfTPzXiLEbS1h67yEOYmzUOL0u2GkB9cdpHustyap1XWZUe6KPGiX15b4eTncv4MSe_nW7PRICoybgLwCNSEMDDGTAZ_J-iFB9tkConIw-kTIxKQoO521ASveH9mSOBk:1unSeQ:fV4wzO0AJ2u3mIGyV58JnmZ7kDrELa-UmPZ1UO0sqXM', datetime.datetime(2025, 8, 30, 20, 57, 38, 104278), 'aidu9szjfvzqikzet9la2xn4xhlh44rm'); alias=default
(0.094) COMMIT; args=None; alias=default
"POST /eliminar_cliente/5/ HTTP/1.1" 302 0
(0.079) SELECT "django_session"."session_key", "django_session"."session_data", "django_session"."expire_date" FROM "django_session" WHERE ("django_session"."expire_date" > '2025-08-16T20:57:38.408760'::timestamp AND "django_session"."session_key" = 'aidu9szjfvzqikzet9la2xn4xhlh44rm') LIMIT 21; args=(datetime.datetime(2025, 8, 16, 20, 57, 38, 408760), 'aidu9szjfvzqikzet9la2xn4xhlh44rm'); alias=default
(0.093) SELECT "usuarios"."is_superuser", "usuarios"."usuarioid", "usuarios"."nombreusuario", "usuarios"."contraseña", "usuarios"."rolid", "usuarios"."last_login", "usuarios"."is_active", "usuarios"."is_staff" FROM "usuarios" WHERE "usuarios"."usuarioid" = 1 LIMIT 21; args=(1,); alias=default
(0.078) SELECT "clientes"."clienteid", "clientes"."nombre", "clientes"."apellido", "clientes"."telefono", "clientes"."email", "clientes"."numerodocumento" FROM "clientes" ORDER BY "clientes"."nombre" ASC, "clientes"."apellido" ASC; args=(); alias=default
(0.000) BEGIN; args=None; alias=default
(0.172) UPDATE "django_session" SET "session_data" = '.eJxVjDsOwjAQBe_iGlnxbxNT0nMGy7te4wCypTipEHeHSCmgfTPzXiLEbS1h67yEOYmzUOL0u2GkB9cdpHustyap1XWZUe6KPGiX15b4eTncv4MSe_nW7PRICoybgLwCNSEMDDGTAZ_J-iFB9tkConIw-kTIxKQoO521ASveH9mSOBk:1unSeR:mTjHr6OSYU_2ywdrOV2iJ1Ol-o865r1pckb53gecVLM', "expire_date" = '2025-08-30T20:57:39.298446'::timestamp WHERE "django_session"."session_key" = 'aidu9szjfvzqikzet9la2xn4xhlh44rm'; args=('.eJxVjDsOwjAQBe_iGlnxbxNT0nMGy7te4wCypTipEHeHSCmgfTPzXiLEbS1h67yEOYmzUOL0u2GkB9cdpHustyap1XWZUe6KPGiX15b4eTncv4MSe_nW7PRICoybgLwCNSEMDDGTAZ_J-iFB9tkConIw-kTIxKQoO521ASveH9mSOBk:1unSeR:mTjHr6OSYU_2ywdrOV2iJ1Ol-o865r1pckb53gecVLM', datetime.datetime(2025, 8, 30, 20, 57, 39, 298446), 'aidu9szjfvzqikzet9la2xn4xhlh44rm'); alias=default
(0.078) COMMIT; args=None; alias=default
"GET /visualizar_clientes/ HTTP/1.1" 200 14396
"GET /static/css/visualizar_clientes.css HTTP/1.1" 304 0
(0.094) SELECT "django_session"."session_key", "django_session"."session_data", "django_session"."expire_date" FROM "django_session" WHERE ("django_session"."expire_date" > '2025-08-16T20:59:16.397213'::timestamp AND "django_session"."session_key" = 'aidu9szjfvzqikzet9la2xn4xhlh44rm') LIMIT 21; args=(datetime.datetime(2025, 8, 16, 20, 59, 16, 397213), 'aidu9szjfvzqikzet9la2xn4xhlh44rm'); alias=default
(0.094) SELECT "usuarios"."is_superuser", "usuarios"."usuarioid", "usuarios"."nombreusuario", "usuarios"."contraseña", "usuarios"."rolid", "usuarios"."last_login", "usuarios"."is_active", "usuarios"."is_staff" FROM "usuarios" WHERE "usuarios"."usuarioid" = 1 LIMIT 21; args=(1,); alias=default
(0.093) SELECT "clientes"."clienteid", "clientes"."nombre", "clientes"."apellido", "clientes"."telefono", "clientes"."email", "clientes"."numerodocumento" FROM "clientes" WHERE "clientes"."clienteid" = 1 LIMIT 21; args=(1,); alias=default
(0.000) BEGIN; args=None; alias=default
(0.187) UPDATE "django_session" SET "session_data" = '.eJxVjDsOwjAQBe_iGlnxbxNT0nMGy7te4wCypTipEHeHSCmgfTPzXiLEbS1h67yEOYmzUOL0u2GkB9cdpHustyap1XWZUe6KPGiX15b4eTncv4MSe_nW7PRICoybgLwCNSEMDDGTAZ_J-iFB9tkConIw-kTIxKQoO521ASveH9mSOBk:1unSg1:nNCqTHWP_YYvHm7GG2tR_5fk82Y9N6YU5rucNe3OrjU', "expire_date" = '2025-08-30T20:59:17.469495'::timestamp WHERE "django_session"."session_key" = 'aidu9szjfvzqikzet9la2xn4xhlh44rm'; args=('.eJxVjDsOwjAQBe_iGlnxbxNT0nMGy7te4wCypTipEHeHSCmgfTPzXiLEbS1h67yEOYmzUOL0u2GkB9cdpHustyap1XWZUe6KPGiX15b4eTncv4MSe_nW7PRICoybgLwCNSEMDDGTAZ_J-iFB9tkConIw-kTIxKQoO521ASveH9mSOBk:1unSg1:nNCqTHWP_YYvHm7GG2tR_5fk82Y9N6YU5rucNe3OrjU', datetime.datetime(2025, 8, 30, 20, 59, 17, 469495), 'aidu9szjfvzqikzet9la2xn4xhlh44rm'); alias=default
(0.094) COMMIT; args=None; alias=default
"GET /clientes/editar/1/ HTTP/1.1" 200 8588
File C:\Users\willi\OneDrive\Escritorio\Nova\SoftwareAdministrativoSupermercadosNovaAdvance\mainApp\views.py previous mtime: 1755316293.6359107, current mtime: 1755396205.0382142
C:\Users\willi\OneDrive\Escritorio\Nova\SoftwareAdministrativoSupermercadosNovaAdvance\mainApp\views.py notified as changed. Signal results: [(<function template_changed at 0x00000202F2DC9A80>, None), (<function translation_file_changed at 0x00000202F3DC3A60>, None)].
C:\Users\willi\OneDrive\Escritorio\Nova\SoftwareAdministrativoSupermercadosNovaAdvance\mainApp\views.py changed, reloading.
Watching for file changes with StatReloader
Waiting for apps ready_event.
Apps ready_event triggered. Sending autoreload_started signal.
Watching dir C:\Users\willi\OneDrive\Escritorio\Nova\SoftwareAdministrativoSupermercadosNovaAdvance\mainApp\templates with glob **/*.
Watching dir C:\Users\willi\OneDrive\Escritorio\Nova\SoftwareAdministrativoSupermercadosNovaAdvance\locale with glob **/*.mo.
Watching dir C:\Users\willi\OneDrive\Escritorio\Nova\SoftwareAdministrativoSupermercadosNovaAdvance\mainApp\locale with glob **/*.mo.
Watching dir C:\Users\willi\AppData\Local\Programs\Python\Python312\Lib\site-packages\dal\locale with glob **/*.mo.
Watching dir C:\Users\willi\AppData\Local\Programs\Python\Python312\Lib\site-packages\dal_select2\locale with glob **/*.mo.
File C:\Users\willi\AppData\Local\Programs\Python\Python312\Lib\site-packages\django\contrib\admin\views\__init__.py first seen with mtime 1731739623.0920131
File C:\Users\willi\AppData\Local\Programs\Python\Python312\Lib\site-packages\django\db\migrations\__init__.py first seen with mtime 1731739624.880226
File C:\Users\willi\AppData\Local\Programs\Python\Python312\Lib\site-packages\psycopg2\_range.py first seen with mtime 1732249665.0309017
File C:\Users\willi\AppData\Local\Programs\Python\Python312\Lib\site-packages\psycopg\_encodings.py first seen with mtime 1732234770.1127417
File C:\Users\willi\AppData\Local\Programs\Python\Python312\Lib\site-packages\django\contrib\admin\helpers.py first seen with mtime 1731739622.6555412
File C:\Users\willi\AppData\Local\Programs\Python\Python312\Lib\site-packages\django\core\files\uploadhandler.py first seen with mtime 1731739624.8070016
File C:\Users\willi\AppData\Local\Programs\Python\Python312\Lib\site-packages\django\core\handlers\__init__.py first seen with mtime 1731739624.8129125
File C:\Users\willi\AppData\Local\Programs\Python\Python312\Lib\lzma.py first seen with mtime 1727773420.0
File C:\Users\willi\AppData\Local\Programs\Python\Python312\Lib\site-packages\django\contrib\auth\hashers.py first seen with mtime 1731739623.2495396
File C:\Users\willi\AppData\Local\Programs\Python\Python312\Lib\site-packages\django\db\models\sql\__init__.py first seen with mtime 1731739624.9101005
File C:\Users\willi\AppData\Local\Programs\Python\Python312\Lib\site-packages\django\utils\__init__.py first seen with mtime 1731739625.013087
File C:\Users\willi\AppData\Local\Programs\Python\Python312\Lib\site-packages\sqlparse\exceptions.py first seen with mtime 1731739615.9803956
File C:\Users\willi\AppData\Local\Programs\Python\Python312\Lib\encodings\utf_8_sig.py first seen with mtime 1727773420.0
File C:\Users\willi\AppData\Local\Programs\Python\Python312\Lib\hashlib.py first seen with mtime 1727773420.0
File C:\Users\willi\AppData\Local\Programs\Python\Python312\Lib\site-packages\django\db\models\sql\subqueries.py first seen with mtime 1731739624.9161716
File C:\Users\willi\AppData\Local\Programs\Python\Python312\Lib\site-packages\django\core\checks\async_checks.py first seen with mtime 1731739624.7926495
File C:\Users\willi\AppData\Local\Programs\Python\Python312\Lib\site-packages\django\db\models\deletion.py first seen with mtime 1731739624.8919964
File C:\Users\willi\AppData\Local\Programs\Python\Python312\Lib\dis.py first seen with mtime 1727773420.0
File C:\Users\willi\AppData\Local\Programs\Python\Python312\Lib\site-packages\django\contrib\sites\requests.py first seen with mtime 1731739624.6190653
File C:\Users\willi\AppData\Local\Programs\Python\Python312\Lib\site-packages\django\core\serializers\python.py first seen with mtime 1731739624.8375165
File C:\Users\willi\AppData\Local\Programs\Python\Python312\Lib\site-packages\psycopg2\errors.py first seen with mtime 1732249665.031902
File C:\Users\willi\AppData\Local\Programs\Python\Python312\Lib\subprocess.py first seen with mtime 1727773420.0
File C:\Users\willi\AppData\Local\Programs\Python\Python312\Lib\email\headerregistry.py first seen with mtime 1727773420.0
File C:\Users\willi\AppData\Local\Programs\Python\Python312\Lib\site-packages\django\db\models\utils.py first seen with mtime 1731739624.8980863
File C:\Users\willi\AppData\Local\Programs\Python\Python312\Lib\site-packages\django\views\decorators\cache.py first seen with mtime 1731739625.2436764
File C:\Users\willi\AppData\Local\Programs\Python\Python312\Lib\site-packages\django\urls\conf.py first seen with mtime 1731739625.00697
File C:\Users\willi\AppData\Local\Programs\Python\Python312\Lib\site-packages\django\template\loaders\base.py first seen with mtime 1731739624.994903
File C:\Users\willi\AppData\Local\Programs\Python\Python312\Lib\site-packages\psycopg2\extensions.py first seen with mtime 1732249665.032902
File C:\Users\willi\AppData\Local\Programs\Python\Python312\Lib\site-packages\django\core\files\images.py first seen with mtime 1731739624.799783
File C:\Users\willi\AppData\Local\Programs\Python\Python312\Lib\email\mime\text.py first seen with mtime 1727773420.0
File C:\Users\willi\AppData\Local\Programs\Python\Python312\Lib\re\_casefix.py first seen with mtime 1727773420.0
File C:\Users\willi\AppData\Local\Programs\Python\Python312\Lib\site-packages\django\contrib\admin\exceptions.py first seen with mtime 1731739622.6555412
File C:\Users\willi\AppData\Local\Programs\Python\Python312\Lib\site-packages\django\db\models\functions\window.py first seen with mtime 1731739624.9101005
File C:\Users\willi\AppData\Local\Programs\Python\Python312\Lib\site-packages\django\utils\dates.py first seen with mtime 1731739625.0191932
File C:\Users\willi\AppData\Local\Programs\Python\Python312\Lib\site-packages\django\core\checks\security\__init__.py first seen with mtime 1731739624.799783
File C:\Users\willi\AppData\Local\Programs\Python\Python312\Lib\logging\config.py first seen with mtime 1727773420.0
File C:\Users\willi\OneDrive\Escritorio\Nova\SoftwareAdministrativoSupermercadosNovaAdvance\mainApp\admin.py first seen with mtime 1754337533.8382695
File C:\Users\willi\AppData\Local\Programs\Python\Python312\Lib\site-packages\django\template\library.py first seen with mtime 1731739624.9887834
File C:\Users\willi\AppData\Local\Programs\Python\Python312\Lib\socket.py first seen with mtime 1727773420.0
File C:\Users\willi\AppData\Local\Programs\Python\Python312\Lib\asyncio\base_futures.py first seen with mtime 1727773420.0
File C:\Users\willi\AppData\Local\Programs\Python\Python312\Lib\site-packages\django\db\models\fields\related_lookups.py first seen with mtime 1731739624.9101005
File C:\Users\willi\AppData\Local\Programs\Python\Python312\Lib\zoneinfo\_tzpath.py first seen with mtime 1727773420.0
File C:\Users\willi\AppData\Local\Programs\Python\Python312\Lib\site-packages\django\db\backends\postgresql\introspection.py first seen with mtime 1731739624.8676271
File C:\Users\willi\AppData\Local\Programs\Python\Python312\Lib\site-packages\django\db\models\enums.py first seen with mtime 1731739624.8980863
File C:\Users\willi\AppData\Local\Programs\Python\Python312\Lib\site-packages\django\core\__init__.py first seen with mtime 1731739624.7766397
File C:\Users\willi\AppData\Local\Programs\Python\Python312\Lib\site-packages\dal_select2\models.py first seen with mtime 1732343688.5388157
File C:\Users\willi\AppData\Local\Programs\Python\Python312\Lib\site-packages\django\db\models\functions\mixins.py first seen with mtime 1731739624.9101005
File C:\Users\willi\AppData\Local\Programs\Python\Python312\Lib\site-packages\django\contrib\sessions\middleware.py first seen with mtime 1731739624.4798634
File C:\Users\willi\AppData\Local\Programs\Python\Python312\Lib\site-packages\django\contrib\auth\middleware.py first seen with mtime 1731739623.2495396
File C:\Users\willi\AppData\Local\Programs\Python\Python312\Lib\email\_policybase.py first seen with mtime 1727773420.0
File C:\Users\willi\AppData\Local\Programs\Python\Python312\Lib\site-packages\sqlparse\sql.py first seen with mtime 1731739615.9844608
File C:\Users\willi\AppData\Local\Programs\Python\Python312\Lib\asyncio\base_events.py first seen with mtime 1727773420.0
File C:\Users\willi\AppData\Local\Programs\Python\Python312\Lib\site-packages\django\contrib\sessions\__init__.py first seen with mtime 1731739624.4798634
File C:\Users\willi\AppData\Local\Programs\Python\Python312\Lib\asyncio\windows_events.py first seen with mtime 1727773420.0
File C:\Users\willi\AppData\Local\Programs\Python\Python312\Lib\site-packages\django\core\exceptions.py first seen with mtime 1731739624.7766397
File C:\Users\willi\AppData\Local\Programs\Python\Python312\Lib\site-packages\django\contrib\__init__.py first seen with mtime 1731739622.6500547
File C:\Users\willi\AppData\Local\Programs\Python\Python312\Lib\site-packages\django\middleware\security.py first seen with mtime 1731739624.981244
File C:\Users\willi\AppData\Local\Programs\Python\Python312\Lib\site-packages\django\contrib\auth\tokens.py first seen with mtime 1731739623.2556012
File C:\Users\willi\AppData\Local\Programs\Python\Python312\Lib\site-packages\django\utils\duration.py first seen with mtime 1731739625.0191932
File C:\Users\willi\AppData\Local\Programs\Python\Python312\Lib\encodings\aliases.py first seen with mtime 1727773420.0
File C:\Users\willi\OneDrive\Escritorio\Nova\SoftwareAdministrativoSupermercadosNovaAdvance\mainApp\__init__.py first seen with mtime 1754337533.8307652
File C:\Users\willi\AppData\Local\Programs\Python\Python312\Lib\site-packages\django\core\validators.py first seen with mtime 1731739624.7766397
File C:\Users\willi\AppData\Local\Programs\Python\Python312\Lib\wsgiref\__init__.py first seen with mtime 1727773420.0
File C:\Users\willi\AppData\Local\Programs\Python\Python312\Lib\json\__init__.py first seen with mtime 1727773420.0
File C:\Users\willi\AppData\Local\Programs\Python\Python312\Lib\site-packages\django\db\models\fields\proxy.py first seen with mtime 1731739624.9041066
File C:\Users\willi\AppData\Local\Programs\Python\Python312\Lib\site-packages\django\contrib\admin\sites.py first seen with mtime 1731739622.6555412
File C:\Users\willi\AppData\Local\Programs\Python\Python312\Lib\site-packages\django\template\backends\__init__.py first seen with mtime 1731739624.994903
File C:\Users\willi\AppData\Local\Programs\Python\Python312\Lib\site-packages\django\db\backends\__init__.py first seen with mtime 1731739624.8434324
File C:\Users\willi\AppData\Local\Programs\Python\Python312\Lib\re\_compiler.py first seen with mtime 1727773420.0
File C:\Users\willi\AppData\Local\Programs\Python\Python312\DLLs\unicodedata.pyd first seen with mtime 1727773472.0
File C:\Users\willi\AppData\Local\Programs\Python\Python312\Lib\site-packages\django\db\migrations\operations\models.py first seen with mtime 1731739624.8919964
File C:\Users\willi\AppData\Local\Programs\Python\Python312\Lib\site-packages\django\utils\dateformat.py first seen with mtime 1731739625.0191932
File C:\Users\willi\AppData\Local\Programs\Python\Python312\Lib\site-packages\django\utils\datastructures.py first seen with mtime 1731739625.0191932
File C:\Users\willi\AppData\Local\Programs\Python\Python312\Lib\site-packages\django\views\generic\dates.py first seen with mtime 1731739625.2436764
File C:\Users\willi\AppData\Local\Programs\Python\Python312\Lib\email\__init__.py first seen with mtime 1727773420.0
File C:\Users\willi\AppData\Local\Programs\Python\Python312\Lib\locale.py first seen with mtime 1727773420.0
File C:\Users\willi\AppData\Local\Programs\Python\Python312\DLLs\_queue.pyd first seen with mtime 1727773472.0
File C:\Users\willi\AppData\Local\Programs\Python\Python312\Lib\site-packages\django\forms\utils.py first seen with mtime 1731739624.922241
File C:\Users\willi\AppData\Local\Programs\Python\Python312\Lib\site-packages\django\db\models\fields\related.py first seen with mtime 1731739624.9041066
File C:\Users\willi\AppData\Local\Programs\Python\Python312\Lib\site-packages\typing_extensions.py first seen with mtime 1732234770.0547266
File C:\Users\willi\AppData\Local\Programs\Python\Python312\Lib\json\decoder.py first seen with mtime 1727773420.0
File C:\Users\willi\AppData\Local\Programs\Python\Python312\Lib\site-packages\django\template\exceptions.py first seen with mtime 1731739624.9887834
File C:\Users\willi\AppData\Local\Programs\Python\Python312\Lib\json\encoder.py first seen with mtime 1727773420.0
File C:\Users\willi\AppData\Local\Programs\Python\Python312\Lib\site-packages\psycopg2\_json.py first seen with mtime 1732249665.0168977
File C:\Users\willi\AppData\Local\Programs\Python\Python312\Lib\site-packages\django\views\generic\list.py first seen with mtime 1731739625.2436764
File C:\Users\willi\AppData\Local\Programs\Python\Python312\Lib\site-packages\django\contrib\admin\widgets.py first seen with mtime 1731739622.6555412
File C:\Users\willi\AppData\Local\Programs\Python\Python312\Lib\email\_encoded_words.py first seen with mtime 1727773420.0
File C:\Users\willi\AppData\Local\Programs\Python\Python312\Lib\email\base64mime.py first seen with mtime 1727773420.0
File C:\Users\willi\AppData\Local\Programs\Python\Python312\Lib\email\header.py first seen with mtime 1727773420.0
File C:\Users\willi\AppData\Local\Programs\Python\Python312\Lib\email\mime\nonmultipart.py first seen with mtime 1727773420.0
File C:\Users\willi\AppData\Local\Programs\Python\Python312\Lib\site-packages\django\contrib\auth\decorators.py first seen with mtime 1731739623.2495396
File C:\Users\willi\AppData\Local\Programs\Python\Python312\DLLs\_uuid.pyd first seen with mtime 1727773472.0
File C:\Users\willi\AppData\Local\Programs\Python\Python312\Lib\site-packages\django\db\__init__.py first seen with mtime 1731739624.8434324
File C:\Users\willi\OneDrive\Escritorio\Nova\SoftwareAdministrativoSupermercadosNovaAdvance\manage.py first seen with mtime 1754337533.9545476
File C:\Users\willi\AppData\Local\Programs\Python\Python312\Lib\site-packages\django\core\checks\__init__.py first seen with mtime 1731739624.7926495
File C:\Users\willi\AppData\Local\Programs\Python\Python312\Lib\site-packages\dal_select2\apps.py first seen with mtime 1732343688.5378156
File C:\Users\willi\AppData\Local\Programs\Python\Python312\Lib\site-packages\django\contrib\admin\templatetags\log.py first seen with mtime 1731739623.0920131
File C:\Users\willi\AppData\Local\Programs\Python\Python312\Lib\importlib\_abc.py first seen with mtime 1727773420.0
File C:\Users\willi\AppData\Local\Programs\Python\Python312\Lib\heapq.py first seen with mtime 1727773420.0
File C:\Users\willi\AppData\Local\Programs\Python\Python312\Lib\site-packages\django\core\files\storage\base.py first seen with mtime 1731739624.8070016
File C:\Users\willi\AppData\Local\Programs\Python\Python312\Lib\asyncio\staggered.py first seen with mtime 1727773420.0
File C:\Users\willi\AppData\Local\Programs\Python\Python312\Lib\site-packages\django\contrib\contenttypes\apps.py first seen with mtime 1731739623.4252956
File C:\Users\willi\AppData\Local\Programs\Python\Python312\Lib\site-packages\django\utils\translation\reloader.py first seen with mtime 1731739625.2315073
File C:\Users\willi\AppData\Local\Programs\Python\Python312\Lib\site-packages\django\conf\locale\__init__.py first seen with mtime 1731739622.3949058
File C:\Users\willi\AppData\Local\Programs\Python\Python312\Lib\site-packages\sqlparse\engine\statement_splitter.py first seen with mtime 1731739615.987463
File C:\Users\willi\AppData\Local\Programs\Python\Python312\Lib\site-packages\django\utils\translation\trans_real.py first seen with mtime 1731739625.2375877
File C:\Users\willi\AppData\Local\Programs\Python\Python312\Lib\site-packages\django\contrib\messages\apps.py first seen with mtime 1731739624.1997077
File C:\Users\willi\AppData\Local\Programs\Python\Python312\Lib\site-packages\django\db\transaction.py first seen with mtime 1731739624.8434324
File C:\Users\willi\AppData\Local\Programs\Python\Python312\Lib\site-packages\django\db\models\fields\files.py first seen with mtime 1731739624.9041066
File C:\Users\willi\AppData\Local\Programs\Python\Python312\Lib\asyncio\threads.py first seen with mtime 1727773420.0
File C:\Users\willi\AppData\Local\Programs\Python\Python312\Lib\asyncio\coroutines.py first seen with mtime 1727773420.0
File C:\Users\willi\AppData\Local\Programs\Python\Python312\DLLs\_asyncio.pyd first seen with mtime 1727773472.0
File C:\Users\willi\AppData\Local\Programs\Python\Python312\Lib\site-packages\django\db\utils.py first seen with mtime 1731739624.8434324
File C:\Users\willi\AppData\Local\Programs\Python\Python312\Lib\urllib\__init__.py first seen with mtime 1727773420.0
File C:\Users\willi\AppData\Local\Programs\Python\Python312\Lib\http\client.py first seen with mtime 1727773420.0
File C:\Users\willi\AppData\Local\Programs\Python\Python312\Lib\email\policy.py first seen with mtime 1727773420.0
File C:\Users\willi\AppData\Local\Programs\Python\Python312\Lib\urllib\request.py first seen with mtime 1727773420.0
File C:\Users\willi\AppData\Local\Programs\Python\Python312\Lib\site-packages\django\core\checks\registry.py first seen with mtime 1731739624.7926495
File C:\Users\willi\AppData\Local\Programs\Python\Python312\Lib\site-packages\django\db\backends\base\__init__.py first seen with mtime 1731739624.8434324
File C:\Users\willi\AppData\Local\Programs\Python\Python312\Lib\site-packages\dal\forward.py first seen with mtime 1732343688.45823
File C:\Users\willi\AppData\Local\Programs\Python\Python312\Lib\site-packages\django\contrib\staticfiles\apps.py first seen with mtime 1731739624.7601304
File C:\Users\willi\AppData\Local\Programs\Python\Python312\Lib\site-packages\django\forms\forms.py first seen with mtime 1731739624.922241
File C:\Users\willi\AppData\Local\Programs\Python\Python312\Lib\site-packages\django\db\backends\utils.py first seen with mtime 1731739624.8434324
File C:\Users\willi\AppData\Local\Programs\Python\Python312\Lib\keyword.py first seen with mtime 1727773420.0
File C:\Users\willi\AppData\Local\Programs\Python\Python312\Lib\site-packages\django\views\generic\__init__.py first seen with mtime 1731739625.2436764
File C:\Users\willi\AppData\Local\Programs\Python\Python312\Lib\email\_header_value_parser.py first seen with mtime 1727773420.0
File C:\Users\willi\AppData\Local\Programs\Python\Python312\Lib\site-packages\django\template\base.py first seen with mtime 1731739624.987249
File C:\Users\willi\AppData\Local\Programs\Python\Python312\Lib\site-packages\django\__init__.py first seen with mtime 1731739622.171325
File C:\Users\willi\AppData\Local\Programs\Python\Python312\Lib\bisect.py first seen with mtime 1727773420.0
File C:\Users\willi\AppData\Local\Programs\Python\Python312\Lib\site-packages\psycopg2\_psycopg.cp312-win_amd64.pyd first seen with mtime 1732249665.0309017
File C:\Users\willi\AppData\Local\Programs\Python\Python312\Lib\site-packages\asgiref\sync.py first seen with mtime 1731739263.6130142
File C:\Users\willi\AppData\Local\Programs\Python\Python312\Lib\site-packages\django\views\decorators\debug.py first seen with mtime 1731739625.2436764
File C:\Users\willi\AppData\Local\Programs\Python\Python312\Lib\asyncio\queues.py first seen with mtime 1727773420.0
File C:\Users\willi\AppData\Local\Programs\Python\Python312\Lib\email\charset.py first seen with mtime 1727773420.0
File C:\Users\willi\AppData\Local\Programs\Python\Python312\Lib\graphlib.py first seen with mtime 1727773420.0
File C:\Users\willi\AppData\Local\Programs\Python\Python312\Lib\pickle.py first seen with mtime 1727773420.0
File C:\Users\willi\AppData\Local\Programs\Python\Python312\Lib\site-packages\django\contrib\sessions\models.py first seen with mtime 1731739624.4798634
File C:\Users\willi\AppData\Local\Programs\Python\Python312\Lib\sysconfig.py first seen with mtime 1727773420.0
File C:\Users\willi\AppData\Local\Programs\Python\Python312\Lib\ipaddress.py first seen with mtime 1727773420.0
File C:\Users\willi\AppData\Local\Programs\Python\Python312\Lib\site-packages\psycopg2\_ipaddress.py first seen with mtime 1732249665.0168977
File C:\Users\willi\AppData\Local\Programs\Python\Python312\Lib\site-packages\django\utils\encoding.py first seen with mtime 1731739625.0191932
File C:\Users\willi\AppData\Local\Programs\Python\Python312\Lib\secrets.py first seen with mtime 1727773420.0
File C:\Users\willi\AppData\Local\Programs\Python\Python312\Lib\site-packages\django\template\utils.py first seen with mtime 1731739624.994903
File C:\Users\willi\AppData\Local\Programs\Python\Python312\Lib\site-packages\django\utils\timezone.py first seen with mtime 1731739625.0254498
File C:\Users\willi\AppData\Local\Programs\Python\Python312\Lib\tokenize.py first seen with mtime 1727773420.0
File C:\Users\willi\AppData\Local\Programs\Python\Python312\Lib\site-packages\django\core\mail\message.py first seen with mtime 1731739624.8131373
File C:\Users\willi\AppData\Local\Programs\Python\Python312\Lib\site-packages\django\core\files\utils.py first seen with mtime 1731739624.8070016
File C:\Users\willi\AppData\Local\Programs\Python\Python312\Lib\asyncio\taskgroups.py first seen with mtime 1727773420.0
File C:\Users\willi\AppData\Local\Programs\Python\Python312\Lib\token.py first seen with mtime 1727773420.0
File C:\Users\willi\AppData\Local\Programs\Python\Python312\Lib\datetime.py first seen with mtime 1727773420.0
File C:\Users\willi\AppData\Local\Programs\Python\Python312\Lib\site-packages\django\contrib\admin\views\autocomplete.py first seen with mtime 1731739623.0920131
File C:\Users\willi\AppData\Local\Programs\Python\Python312\Lib\site-packages\django\core\signing.py first seen with mtime 1731739624.7766397
File C:\Users\willi\AppData\Local\Programs\Python\Python312\Lib\site-packages\sqlparse\__init__.py first seen with mtime 1731739615.9793954
File C:\Users\willi\AppData\Local\Programs\Python\Python312\Lib\argparse.py first seen with mtime 1727773420.0
File C:\Users\willi\AppData\Local\Programs\Python\Python312\Lib\__future__.py first seen with mtime 1727773420.0
File C:\Users\willi\AppData\Local\Programs\Python\Python312\Lib\site-packages\dal\__init__.py first seen with mtime 1732343688.4572306
File C:\Users\willi\AppData\Local\Programs\Python\Python312\Lib\site-packages\django\contrib\admin\models.py first seen with mtime 1731739622.6555412
File C:\Users\willi\AppData\Local\Programs\Python\Python312\Lib\site-packages\sqlparse\engine\grouping.py first seen with mtime 1731739615.9864635
File C:\Users\willi\AppData\Local\Programs\Python\Python312\Lib\email\parser.py first seen with mtime 1727773420.0
File C:\Users\willi\AppData\Local\Programs\Python\Python312\Lib\site-packages\django\templatetags\cache.py first seen with mtime 1731739624.994903
File C:\Users\willi\AppData\Local\Programs\Python\Python312\Lib\site-packages\django\urls\__init__.py first seen with mtime 1731739625.00697
File C:\Users\willi\AppData\Local\Programs\Python\Python312\Lib\site-packages\django\db\backends\postgresql\client.py first seen with mtime 1731739624.8676271
File C:\Users\willi\AppData\Local\Programs\Python\Python312\Lib\re\_parser.py first seen with mtime 1727773420.0
File C:\Users\willi\AppData\Local\Programs\Python\Python312\Lib\asyncio\base_tasks.py first seen with mtime 1727773420.0
File C:\Users\willi\AppData\Local\Programs\Python\Python312\Lib\site-packages\django\utils\formats.py first seen with mtime 1731739625.0254498
File C:\Users\willi\AppData\Local\Programs\Python\Python312\Lib\site-packages\sqlparse\keywords.py first seen with mtime 1731739615.9827306
File C:\Users\willi\AppData\Local\Programs\Python\Python312\Lib\site-packages\django\core\handlers\asgi.py first seen with mtime 1731739624.8131373
File C:\Users\willi\AppData\Local\Programs\Python\Python312\Lib\site-packages\django\contrib\messages\storage\base.py first seen with mtime 1731739624.2072644
File C:\Users\willi\AppData\Local\Programs\Python\Python312\Lib\site-packages\django\template\loader.py first seen with mtime 1731739624.9933357
File C:\Users\willi\OneDrive\Escritorio\Nova\SoftwareAdministrativoSupermercadosNovaAdvance\mainApp\forms.py first seen with mtime 1755362624.1563084
File C:\Users\willi\AppData\Local\Programs\Python\Python312\DLLs\_ssl.pyd first seen with mtime 1727773472.0
File C:\Users\willi\AppData\Local\Programs\Python\Python312\Lib\collections\abc.py first seen with mtime 1727773420.0
File C:\Users\willi\AppData\Local\Programs\Python\Python312\Lib\site-packages\django\contrib\contenttypes\forms.py first seen with mtime 1731739623.4252956
File C:\Users\willi\AppData\Local\Programs\Python\Python312\Lib\site-packages\django\contrib\admin\__init__.py first seen with mtime 1731739622.6500547
File C:\Users\willi\AppData\Local\Programs\Python\Python312\Lib\ctypes\__init__.py first seen with mtime 1727773420.0
File C:\Users\willi\AppData\Local\Programs\Python\Python312\Lib\threading.py first seen with mtime 1727773420.0
File C:\Users\willi\AppData\Local\Programs\Python\Python312\Lib\site-packages\django\db\backends\base\introspection.py first seen with mtime 1731739624.8495939
File C:\Users\willi\AppData\Local\Programs\Python\Python312\Lib\email\quoprimime.py first seen with mtime 1727773420.0
File C:\Users\willi\AppData\Local\Programs\Python\Python312\Lib\site-packages\django\core\files\__init__.py first seen with mtime 1731739624.799783
File C:\Users\willi\AppData\Local\Programs\Python\Python312\Lib\site-packages\django\db\models\sql\constants.py first seen with mtime 1731739624.9161716
File C:\Users\willi\AppData\Local\Programs\Python\Python312\Lib\site-packages\django\contrib\contenttypes\admin.py first seen with mtime 1731739623.425025
File C:\Users\willi\AppData\Local\Programs\Python\Python312\Lib\ctypes\util.py first seen with mtime 1727773420.0
File C:\Users\willi\AppData\Local\Programs\Python\Python312\Lib\site-packages\django\db\models\options.py first seen with mtime 1731739624.8980863
File C:\Users\willi\AppData\Local\Programs\Python\Python312\Lib\site-packages\django\http\request.py first seen with mtime 1731739624.9751582
File C:\Users\willi\AppData\Local\Programs\Python\Python312\Lib\site-packages\django\core\cache\utils.py first seen with mtime 1731739624.7886438
File C:\Users\willi\AppData\Local\Programs\Python\Python312\Lib\site-packages\django\db\backends\base\client.py first seen with mtime 1731739624.8492322
File C:\Users\willi\OneDrive\Escritorio\Nova\SoftwareAdministrativoSupermercadosNovaAdvance\mainApp\views.py first seen with mtime 1755396205.0382142
File C:\Users\willi\AppData\Local\Programs\Python\Python312\Lib\site-packages\django\views\generic\base.py first seen with mtime 1731739625.2436764
File C:\Users\willi\AppData\Local\Programs\Python\Python312\Lib\traceback.py first seen with mtime 1727773420.0
File C:\Users\willi\AppData\Local\Programs\Python\Python312\Lib\site-packages\django\core\cache\backends\filebased.py first seen with mtime 1731739624.7886438
File C:\Users\willi\AppData\Local\Programs\Python\Python312\Lib\selectors.py first seen with mtime 1727773420.0
File C:\Users\willi\AppData\Local\Programs\Python\Python312\Lib\site-packages\django\core\checks\urls.py first seen with mtime 1731739624.799783
File C:\Users\willi\AppData\Local\Programs\Python\Python312\Lib\asyncio\__init__.py first seen with mtime 1727773420.0
File C:\Users\willi\AppData\Local\Programs\Python\Python312\Lib\site-packages\django\middleware\cache.py first seen with mtime 1731739624.981244
File C:\Users\willi\AppData\Local\Programs\Python\Python312\Lib\pathlib.py first seen with mtime 1727773420.0
File C:\Users\willi\AppData\Local\Programs\Python\Python312\Lib\site-packages\sqlparse\filters\tokens.py first seen with mtime 1731739615.9918177
File C:\Users\willi\AppData\Local\Programs\Python\Python312\Lib\site-packages\django\utils\version.py first seen with mtime 1731739625.0359192
File C:\Users\willi\AppData\Local\Programs\Python\Python312\Lib\importlib\__init__.py first seen with mtime 1727773420.0
File C:\Users\willi\AppData\Local\Programs\Python\Python312\Lib\site-packages\django\templatetags\static.py first seen with mtime 1731739624.994903
File C:\Users\willi\AppData\Local\Programs\Python\Python312\Lib\site-packages\django\contrib\messages\utils.py first seen with mtime 1731739624.2072644
File C:\Users\willi\AppData\Local\Programs\Python\Python312\Lib\site-packages\django\db\models\functions\__init__.py first seen with mtime 1731739624.9101005
File C:\Users\willi\AppData\Local\Programs\Python\Python312\Lib\copyreg.py first seen with mtime 1727773420.0
File C:\Users\willi\AppData\Local\Programs\Python\Python312\Lib\site-packages\django\contrib\contenttypes\fields.py first seen with mtime 1731739623.4252956
File C:\Users\willi\AppData\Local\Programs\Python\Python312\Lib\concurrent\futures\_base.py first seen with mtime 1727773420.0
File C:\Users\willi\AppData\Local\Programs\Python\Python312\Lib\gzip.py first seen with mtime 1727773420.0
File C:\Users\willi\AppData\Local\Programs\Python\Python312\Lib\site-packages\django\db\models\sql\query.py first seen with mtime 1731739624.9161716
File C:\Users\willi\AppData\Local\Programs\Python\Python312\Lib\dataclasses.py first seen with mtime 1727773420.0
File C:\Users\willi\AppData\Local\Programs\Python\Python312\Lib\site-packages\django\db\migrations\state.py first seen with mtime 1731739624.8859253
File C:\Users\willi\AppData\Local\Programs\Python\Python312\Lib\site-packages\django\template\loaders\filesystem.py first seen with mtime 1731739624.994903
File C:\Users\willi\AppData\Local\Programs\Python\Python312\Lib\site-packages\django\contrib\auth\password_validation.py first seen with mtime 1731739623.2495396
File C:\Users\willi\AppData\Local\Programs\Python\Python312\Lib\contextlib.py first seen with mtime 1727773420.0
File C:\Users\willi\AppData\Local\Programs\Python\Python312\Lib\site-packages\django\core\cache\backends\__init__.py first seen with mtime 1731739624.7886438
File C:\Users\willi\AppData\Local\Programs\Python\Python312\Lib\site-packages\sqlparse\filters\aligned_indent.py first seen with mtime 1731739615.988463
File C:\Users\willi\AppData\Local\Programs\Python\Python312\Lib\http\cookies.py first seen with mtime 1727773420.0
File C:\Users\willi\AppData\Local\Programs\Python\Python312\Lib\json\scanner.py first seen with mtime 1727773420.0
File C:\Users\willi\AppData\Local\Programs\Python\Python312\Lib\asyncio\timeouts.py first seen with mtime 1727773420.0
File C:\Users\willi\AppData\Local\Programs\Python\Python312\Lib\site-packages\django\views\decorators\common.py first seen with mtime 1731739625.2436764
File C:\Users\willi\AppData\Local\Programs\Python\Python312\Lib\site-packages\django\contrib\auth\forms.py first seen with mtime 1731739623.2495396
File C:\Users\willi\AppData\Local\Programs\Python\Python312\Lib\site-packages\django\core\handlers\wsgi.py first seen with mtime 1731739624.8131373
File C:\Users\willi\AppData\Local\Programs\Python\Python312\Lib\site-packages\django\utils\log.py first seen with mtime 1731739625.0254498
File C:\Users\willi\AppData\Local\Programs\Python\Python312\Lib\site-packages\django\db\backends\base\base.py first seen with mtime 1731739624.8434324
File C:\Users\willi\AppData\Local\Programs\Python\Python312\Lib\site-packages\django\db\models\constraints.py first seen with mtime 1731739624.8919964
File C:\Users\willi\AppData\Local\Programs\Python\Python312\Lib\site-packages\django\core\paginator.py first seen with mtime 1731739624.7766397
File C:\Users\willi\AppData\Local\Programs\Python\Python312\Lib\site-packages\sqlparse\utils.py first seen with mtime 1731739615.9854622
File C:\Users\willi\AppData\Local\Programs\Python\Python312\Lib\site-packages\sqlparse\filters\right_margin.py first seen with mtime 1731739615.9918177
File C:\Users\willi\AppData\Local\Programs\Python\Python312\Lib\site-packages\django\views\__init__.py first seen with mtime 1731739625.2375877
File C:\Users\willi\AppData\Local\Programs\Python\Python312\Lib\site-packages\django\views\csrf.py first seen with mtime 1731739625.2375877
File C:\Users\willi\AppData\Local\Programs\Python\Python312\Lib\site-packages\django\contrib\sessions\base_session.py first seen with mtime 1731739624.4798634
File C:\Users\willi\AppData\Local\Programs\Python\Python312\Lib\site-packages\django\utils\tree.py first seen with mtime 1731739625.0359192
File C:\Users\willi\AppData\Local\Programs\Python\Python312\Lib\site-packages\django\utils\functional.py first seen with mtime 1731739625.0254498
File C:\Users\willi\AppData\Local\Programs\Python\Python312\Lib\site-packages\sqlparse\cli.py first seen with mtime 1731739615.9803956
File C:\Users\willi\AppData\Local\Programs\Python\Python312\Lib\site-packages\django\contrib\messages\__init__.py first seen with mtime 1731739624.1997077
File C:\Users\willi\AppData\Local\Programs\Python\Python312\Lib\site-packages\django\core\checks\security\base.py first seen with mtime 1731739624.799783
File C:\Users\willi\AppData\Local\Programs\Python\Python312\Lib\site-packages\django\core\management\color.py first seen with mtime 1731739624.8192973
File C:\Users\willi\AppData\Local\Programs\Python\Python312\Lib\site-packages\django\core\management\commands\runserver.py first seen with mtime 1731739624.8314364
File C:\Users\willi\AppData\Local\Programs\Python\Python312\Lib\site-packages\django\core\files\storage\mixins.py first seen with mtime 1731739624.8070016
File C:\Users\willi\AppData\Local\Programs\Python\Python312\Lib\asyncio\format_helpers.py first seen with mtime 1727773420.0
File C:\Users\willi\AppData\Local\Programs\Python\Python312\Lib\site-packages\django\contrib\admin\options.py first seen with mtime 1731739622.6555412
File C:\Users\willi\AppData\Local\Programs\Python\Python312\Lib\site-packages\dal_select2\fields.py first seen with mtime 1732343688.5378156
File C:\Users\willi\AppData\Local\Programs\Python\Python312\Lib\encodings\cp1252.py first seen with mtime 1727773420.0
File C:\Users\willi\AppData\Local\Programs\Python\Python312\Lib\site-packages\django\core\mail\__init__.py first seen with mtime 1731739624.8131373
File C:\Users\willi\AppData\Local\Programs\Python\Python312\Lib\site-packages\dal\forms.py first seen with mtime 1732343688.45823
File C:\Users\willi\AppData\Local\Programs\Python\Python312\Lib\site-packages\django\utils\deprecation.py first seen with mtime 1731739625.0191932
File C:\Users\willi\AppData\Local\Programs\Python\Python312\Lib\site-packages\psycopg\pq\misc.py first seen with mtime 1732234770.1283677
File C:\Users\willi\AppData\Local\Programs\Python\Python312\Lib\wsgiref\headers.py first seen with mtime 1727773420.0
File C:\Users\willi\AppData\Local\Programs\Python\Python312\Lib\site-packages\django\db\models\functions\comparison.py first seen with mtime 1731739624.9101005
File C:\Users\willi\AppData\Local\Programs\Python\Python312\Lib\zoneinfo\_common.py first seen with mtime 1727773420.0
File C:\Users\willi\AppData\Local\Programs\Python\Python312\Lib\site-packages\django\contrib\contenttypes\views.py first seen with mtime 1731739623.4252956
File C:\Users\willi\AppData\Local\Programs\Python\Python312\Lib\site-packages\django\template\response.py first seen with mtime 1731739624.9933357
File C:\Users\willi\AppData\Local\Programs\Python\Python312\Lib\site-packages\django\db\backends\base\operations.py first seen with mtime 1731739624.8495939
File C:\Users\willi\AppData\Local\Programs\Python\Python312\Lib\glob.py first seen with mtime 1727773420.0
File C:\Users\willi\AppData\Local\Programs\Python\Python312\Lib\http\server.py first seen with mtime 1727773420.0
File C:\Users\willi\AppData\Local\Programs\Python\Python312\Lib\site-packages\django\utils\asyncio.py first seen with mtime 1731739625.013087
File C:\Users\willi\AppData\Local\Programs\Python\Python312\Lib\site-packages\django\contrib\messages\constants.py first seen with mtime 1731739624.1997077
File C:\Users\willi\AppData\Local\Programs\Python\Python312\Lib\site-packages\django\middleware\csrf.py first seen with mtime 1731739624.981244
File C:\Users\willi\AppData\Local\Programs\Python\Python312\Lib\site-packages\django\core\files\storage\memory.py first seen with mtime 1731739624.8070016
File C:\Users\willi\AppData\Local\Programs\Python\Python312\Lib\site-packages\django\urls\converters.py first seen with mtime 1731739625.013087
File C:\Users\willi\AppData\Local\Programs\Python\Python312\Lib\site-packages\sqlparse\engine\__init__.py first seen with mtime 1731739615.9854622
File C:\Users\willi\AppData\Local\Programs\Python\Python312\Lib\functools.py first seen with mtime 1727773420.0
File C:\Users\willi\AppData\Local\Programs\Python\Python312\Lib\site-packages\django\contrib\auth\admin.py first seen with mtime 1731739623.2435505
File C:\Users\willi\AppData\Local\Programs\Python\Python312\Lib\site-packages\django\templatetags\i18n.py first seen with mtime 1731739624.994903
File C:\Users\willi\AppData\Local\Programs\Python\Python312\Lib\site-packages\django\templatetags\__init__.py first seen with mtime 1731739624.994903
File C:\Users\willi\AppData\Local\Programs\Python\Python312\Lib\site-packages\django\core\files\storage\handler.py first seen with mtime 1731739624.8070016
File C:\Users\willi\AppData\Local\Programs\Python\Python312\Lib\site-packages\django\template\context.py first seen with mtime 1731739624.9887834
File C:\Users\willi\AppData\Local\Programs\Python\Python312\Lib\site-packages\django\utils\text.py first seen with mtime 1731739625.0254498
File C:\Users\willi\AppData\Local\Programs\Python\Python312\Lib\site-packages\django\contrib\auth\checks.py first seen with mtime 1731739623.2495396
File C:\Users\willi\AppData\Local\Programs\Python\Python312\Lib\warnings.py first seen with mtime 1727773420.0
File C:\Users\willi\AppData\Local\Programs\Python\Python312\Lib\email\iterators.py first seen with mtime 1727773420.0
File C:\Users\willi\AppData\Local\Programs\Python\Python312\Lib\asyncio\subprocess.py first seen with mtime 1727773420.0
File C:\Users\willi\AppData\Local\Programs\Python\Python312\Lib\site-packages\django\db\models\expressions.py first seen with mtime 1731739624.8980863
File C:\Users\willi\AppData\Local\Programs\Python\Python312\Lib\encodings\utf_8.py first seen with mtime 1727773420.0
File C:\Users\willi\AppData\Local\Programs\Python\Python312\Lib\site-packages\django\contrib\contenttypes\management\__init__.py first seen with mtime 1731739623.649715
File C:\Users\willi\AppData\Local\Programs\Python\Python312\Lib\site-packages\django\core\files\storage\__init__.py first seen with mtime 1731739624.8070016
File C:\Users\willi\AppData\Local\Programs\Python\Python312\Lib\site-packages\django\db\models\functions\math.py first seen with mtime 1731739624.9101005
File C:\Users\willi\AppData\Local\Programs\Python\Python312\Lib\asyncio\protocols.py first seen with mtime 1727773420.0
File C:\Users\willi\AppData\Local\Programs\Python\Python312\DLLs\_overlapped.pyd first seen with mtime 1727773472.0
File C:\Users\willi\AppData\Local\Programs\Python\Python312\Lib\site-packages\asgiref\local.py first seen with mtime 1731739263.6130142
File C:\Users\willi\AppData\Local\Programs\Python\Python312\Lib\site-packages\django\http\cookie.py first seen with mtime 1731739624.9751582
File C:\Users\willi\AppData\Local\Programs\Python\Python312\Lib\site-packages\django\db\models\query_utils.py first seen with mtime 1731739624.8980863
File C:\Users\willi\AppData\Local\Programs\Python\Python312\Lib\site-packages\django\core\checks\database.py first seen with mtime 1731739624.7926495
File C:\Users\willi\AppData\Local\Programs\Python\Python312\DLLs\_decimal.pyd first seen with mtime 1727773472.0
File C:\Users\willi\AppData\Local\Programs\Python\Python312\Lib\site-packages\django\conf\global_settings.py first seen with mtime 1731739622.3863635
File C:\Users\willi\AppData\Local\Programs\Python\Python312\Lib\site-packages\django\contrib\sessions\apps.py first seen with mtime 1731739624.4798634
File C:\Users\willi\AppData\Local\Programs\Python\Python312\Lib\site-packages\psycopg\pq\_enums.py first seen with mtime 1732234770.1283677
File C:\Users\willi\AppData\Local\Programs\Python\Python312\Lib\site-packages\django\contrib\admin\filters.py first seen with mtime 1731739622.6555412
File C:\Users\willi\AppData\Local\Programs\Python\Python312\Lib\site-packages\django\forms\formsets.py first seen with mtime 1731739624.922241
File C:\Users\willi\AppData\Local\Programs\Python\Python312\Lib\site-packages\django\utils\translation\__init__.py first seen with mtime 1731739625.2315073
File C:\Users\willi\AppData\Local\Programs\Python\Python312\Lib\site-packages\django\db\models\functions\datetime.py first seen with mtime 1731739624.9101005
File C:\Users\willi\AppData\Local\Programs\Python\Python312\Lib\wsgiref\util.py first seen with mtime 1727773420.0
File C:\Users\willi\AppData\Local\Programs\Python\Python312\Lib\asyncio\locks.py first seen with mtime 1727773420.0
File C:\Users\willi\AppData\Local\Programs\Python\Python312\Lib\site-packages\sqlparse\filters\__init__.py first seen with mtime 1731739615.988463
File C:\Users\willi\AppData\Local\Programs\Python\Python312\Lib\site-packages\django\utils\cache.py first seen with mtime 1731739625.013087
File C:\Users\willi\AppData\Local\Programs\Python\Python312\Lib\site-packages\django\shortcuts.py first seen with mtime 1731739622.171325
File C:\Users\willi\AppData\Local\Programs\Python\Python312\Lib\site-packages\django\apps\registry.py first seen with mtime 1731739622.3863635
File C:\Users\willi\AppData\Local\Programs\Python\Python312\Lib\email\mime\multipart.py first seen with mtime 1727773420.0
File C:\Users\willi\AppData\Local\Programs\Python\Python312\Lib\site-packages\django\contrib\admin\templatetags\__init__.py first seen with mtime 1731739623.0869794
File C:\Users\willi\OneDrive\Escritorio\Nova\SoftwareAdministrativoSupermercadosNovaAdvance\mainApp\models.py first seen with mtime 1754516645.4398413
File C:\Users\willi\AppData\Local\Programs\Python\Python312\Lib\site-packages\django\utils\deconstruct.py first seen with mtime 1731739625.0191932
File C:\Users\willi\AppData\Local\Programs\Python\Python312\Lib\site-packages\django\urls\utils.py first seen with mtime 1731739625.013087
File C:\Users\willi\AppData\Local\Programs\Python\Python312\Lib\site-packages\django\contrib\staticfiles\finders.py first seen with mtime 1731739624.7601304
File C:\Users\willi\AppData\Local\Programs\Python\Python312\Lib\site-packages\django\db\migrations\operations\special.py first seen with mtime 1731739624.8919964
File C:\Users\willi\AppData\Local\Programs\Python\Python312\Lib\asyncio\transports.py first seen with mtime 1727773420.0
File C:\Users\willi\AppData\Local\Programs\Python\Python312\Lib\http\__init__.py first seen with mtime 1727773420.0
File C:\Users\willi\AppData\Local\Programs\Python\Python312\Lib\site-packages\django\http\__init__.py first seen with mtime 1731739624.9751582
File C:\Users\willi\AppData\Local\Programs\Python\Python312\Lib\site-packages\django\db\backends\postgresql\__init__.py first seen with mtime 1731739624.8676271
File C:\Users\willi\AppData\Local\Programs\Python\Python312\Lib\site-packages\django\contrib\staticfiles\__init__.py first seen with mtime 1731739624.7601304
File C:\Users\willi\AppData\Local\Programs\Python\Python312\Lib\site-packages\django\core\serializers\json.py first seen with mtime 1731739624.8375165
File C:\Users\willi\AppData\Local\Programs\Python\Python312\Lib\site-packages\django\utils\safestring.py first seen with mtime 1731739625.0254498
File C:\Users\willi\AppData\Local\Programs\Python\Python312\Lib\struct.py first seen with mtime 1727773420.0
File C:\Users\willi\AppData\Local\Programs\Python\Python312\Lib\site-packages\django\core\cache\backends\base.py first seen with mtime 1731739624.7886438
File C:\Users\willi\OneDrive\Escritorio\Nova\SoftwareAdministrativoSupermercadosNovaAdvance\NovaSoft\urls.py first seen with mtime 1754337533.7866864
File C:\Users\willi\AppData\Local\Programs\Python\Python312\Lib\html\entities.py first seen with mtime 1727773420.0
File C:\Users\willi\AppData\Local\Programs\Python\Python312\Lib\ctypes\wintypes.py first seen with mtime 1727773420.0
File C:\Users\willi\AppData\Local\Programs\Python\Python312\Lib\site-packages\django\db\models\constants.py first seen with mtime 1731739624.8919964
File C:\Users\willi\OneDrive\Escritorio\Nova\SoftwareAdministrativoSupermercadosNovaAdvance\mainApp\urls.py first seen with mtime 1755123942.0652084
File C:\Users\willi\AppData\Local\Programs\Python\Python312\Lib\site-packages\django\db\backends\base\schema.py first seen with mtime 1731739624.8495939
File C:\Users\willi\AppData\Local\Programs\Python\Python312\Lib\numbers.py first seen with mtime 1727773420.0
File C:\Users\willi\AppData\Local\Programs\Python\Python312\Lib\_compat_pickle.py first seen with mtime 1727773420.0
File C:\Users\willi\AppData\Local\Programs\Python\Python312\Lib\urllib\response.py first seen with mtime 1727773420.0
File C:\Users\willi\AppData\Local\Programs\Python\Python312\Lib\queue.py first seen with mtime 1727773420.0
File C:\Users\willi\AppData\Local\Programs\Python\Python312\Lib\asyncio\base_subprocess.py first seen with mtime 1727773420.0
File C:\Users\willi\AppData\Local\Programs\Python\Python312\Lib\site-packages\django\db\models\fields\json.py first seen with mtime 1731739624.9041066
File C:\Users\willi\AppData\Local\Programs\Python\Python312\Lib\site-packages\django\views\decorators\__init__.py first seen with mtime 1731739625.2436764
File C:\Users\willi\AppData\Local\Programs\Python\Python312\Lib\email\encoders.py first seen with mtime 1727773420.0
File C:\Users\willi\AppData\Local\Programs\Python\Python312\DLLs\_hashlib.pyd first seen with mtime 1727773472.0
File C:\Users\willi\AppData\Local\Programs\Python\Python312\Lib\opcode.py first seen with mtime 1727773420.0
File C:\Users\willi\AppData\Local\Programs\Python\Python312\Lib\site-packages\django\core\files\storage\filesystem.py first seen with mtime 1731739624.8070016
File C:\Users\willi\AppData\Local\Programs\Python\Python312\Lib\site-packages\django\core\management\__init__.py first seen with mtime 1731739624.8192973
File C:\Users\willi\AppData\Local\Programs\Python\Python312\Lib\site-packages\psycopg2\sql.py first seen with mtime 1732249665.0349033
File C:\Users\willi\AppData\Local\Programs\Python\Python312\Lib\site-packages\django\template\__init__.py first seen with mtime 1731739624.987249
File C:\Users\willi\AppData\Local\Programs\Python\Python312\Lib\site-packages\django\utils\http.py first seen with mtime 1731739625.0254498
File C:\Users\willi\AppData\Local\Programs\Python\Python312\Lib\site-packages\django\apps\__init__.py first seen with mtime 1731739622.3863635
File C:\Users\willi\AppData\Local\Programs\Python\Python312\Lib\site-packages\django\views\generic\detail.py first seen with mtime 1731739625.2436764
File C:\Users\willi\AppData\Local\Programs\Python\Python312\Lib\shutil.py first seen with mtime 1727773420.0
File C:\Users\willi\AppData\Local\Programs\Python\Python312\Lib\site-packages\django\contrib\auth\mixins.py first seen with mtime 1731739623.2495396
File C:\Users\willi\AppData\Local\Programs\Python\Python312\Lib\asyncio\trsock.py first seen with mtime 1727773420.0
File C:\Users\willi\AppData\Local\Programs\Python\Python312\Lib\site-packages\django\contrib\admin\templatetags\base.py first seen with mtime 1731739623.0920131
File C:\Users\willi\AppData\Local\Programs\Python\Python312\Lib\wsgiref\simple_server.py first seen with mtime 1727773420.0
File C:\Users\willi\AppData\Local\Programs\Python\Python312\Lib\site-packages\django\views\debug.py first seen with mtime 1731739625.2375877
File C:\Users\willi\AppData\Local\Programs\Python\Python312\Lib\tempfile.py first seen with mtime 1727773420.0
File C:\Users\willi\AppData\Local\Programs\Python\Python312\Lib\enum.py first seen with mtime 1727773420.0
File C:\Users\willi\AppData\Local\Programs\Python\Python312\Lib\site-packages\django\utils\choices.py first seen with mtime 1731739625.0189822
File C:\Users\willi\AppData\Local\Programs\Python\Python312\Lib\logging\__init__.py first seen with mtime 1727773420.0
File C:\Users\willi\AppData\Local\Programs\Python\Python312\Lib\site-packages\django\db\models\fields\related_descriptors.py first seen with mtime 1731739624.9098225
File C:\Users\willi\AppData\Local\Programs\Python\Python312\Lib\site-packages\django\utils\hashable.py first seen with mtime 1731739625.0254498
File C:\Users\willi\AppData\Local\Programs\Python\Python312\Lib\site-packages\django\utils\timesince.py first seen with mtime 1731739625.0254498
File C:\Users\willi\AppData\Local\Programs\Python\Python312\Lib\email\utils.py first seen with mtime 1727773420.0
File C:\Users\willi\AppData\Local\Programs\Python\Python312\Lib\fnmatch.py first seen with mtime 1727773420.0
File C:\Users\willi\AppData\Local\Programs\Python\Python312\Lib\re\__init__.py first seen with mtime 1727773420.0
File C:\Users\willi\AppData\Local\Programs\Python\Python312\Lib\site-packages\django\core\checks\templates.py first seen with mtime 1731739624.7994015
File C:\Users\willi\AppData\Local\Programs\Python\Python312\Lib\site-packages\django\db\models\__init__.py first seen with mtime 1731739624.8919964
File C:\Users\willi\AppData\Local\Programs\Python\Python312\Lib\asyncio\mixins.py first seen with mtime 1727773420.0
File C:\Users\willi\AppData\Local\Programs\Python\Python312\Lib\site-packages\django\template\loaders\__init__.py first seen with mtime 1731739624.994903
File C:\Users\willi\AppData\Local\Programs\Python\Python312\Lib\site-packages\django\core\management\commands\__init__.py first seen with mtime 1731739624.8192973
File C:\Users\willi\AppData\Local\Programs\Python\Python312\Lib\site-packages\django\core\checks\security\csrf.py first seen with mtime 1731739624.799783
File C:\Users\willi\AppData\Local\Programs\Python\Python312\Lib\site-packages\django\template\backends\base.py first seen with mtime 1731739624.994903
File C:\Users\willi\AppData\Local\Programs\Python\Python312\Lib\base64.py first seen with mtime 1727773420.0
File C:\Users\willi\AppData\Local\Programs\Python\Python312\Lib\site-packages\django\forms\__init__.py first seen with mtime 1731739624.9161716
File C:\Users\willi\AppData\Local\Programs\Python\Python312\Lib\site-packages\django\apps\config.py first seen with mtime 1731739622.3863635
File C:\Users\willi\AppData\Local\Programs\Python\Python312\Lib\site-packages\django\contrib\auth\validators.py first seen with mtime 1731739623.2556012
File C:\Users\willi\AppData\Local\Programs\Python\Python312\Lib\site-packages\django\contrib\staticfiles\management\commands\runserver.py first seen with mtime 1731739624.7766397
File C:\Users\willi\AppData\Local\Programs\Python\Python312\Lib\site-packages\django\db\backends\postgresql\base.py first seen with mtime 1731739624.8676271
File C:\Users\willi\AppData\Local\Programs\Python\Python312\Lib\ctypes\_endian.py first seen with mtime 1727773420.0
File C:\Users\willi\AppData\Local\Programs\Python\Python312\Lib\site-packages\psycopg2\extras.py first seen with mtime 1732249665.0339024
File C:\Users\willi\AppData\Local\Programs\Python\Python312\Lib\site-packages\sqlparse\lexer.py first seen with mtime 1731739615.983729
File C:\Users\willi\AppData\Local\Programs\Python\Python312\Lib\site-packages\django\template\engine.py first seen with mtime 1731739624.9887834
File C:\Users\willi\AppData\Local\Programs\Python\Python312\Lib\site-packages\django\contrib\admin\checks.py first seen with mtime 1731739622.6500547
File C:\Users\willi\AppData\Local\Programs\Python\Python312\Lib\site-packages\django\db\models\sql\where.py first seen with mtime 1731739624.9161716
File C:\Users\willi\AppData\Local\Programs\Python\Python312\Lib\site-packages\django\core\handlers\base.py first seen with mtime 1731739624.8131373
File C:\Users\willi\AppData\Local\Programs\Python\Python312\Lib\site-packages\psycopg\errors.py first seen with mtime 1732234770.1127417
File C:\Users\willi\AppData\Local\Programs\Python\Python312\Lib\site-packages\dal\widgets.py first seen with mtime 1732343688.45923
File C:\Users\willi\AppData\Local\Programs\Python\Python312\Lib\site-packages\django\template\defaulttags.py first seen with mtime 1731739624.9887834
File C:\Users\willi\AppData\Local\Programs\Python\Python312\Lib\site-packages\django\db\models\signals.py first seen with mtime 1731739624.8980863
File C:\Users\willi\AppData\Local\Programs\Python\Python312\Lib\site-packages\django\template\loaders\cached.py first seen with mtime 1731739624.994903
File C:\Users\willi\AppData\Local\Programs\Python\Python312\Lib\ssl.py first seen with mtime 1727773420.0
File C:\Users\willi\AppData\Local\Programs\Python\Python312\Lib\reprlib.py first seen with mtime 1727773420.0
File C:\Users\willi\AppData\Local\Programs\Python\Python312\Lib\site-packages\django\core\checks\model_checks.py first seen with mtime 1731739624.7926495
File C:\Users\willi\AppData\Local\Programs\Python\Python312\Lib\site-packages\django\contrib\auth\management\__init__.py first seen with mtime 1731739623.4132893
File C:\Users\willi\AppData\Local\Programs\Python\Python312\DLLs\_bz2.pyd first seen with mtime 1727773472.0
File C:\Users\willi\AppData\Local\Programs\Python\Python312\Lib\site-packages\django\utils\itercompat.py first seen with mtime 1731739625.0254498
File C:\Users\willi\AppData\Local\Programs\Python\Python312\Lib\urllib\error.py first seen with mtime 1727773420.0
File C:\Users\willi\AppData\Local\Programs\Python\Python312\Lib\site-packages\django\forms\models.py first seen with mtime 1731739624.922241
File C:\Users\willi\AppData\Local\Programs\Python\Python312\Lib\string.py first seen with mtime 1727773420.0
File C:\Users\willi\AppData\Local\Programs\Python\Python312\Lib\site-packages\django\contrib\sites\__init__.py first seen with mtime 1731739624.6190653
File C:\Users\willi\AppData\Local\Programs\Python\Python312\Lib\site-packages\django\contrib\contenttypes\models.py first seen with mtime 1731739623.4252956
File C:\Users\willi\AppData\Local\Programs\Python\Python312\Lib\site-packages\django\utils\inspect.py first seen with mtime 1731739625.0254498
File C:\Users\willi\AppData\Local\Programs\Python\Python312\Lib\site-packages\django\core\files\move.py first seen with mtime 1731739624.805456
File C:\Users\willi\AppData\Local\Programs\Python\Python312\Lib\site-packages\django\core\wsgi.py first seen with mtime 1731739624.7766397
File C:\Users\willi\AppData\Local\Programs\Python\Python312\Lib\asyncio\sslproto.py first seen with mtime 1727773420.0
File C:\Users\willi\AppData\Local\Programs\Python\Python312\Lib\site-packages\django\forms\fields.py first seen with mtime 1731739624.922241
File C:\Users\willi\AppData\Local\Programs\Python\Python312\Lib\site-packages\dal_select2\__init__.py first seen with mtime 1732343688.536816
File C:\Users\willi\AppData\Local\Programs\Python\Python312\Lib\site-packages\django\db\models\query.py first seen with mtime 1731739624.8980863
File C:\Users\willi\AppData\Local\Programs\Python\Python312\Lib\asyncio\proactor_events.py first seen with mtime 1727773420.0
File C:\Users\willi\AppData\Local\Programs\Python\Python312\Lib\site-packages\django\views\decorators\csrf.py first seen with mtime 1731739625.2436764
File C:\Users\willi\AppData\Local\Programs\Python\Python312\Lib\asyncio\tasks.py first seen with mtime 1727773420.0
File C:\Users\willi\AppData\Local\Programs\Python\Python312\Lib\nturl2path.py first seen with mtime 1727773420.0
File C:\Users\willi\AppData\Local\Programs\Python\Python312\Lib\asyncio\futures.py first seen with mtime 1727773420.0
File C:\Users\willi\AppData\Local\Programs\Python\Python312\Lib\site-packages\django\core\checks\messages.py first seen with mtime 1731739624.7926495
File C:\Users\willi\AppData\Local\Programs\Python\Python312\Lib\site-packages\sqlparse\filters\reindent.py first seen with mtime 1731739615.9903665
File C:\Users\willi\AppData\Local\Programs\Python\Python312\Lib\site-packages\django\core\checks\translation.py first seen with mtime 1731739624.799783
File C:\Users\willi\AppData\Local\Programs\Python\Python312\Lib\site-packages\django\db\backends\base\validation.py first seen with mtime 1731739624.8495939
File C:\Users\willi\AppData\Local\Programs\Python\Python312\Lib\urllib\parse.py first seen with mtime 1727773420.0
File C:\Users\willi\AppData\Local\Programs\Python\Python312\Lib\site-packages\django\db\migrations\operations\__init__.py first seen with mtime 1731739624.8889313
File C:\Users\willi\AppData\Local\Programs\Python\Python312\Lib\quopri.py first seen with mtime 1727773420.0
File C:\Users\willi\AppData\Local\Programs\Python\Python312\Lib\site-packages\django\contrib\admin\utils.py first seen with mtime 1731739622.6555412
File C:\Users\willi\AppData\Local\Programs\Python\Python312\Lib\site-packages\django\urls\resolvers.py first seen with mtime 1731739625.013087
File C:\Users\willi\AppData\Local\Programs\Python\Python312\Lib\site-packages\django\contrib\auth\signals.py first seen with mtime 1731739623.2556012
File C:\Users\willi\AppData\Local\Programs\Python\Python312\DLLs\_ctypes.pyd first seen with mtime 1727773472.0
File C:\Users\willi\AppData\Local\Programs\Python\Python312\Lib\site-packages\django\forms\renderers.py first seen with mtime 1731739624.922241
File C:\Users\willi\AppData\Local\Programs\Python\Python312\Lib\site-packages\django\db\backends\base\creation.py first seen with mtime 1731739624.8495939
File C:\Users\willi\AppData\Local\Programs\Python\Python312\Lib\site-packages\sqlparse\filters\output.py first seen with mtime 1731739615.9894638
File C:\Users\willi\AppData\Local\Programs\Python\Python312\Lib\bz2.py first seen with mtime 1727773420.0
File C:\Users\willi\AppData\Local\Programs\Python\Python312\Lib\site-packages\django\contrib\admin\actions.py first seen with mtime 1731739622.6500547
File C:\Users\willi\OneDrive\Escritorio\Nova\SoftwareAdministrativoSupermercadosNovaAdvance\NovaSoft\settings.py first seen with mtime 1754337533.7866864
File C:\Users\willi\AppData\Local\Programs\Python\Python312\Lib\site-packages\django\core\cache\__init__.py first seen with mtime 1731739624.7886438
File C:\Users\willi\AppData\Local\Programs\Python\Python312\Lib\site-packages\django\db\backends\base\features.py first seen with mtime 1731739624.8495939
File C:\Users\willi\AppData\Local\Programs\Python\Python312\Lib\_markupbase.py first seen with mtime 1727773420.0
File C:\Users\willi\AppData\Local\Programs\Python\Python312\Lib\site-packages\django\contrib\admin\templatetags\admin_modify.py first seen with mtime 1731739623.0869794
File C:\Users\willi\AppData\Local\Programs\Python\Python312\Lib\html\parser.py first seen with mtime 1727773420.0
File C:\Users\willi\AppData\Local\Programs\Python\Python312\Lib\site-packages\django\contrib\staticfiles\management\commands\__init__.py first seen with mtime 1731739624.7766397
File C:\Users\willi\AppData\Local\Programs\Python\Python312\Lib\site-packages\django\utils\decorators.py first seen with mtime 1731739625.0191932
File C:\Users\willi\AppData\Local\Programs\Python\Python312\Lib\site-packages\django\db\backends\postgresql\features.py first seen with mtime 1731739624.8676271
File C:\Users\willi\AppData\Local\Programs\Python\Python312\Lib\site-packages\django\core\serializers\__init__.py first seen with mtime 1731739624.8375165
File C:\Users\willi\AppData\Local\Programs\Python\Python312\Lib\site-packages\django\views\generic\edit.py first seen with mtime 1731739625.2436764
File C:\Users\willi\AppData\Local\Programs\Python\Python312\Lib\site-packages\django\contrib\messages\api.py first seen with mtime 1731739624.1997077
File C:\Users\willi\AppData\Local\Programs\Python\Python312\Lib\site-packages\django\db\migrations\migration.py first seen with mtime 1731739624.880226
File C:\Users\willi\AppData\Local\Programs\Python\Python312\Lib\collections\__init__.py first seen with mtime 1727773420.0
File C:\Users\willi\AppData\Local\Programs\Python\Python312\Lib\site-packages\django\template\smartif.py first seen with mtime 1731739624.994903
File C:\Users\willi\AppData\Local\Programs\Python\Python312\Lib\site-packages\django\core\servers\__init__.py first seen with mtime 1731739624.8434324
File C:\Users\willi\AppData\Local\Programs\Python\Python312\Lib\site-packages\sqlparse\filters\others.py first seen with mtime 1731739615.9894638
File C:\Users\willi\AppData\Local\Programs\Python\Python312\Lib\site-packages\sqlparse\formatter.py first seen with mtime 1731739615.9824467
File C:\Users\willi\AppData\Local\Programs\Python\Python312\Lib\site-packages\django\http\response.py first seen with mtime 1731739624.981244
File C:\Users\willi\AppData\Local\Programs\Python\Python312\Lib\site-packages\django\views\static.py first seen with mtime 1731739625.243292
File C:\Users\willi\AppData\Local\Programs\Python\Python312\Lib\site-packages\django\db\backends\ddl_references.py first seen with mtime 1731739624.8434324
File C:\Users\willi\AppData\Local\Programs\Python\Python312\Lib\site-packages\django\template\autoreload.py first seen with mtime 1731739624.987249
File C:\Users\willi\AppData\Local\Programs\Python\Python312\Lib\site-packages\django\utils\ipv6.py first seen with mtime 1731739625.0254498
File C:\Users\willi\AppData\Local\Programs\Python\Python312\Lib\email\mime\__init__.py first seen with mtime 1727773420.0
File C:\Users\willi\AppData\Local\Programs\Python\Python312\Lib\site-packages\django\contrib\admin\decorators.py first seen with mtime 1731739622.6500547
File C:\Users\willi\AppData\Local\Programs\Python\Python312\Lib\site-packages\django\contrib\contenttypes\checks.py first seen with mtime 1731739623.4252956
File C:\Users\willi\AppData\Local\Programs\Python\Python312\Lib\site-packages\django\core\checks\security\sessions.py first seen with mtime 1731739624.799783
File C:\Users\willi\AppData\Local\Programs\Python\Python312\Lib\site-packages\django\templatetags\l10n.py first seen with mtime 1731739624.994903
File C:\Users\willi\AppData\Local\Programs\Python\Python312\Lib\site-packages\django\contrib\auth\models.py first seen with mtime 1731739623.2495396
File C:\Users\willi\OneDrive\Escritorio\Nova\SoftwareAdministrativoSupermercadosNovaAdvance\mainApp\apps.py first seen with mtime 1754337533.8382695
File C:\Users\willi\AppData\Local\Programs\Python\Python312\Lib\site-packages\django\contrib\sites\shortcuts.py first seen with mtime 1731739624.6190653
File C:\Users\willi\AppData\Local\Programs\Python\Python312\Lib\types.py first seen with mtime 1727773420.0
File C:\Users\willi\AppData\Local\Programs\Python\Python312\Lib\email\_parseaddr.py first seen with mtime 1727773420.0
File C:\Users\willi\AppData\Local\Programs\Python\Python312\Lib\site-packages\django\contrib\auth\views.py first seen with mtime 1731739623.2556012
File C:\Users\willi\AppData\Local\Programs\Python\Python312\Lib\site-packages\django\contrib\staticfiles\handlers.py first seen with mtime 1731739624.775756
File C:\Users\willi\AppData\Local\Programs\Python\Python312\Lib\site-packages\django\utils\regex_helper.py first seen with mtime 1731739625.0254498
File C:\Users\willi\AppData\Local\Programs\Python\Python312\Lib\site-packages\django\utils\html.py first seen with mtime 1731739625.0254498
File C:\Users\willi\AppData\Local\Programs\Python\Python312\Lib\site-packages\django\contrib\admin\templatetags\admin_list.py first seen with mtime 1731739623.0869794
File C:\Users\willi\AppData\Local\Programs\Python\Python312\Lib\site-packages\django\utils\crypto.py first seen with mtime 1731739625.0191932
File C:\Users\willi\AppData\Local\Programs\Python\Python312\Lib\site-packages\dal\autocomplete.py first seen with mtime 1732343688.4572306
File C:\Users\willi\AppData\Local\Programs\Python\Python312\Lib\site-packages\django\db\backends\postgresql\psycopg_any.py first seen with mtime 1731739624.8676271
File C:\Users\willi\AppData\Local\Programs\Python\Python312\Lib\email\mime\base.py first seen with mtime 1727773420.0
File C:\Users\willi\AppData\Local\Programs\Python\Python312\Lib\difflib.py first seen with mtime 1727773420.0
File C:\Users\willi\AppData\Local\Programs\Python\Python312\Lib\site-packages\django\utils\_os.py first seen with mtime 1731739625.013087
File C:\Users\willi\AppData\Local\Programs\Python\Python312\Lib\site-packages\django\contrib\staticfiles\utils.py first seen with mtime 1731739624.7766397
File C:\Users\willi\AppData\Local\Programs\Python\Python312\Lib\decimal.py first seen with mtime 1727773420.0
File C:\Users\willi\AppData\Local\Programs\Python\Python312\Lib\site-packages\django\contrib\staticfiles\checks.py first seen with mtime 1731739624.7601304
File C:\Users\willi\AppData\Local\Programs\Python\Python312\Lib\site-packages\django\middleware\__init__.py first seen with mtime 1731739624.981244
File C:\Users\willi\AppData\Local\Programs\Python\Python312\Lib\site-packages\django\template\defaultfilters.py first seen with mtime 1731739624.9887834
File C:\Users\willi\AppData\Local\Programs\Python\Python312\Lib\site-packages\django\contrib\admin\apps.py first seen with mtime 1731739622.6500547
File C:\Users\willi\AppData\Local\Programs\Python\Python312\Lib\site-packages\django\conf\__init__.py first seen with mtime 1731739622.3863635
File C:\Users\willi\AppData\Local\Programs\Python\Python312\Lib\site-packages\django\db\models\aggregates.py first seen with mtime 1731739624.8919964
File C:\Users\willi\AppData\Local\Programs\Python\Python312\Lib\site-packages\django\contrib\auth\backends.py first seen with mtime 1731739623.2495396
File C:\Users\willi\AppData\Local\Programs\Python\Python312\Lib\site-packages\django\db\migrations\operations\fields.py first seen with mtime 1731739624.8889313
File C:\Users\willi\AppData\Local\Programs\Python\Python312\Lib\site-packages\django\http\multipartparser.py first seen with mtime 1731739624.9751582
File C:\Users\willi\AppData\Local\Programs\Python\Python312\Lib\site-packages\psycopg2\__init__.py first seen with mtime 1732249665.0158982
File C:\Users\willi\AppData\Local\Programs\Python\Python312\Lib\site-packages\django\urls\base.py first seen with mtime 1731739625.00697
File C:\Users\willi\OneDrive\Escritorio\Nova\SoftwareAdministrativoSupermercadosNovaAdvance\NovaSoft\__init__.py first seen with mtime 1754337533.7826865
File C:\Users\willi\AppData\Local\Programs\Python\Python312\Lib\site-packages\django\core\files\locks.py first seen with mtime 1731739624.805456
File C:\Users\willi\AppData\Local\Programs\Python\Python312\Lib\site-packages\django\db\models\fields\mixins.py first seen with mtime 1731739624.9041066
File C:\Users\willi\AppData\Local\Programs\Python\Python312\Lib\site-packages\django\db\models\manager.py first seen with mtime 1731739624.8980863
File C:\Users\willi\AppData\Local\Programs\Python\Python312\Lib\html\__init__.py first seen with mtime 1727773420.0
File C:\Users\willi\AppData\Local\Programs\Python\Python312\Lib\site-packages\django\template\backends\django.py first seen with mtime 1731739624.994903
File C:\Users\willi\AppData\Local\Programs\Python\Python312\Lib\pkgutil.py first seen with mtime 1727773420.0
File C:\Users\willi\AppData\Local\Programs\Python\Python312\Lib\site-packages\django\core\handlers\exception.py first seen with mtime 1731739624.8131373
File C:\Users\willi\AppData\Local\Programs\Python\Python312\DLLs\_wmi.pyd first seen with mtime 1727773472.0
File C:\Users\willi\AppData\Local\Programs\Python\Python312\Lib\site-packages\django\utils\autoreload.py first seen with mtime 1731739625.013087
File C:\Users\willi\AppData\Local\Programs\Python\Python312\Lib\asyncio\log.py first seen with mtime 1727773420.0
File C:\Users\willi\AppData\Local\Programs\Python\Python312\Lib\asyncio\streams.py first seen with mtime 1727773420.0
File C:\Users\willi\AppData\Local\Programs\Python\Python312\Lib\site-packages\django\core\checks\compatibility\__init__.py first seen with mtime 1731739624.799783
File C:\Users\willi\AppData\Local\Programs\Python\Python312\Lib\site-packages\django\contrib\admin\templatetags\admin_urls.py first seen with mtime 1731739623.0920131
File C:\Users\willi\AppData\Local\Programs\Python\Python312\Lib\site-packages\django\core\files\temp.py first seen with mtime 1731739624.805456
File C:\Users\willi\AppData\Local\Programs\Python\Python312\Lib\site-packages\django\utils\dateparse.py first seen with mtime 1731739625.0191932
File C:\Users\willi\AppData\Local\Programs\Python\Python312\Lib\zoneinfo\__init__.py first seen with mtime 1727773420.0
File C:\Users\willi\AppData\Local\Programs\Python\Python312\Lib\site-packages\django\db\models\fields\__init__.py first seen with mtime 1731739624.9041066
File C:\Users\willi\AppData\Local\Programs\Python\Python312\Lib\site-packages\django\db\models\fields\generated.py first seen with mtime 1731739624.9041066
File C:\Users\willi\AppData\Local\Programs\Python\Python312\Lib\textwrap.py first seen with mtime 1727773420.0
File C:\Users\willi\AppData\Local\Programs\Python\Python312\Lib\site-packages\asgiref\current_thread_executor.py first seen with mtime 1731739263.6130142
File C:\Users\willi\AppData\Local\Programs\Python\Python312\Lib\site-packages\django\db\backends\postgresql\creation.py first seen with mtime 1731739624.8676271
File C:\Users\willi\AppData\Local\Programs\Python\Python312\Lib\email\message.py first seen with mtime 1727773420.0
File C:\Users\willi\AppData\Local\Programs\Python\Python312\Lib\_compression.py first seen with mtime 1727773420.0
File C:\Users\willi\AppData\Local\Programs\Python\Python312\Lib\email\feedparser.py first seen with mtime 1727773420.0
File C:\Users\willi\AppData\Local\Programs\Python\Python312\Lib\socketserver.py first seen with mtime 1727773420.0
File C:\Users\willi\AppData\Local\Programs\Python\Python312\Lib\site-packages\django\templatetags\tz.py first seen with mtime 1731739624.994903
File C:\Users\willi\AppData\Local\Programs\Python\Python312\Lib\site-packages\django\core\management\base.py first seen with mtime 1731739624.8192973
File C:\Users\willi\AppData\Local\Programs\Python\Python312\Lib\site-packages\django\db\backends\signals.py first seen with mtime 1731739624.8434324
File C:\Users\willi\AppData\Local\Programs\Python\Python312\DLLs\select.pyd first seen with mtime 1727773472.0
File C:\Users\willi\AppData\Local\Programs\Python\Python312\Lib\site-packages\django\db\models\base.py first seen with mtime 1731739624.8919964
File C:\Users\willi\AppData\Local\Programs\Python\Python312\Lib\_weakrefset.py first seen with mtime 1727773420.0
File C:\Users\willi\AppData\Local\Programs\Python\Python312\Lib\site-packages\dal_select2\widgets.py first seen with mtime 1732343688.5408158
File C:\Users\willi\AppData\Local\Programs\Python\Python312\Lib\site-packages\django\db\migrations\operations\base.py first seen with mtime 1731739624.8889313
File C:\Users\willi\AppData\Local\Programs\Python\Python312\Lib\uuid.py first seen with mtime 1727773420.0
File C:\Users\willi\AppData\Local\Programs\Python\Python312\Lib\site-packages\django\db\models\indexes.py first seen with mtime 1731739624.8980863
File C:\Users\willi\AppData\Local\Programs\Python\Python312\Lib\site-packages\django\core\checks\compatibility\django_4_0.py first seen with mtime 1731739624.799783
File C:\Users\willi\AppData\Local\Programs\Python\Python312\Lib\random.py first seen with mtime 1727773420.0
File C:\Users\willi\AppData\Local\Programs\Python\Python312\Lib\site-packages\django\contrib\messages\storage\__init__.py first seen with mtime 1731739624.2072644
File C:\Users\willi\AppData\Local\Programs\Python\Python312\Lib\calendar.py first seen with mtime 1727773420.0
File C:\Users\willi\AppData\Local\Programs\Python\Python312\Lib\asyncio\exceptions.py first seen with mtime 1727773420.0
File C:\Users\willi\AppData\Local\Programs\Python\Python312\Lib\site-packages\django\contrib\admin\views\main.py first seen with mtime 1731739623.0920131
File C:\Users\willi\AppData\Local\Programs\Python\Python312\Lib\site-packages\sqlparse\tokens.py first seen with mtime 1731739615.9844608
File C:\Users\willi\AppData\Local\Programs\Python\Python312\Lib\site-packages\django\utils\lorem_ipsum.py first seen with mtime 1731739625.0254498
File C:\Users\willi\AppData\Local\Programs\Python\Python312\Lib\site-packages\django\views\i18n.py first seen with mtime 1731739625.2375877
File C:\Users\willi\AppData\Local\Programs\Python\Python312\Lib\operator.py first seen with mtime 1727773420.0
File C:\Users\willi\AppData\Local\Programs\Python\Python312\Lib\re\_constants.py first seen with mtime 1727773420.0
File C:\Users\willi\AppData\Local\Programs\Python\Python312\Lib\site-packages\django\core\serializers\base.py first seen with mtime 1731739624.8375165
File C:\Users\willi\AppData\Local\Programs\Python\Python312\Lib\site-packages\django\template\loader_tags.py first seen with mtime 1731739624.9933357
File C:\Users\willi\AppData\Local\Programs\Python\Python312\Lib\site-packages\psycopg\pq\abc.py first seen with mtime 1732234770.1283677
File C:\Users\willi\AppData\Local\Programs\Python\Python312\Lib\platform.py first seen with mtime 1727773420.0
File C:\Users\willi\AppData\Local\Programs\Python\Python312\Lib\asyncio\runners.py first seen with mtime 1727773420.0
File C:\Users\willi\AppData\Local\Programs\Python\Python312\Lib\site-packages\django\contrib\auth\base_user.py first seen with mtime 1731739623.2495396
File C:\Users\willi\AppData\Local\Programs\Python\Python312\Lib\concurrent\__init__.py first seen with mtime 1727773420.0
File C:\Users\willi\AppData\Local\Programs\Python\Python312\Lib\wsgiref\handlers.py first seen with mtime 1727773420.0
File C:\Users\willi\AppData\Local\Programs\Python\Python312\Lib\encodings\__init__.py first seen with mtime 1727773420.0
File C:\Users\willi\AppData\Local\Programs\Python\Python312\Lib\site-packages\django\db\backends\postgresql\schema.py first seen with mtime 1731739624.8676271
File C:\Users\willi\AppData\Local\Programs\Python\Python312\Lib\site-packages\django\utils\module_loading.py first seen with mtime 1731739625.0254498
File C:\Users\willi\AppData\Local\Programs\Python\Python312\Lib\concurrent\futures\__init__.py first seen with mtime 1727773420.0
File C:\Users\willi\AppData\Local\Programs\Python\Python312\Lib\signal.py first seen with mtime 1727773420.0
File C:\Users\willi\AppData\Local\Programs\Python\Python312\Lib\site-packages\django\dispatch\dispatcher.py first seen with mtime 1731739624.9161716
File C:\Users\willi\AppData\Local\Programs\Python\Python312\Lib\email\contentmanager.py first seen with mtime 1727773420.0
File C:\Users\willi\AppData\Local\Programs\Python\Python312\DLLs\_socket.pyd first seen with mtime 1727773472.0
File C:\Users\willi\AppData\Local\Programs\Python\Python312\Lib\copy.py first seen with mtime 1727773420.0
File C:\Users\willi\AppData\Local\Programs\Python\Python312\Lib\site-packages\django\utils\termcolors.py first seen with mtime 1731739625.0254498
File C:\Users\willi\AppData\Local\Programs\Python\Python312\Lib\getpass.py first seen with mtime 1727773420.0
File C:\Users\willi\AppData\Local\Programs\Python\Python312\Lib\site-packages\django\db\models\sql\datastructures.py first seen with mtime 1731739624.9161716
File C:\Users\willi\AppData\Local\Programs\Python\Python312\Lib\pprint.py first seen with mtime 1727773420.0
File C:\Users\willi\AppData\Local\Programs\Python\Python312\Lib\site-packages\django\forms\boundfield.py first seen with mtime 1731739624.922241
File C:\Users\willi\AppData\Local\Programs\Python\Python312\Lib\site-packages\django\db\backends\postgresql\operations.py first seen with mtime 1731739624.8676271
File C:\Users\willi\AppData\Local\Programs\Python\Python312\Lib\site-packages\django\core\signals.py first seen with mtime 1731739624.7766397
File C:\Users\willi\AppData\Local\Programs\Python\Python312\Lib\site-packages\django\contrib\staticfiles\views.py first seen with mtime 1731739624.7766397
File C:\Users\willi\AppData\Local\Programs\Python\Python312\Lib\site-packages\django\core\mail\utils.py first seen with mtime 1731739624.8131373
File C:\Users\willi\AppData\Local\Programs\Python\Python312\Lib\site-packages\django\contrib\contenttypes\__init__.py first seen with mtime 1731739623.4192743
File C:\Users\willi\AppData\Local\Programs\Python\Python312\Lib\asyncio\constants.py first seen with mtime 1727773420.0
File C:\Users\willi\AppData\Local\Programs\Python\Python312\Lib\logging\handlers.py first seen with mtime 1727773420.0
File C:\Users\willi\AppData\Local\Programs\Python\Python312\Lib\site-packages\sqlparse\engine\filter_stack.py first seen with mtime 1731739615.9864635
File C:\Users\willi\AppData\Local\Programs\Python\Python312\Lib\site-packages\django\contrib\auth\__init__.py first seen with mtime 1731739623.2435505
File C:\Users\willi\AppData\Local\Programs\Python\Python312\Lib\asyncio\windows_utils.py first seen with mtime 1727773420.0
File C:\Users\willi\AppData\Local\Programs\Python\Python312\Lib\concurrent\futures\thread.py first seen with mtime 1727773420.0
File C:\Users\willi\AppData\Local\Programs\Python\Python312\Lib\site-packages\django\db\migrations\utils.py first seen with mtime 1731739624.8859253
File C:\Users\willi\AppData\Local\Programs\Python\Python312\Lib\site-packages\_distutils_hack\__init__.py first seen with mtime 1731728617.314456
File C:\Users\willi\AppData\Local\Programs\Python\Python312\Lib\email\errors.py first seen with mtime 1727773420.0
File C:\Users\willi\AppData\Local\Programs\Python\Python312\Lib\site-packages\django\core\files\base.py first seen with mtime 1731739624.799783
File C:\Users\willi\AppData\Local\Programs\Python\Python312\Lib\site-packages\django\urls\exceptions.py first seen with mtime 1731739625.013087
File C:\Users\willi\AppData\Local\Programs\Python\Python312\Lib\asyncio\selector_events.py first seen with mtime 1727773420.0
File C:\Users\willi\AppData\Local\Programs\Python\Python312\Lib\site-packages\django\core\files\uploadedfile.py first seen with mtime 1731739624.8070016
File C:\Users\willi\AppData\Local\Programs\Python\Python312\Lib\site-packages\django\db\models\fields\reverse_related.py first seen with mtime 1731739624.9101005
File C:\Users\willi\AppData\Local\Programs\Python\Python312\Lib\email\generator.py first seen with mtime 1727773420.0
File C:\Users\willi\AppData\Local\Programs\Python\Python312\Lib\site-packages\django\template\loaders\app_directories.py first seen with mtime 1731739624.994903
File C:\Users\willi\AppData\Local\Programs\Python\Python312\Lib\site-packages\django\db\models\functions\text.py first seen with mtime 1731739624.9101005
File C:\Users\willi\AppData\Local\Programs\Python\Python312\Lib\site-packages\django\contrib\auth\apps.py first seen with mtime 1731739623.2435505
File C:\Users\willi\AppData\Local\Programs\Python\Python312\Lib\ast.py first seen with mtime 1727773420.0
File C:\Users\willi\AppData\Local\Programs\Python\Python312\Lib\asyncio\events.py first seen with mtime 1727773420.0
File C:\Users\willi\AppData\Local\Programs\Python\Python312\Lib\site-packages\django\utils\numberformat.py first seen with mtime 1731739625.0254498
File C:\Users\willi\AppData\Local\Programs\Python\Python312\Lib\hmac.py first seen with mtime 1727773420.0
File C:\Users\willi\AppData\Local\Programs\Python\Python312\Lib\email\mime\message.py first seen with mtime 1727773420.0
File C:\Users\willi\AppData\Local\Programs\Python\Python312\Lib\site-packages\django\db\migrations\exceptions.py first seen with mtime 1731739624.880226
File C:\Users\willi\AppData\Local\Programs\Python\Python312\DLLs\_zoneinfo.pyd first seen with mtime 1727773472.0
File C:\Users\willi\AppData\Local\Programs\Python\Python312\Lib\site-packages\django\dispatch\__init__.py first seen with mtime 1731739624.9161716
File C:\Users\willi\AppData\Local\Programs\Python\Python312\Lib\gettext.py first seen with mtime 1727773420.0
File C:\Users\willi\AppData\Local\Programs\Python\Python312\Lib\inspect.py first seen with mtime 1727773420.0
File C:\Users\willi\AppData\Local\Programs\Python\Python312\Lib\site-packages\django\contrib\staticfiles\management\__init__.py first seen with mtime 1731739624.7766397
File C:\Users\willi\AppData\Local\Programs\Python\Python312\Lib\site-packages\django\core\checks\caches.py first seen with mtime 1731739624.7926495
File C:\Users\willi\AppData\Local\Programs\Python\Python312\Lib\site-packages\psycopg\_compat.py first seen with mtime 1732234770.0971177
File C:\Users\willi\AppData\Local\Programs\Python\Python312\Lib\typing.py first seen with mtime 1727773420.0
File C:\Users\willi\AppData\Local\Programs\Python\Python312\Lib\mimetypes.py first seen with mtime 1727773420.0
File C:\Users\willi\AppData\Local\Programs\Python\Python312\DLLs\_lzma.pyd first seen with mtime 1727773472.0
File C:\Users\willi\AppData\Local\Programs\Python\Python312\Lib\contextvars.py first seen with mtime 1727773420.0
File C:\Users\willi\AppData\Local\Programs\Python\Python312\Lib\site-packages\django\core\checks\files.py first seen with mtime 1731739624.7926495
File C:\Users\willi\AppData\Local\Programs\Python\Python312\Lib\site-packages\dal\views.py first seen with mtime 1732343688.45823
File C:\Users\willi\AppData\Local\Programs\Python\Python312\Lib\site-packages\django\db\models\lookups.py first seen with mtime 1731739624.8980863
File C:\Users\willi\AppData\Local\Programs\Python\Python312\Lib\site-packages\django\forms\widgets.py first seen with mtime 1731739624.922241
File C:\Users\willi\AppData\Local\Programs\Python\Python312\Lib\site-packages\asgiref\__init__.py first seen with mtime 1731739263.6130142
File C:\Users\willi\AppData\Local\Programs\Python\Python312\Lib\linecache.py first seen with mtime 1727773420.0
File C:\Users\willi\AppData\Local\Programs\Python\Python312\Lib\site-packages\dal_select2\views.py first seen with mtime 1732343688.539816
File C:\Users\willi\AppData\Local\Programs\Python\Python312\Lib\weakref.py first seen with mtime 1727773420.0
File C:\Users\willi\AppData\Local\Programs\Python\Python312\Lib\site-packages\django\utils\connection.py first seen with mtime 1731739625.0191932
File C:\Users\willi\AppData\Local\Programs\Python\Python312\Lib\site-packages\django\core\servers\basehttp.py first seen with mtime 1731739624.8434324
File C:\Users\willi\OneDrive\Escritorio\Nova\SoftwareAdministrativoSupermercadosNovaAdvance\mainApp\templates\agregar_categoria.html first seen with mtime 1754337533.9307644
File C:\Users\willi\OneDrive\Escritorio\Nova\SoftwareAdministrativoSupermercadosNovaAdvance\mainApp\templates\agregar_cliente.html first seen with mtime 1754337533.9307644
File C:\Users\willi\OneDrive\Escritorio\Nova\SoftwareAdministrativoSupermercadosNovaAdvance\mainApp\templates\agregar_empleado.html first seen with mtime 1754337533.9317646
File C:\Users\willi\OneDrive\Escritorio\Nova\SoftwareAdministrativoSupermercadosNovaAdvance\mainApp\templates\agregar_horario.html first seen with mtime 1754337533.9317646
File C:\Users\willi\OneDrive\Escritorio\Nova\SoftwareAdministrativoSupermercadosNovaAdvance\mainApp\templates\agregar_horario_caja.html first seen with mtime 1754337533.932764
File C:\Users\willi\OneDrive\Escritorio\Nova\SoftwareAdministrativoSupermercadosNovaAdvance\mainApp\templates\agregar_inventario.html first seen with mtime 1754337533.932764
File C:\Users\willi\OneDrive\Escritorio\Nova\SoftwareAdministrativoSupermercadosNovaAdvance\mainApp\templates\agregar_pedido.html first seen with mtime 1754337533.932764
File C:\Users\willi\OneDrive\Escritorio\Nova\SoftwareAdministrativoSupermercadosNovaAdvance\mainApp\templates\agregar_producto.html first seen with mtime 1754337533.9337661
File C:\Users\willi\OneDrive\Escritorio\Nova\SoftwareAdministrativoSupermercadosNovaAdvance\mainApp\templates\agregar_productos_precios_proveedor.html first seen with mtime 1754337533.9337661
File C:\Users\willi\OneDrive\Escritorio\Nova\SoftwareAdministrativoSupermercadosNovaAdvance\mainApp\templates\agregar_proveedor.html first seen with mtime 1754337533.9347663
File C:\Users\willi\OneDrive\Escritorio\Nova\SoftwareAdministrativoSupermercadosNovaAdvance\mainApp\templates\agregar_punto_pago.html first seen with mtime 1754337533.9347663
File C:\Users\willi\OneDrive\Escritorio\Nova\SoftwareAdministrativoSupermercadosNovaAdvance\mainApp\templates\agregar_rol.html first seen with mtime 1754337533.9347663
File C:\Users\willi\OneDrive\Escritorio\Nova\SoftwareAdministrativoSupermercadosNovaAdvance\mainApp\templates\agregar_sucursal.html first seen with mtime 1754337533.9357655
File C:\Users\willi\OneDrive\Escritorio\Nova\SoftwareAdministrativoSupermercadosNovaAdvance\mainApp\templates\agregar_usuario.html first seen with mtime 1754337533.9357655
File C:\Users\willi\OneDrive\Escritorio\Nova\SoftwareAdministrativoSupermercadosNovaAdvance\mainApp\templates\base.html first seen with mtime 1754842153.1315448
File C:\Users\willi\OneDrive\Escritorio\Nova\SoftwareAdministrativoSupermercadosNovaAdvance\mainApp\templates\editar_categoria.html first seen with mtime 1754337533.936766
File C:\Users\willi\OneDrive\Escritorio\Nova\SoftwareAdministrativoSupermercadosNovaAdvance\mainApp\templates\editar_cliente.html first seen with mtime 1754337533.936766
File C:\Users\willi\OneDrive\Escritorio\Nova\SoftwareAdministrativoSupermercadosNovaAdvance\mainApp\templates\editar_empleado.html first seen with mtime 1754337533.936766
File C:\Users\willi\OneDrive\Escritorio\Nova\SoftwareAdministrativoSupermercadosNovaAdvance\mainApp\templates\editar_horario.html first seen with mtime 1754337533.9382708
File C:\Users\willi\OneDrive\Escritorio\Nova\SoftwareAdministrativoSupermercadosNovaAdvance\mainApp\templates\editar_horario_caja.html first seen with mtime 1754337533.9382708
File C:\Users\willi\OneDrive\Escritorio\Nova\SoftwareAdministrativoSupermercadosNovaAdvance\mainApp\templates\editar_inventario.html first seen with mtime 1754337533.9382708
File C:\Users\willi\OneDrive\Escritorio\Nova\SoftwareAdministrativoSupermercadosNovaAdvance\mainApp\templates\editar_pedido.html first seen with mtime 1754688974.4129448
File C:\Users\willi\OneDrive\Escritorio\Nova\SoftwareAdministrativoSupermercadosNovaAdvance\mainApp\templates\editar_producto.html first seen with mtime 1754337533.939285
File C:\Users\willi\OneDrive\Escritorio\Nova\SoftwareAdministrativoSupermercadosNovaAdvance\mainApp\templates\editar_productos_precios_proveedor.html first seen with mtime 1754337533.939285
File C:\Users\willi\OneDrive\Escritorio\Nova\SoftwareAdministrativoSupermercadosNovaAdvance\mainApp\templates\editar_proveedor.html first seen with mtime 1754337533.9405591
File C:\Users\willi\OneDrive\Escritorio\Nova\SoftwareAdministrativoSupermercadosNovaAdvance\mainApp\templates\editar_puntos_pago.html first seen with mtime 1754337533.9405591
File C:\Users\willi\OneDrive\Escritorio\Nova\SoftwareAdministrativoSupermercadosNovaAdvance\mainApp\templates\editar_rol.html first seen with mtime 1754337533.9405591
File C:\Users\willi\OneDrive\Escritorio\Nova\SoftwareAdministrativoSupermercadosNovaAdvance\mainApp\templates\editar_sucursal.html first seen with mtime 1754337533.941561
File C:\Users\willi\OneDrive\Escritorio\Nova\SoftwareAdministrativoSupermercadosNovaAdvance\mainApp\templates\editar_usuario.html first seen with mtime 1754337533.941561
File C:\Users\willi\OneDrive\Escritorio\Nova\SoftwareAdministrativoSupermercadosNovaAdvance\mainApp\templates\generar_venta.html first seen with mtime 1755363122.9852855
File C:\Users\willi\OneDrive\Escritorio\Nova\SoftwareAdministrativoSupermercadosNovaAdvance\mainApp\templates\homePage.html first seen with mtime 1754337533.94256
File C:\Users\willi\OneDrive\Escritorio\Nova\SoftwareAdministrativoSupermercadosNovaAdvance\mainApp\templates\login.html first seen with mtime 1754337533.94256
File C:\Users\willi\OneDrive\Escritorio\Nova\SoftwareAdministrativoSupermercadosNovaAdvance\mainApp\templates\migrations first seen with mtime 1754337533.9435601
File C:\Users\willi\OneDrive\Escritorio\Nova\SoftwareAdministrativoSupermercadosNovaAdvance\mainApp\templates\modal_venta.html first seen with mtime 1755373688.2191193
File C:\Users\willi\OneDrive\Escritorio\Nova\SoftwareAdministrativoSupermercadosNovaAdvance\mainApp\templates\navbar.html first seen with mtime 1754790984.466749
File C:\Users\willi\OneDrive\Escritorio\Nova\SoftwareAdministrativoSupermercadosNovaAdvance\mainApp\templates\ver_pedido.html first seen with mtime 1754346916.597995
File C:\Users\willi\OneDrive\Escritorio\Nova\SoftwareAdministrativoSupermercadosNovaAdvance\mainApp\templates\ver_venta.html first seen with mtime 1754337533.9445596
File C:\Users\willi\OneDrive\Escritorio\Nova\SoftwareAdministrativoSupermercadosNovaAdvance\mainApp\templates\visualizar_cambios.html first seen with mtime 1754337533.9455597
File C:\Users\willi\OneDrive\Escritorio\Nova\SoftwareAdministrativoSupermercadosNovaAdvance\mainApp\templates\visualizar_categorias.html first seen with mtime 1754337533.9455597
File C:\Users\willi\OneDrive\Escritorio\Nova\SoftwareAdministrativoSupermercadosNovaAdvance\mainApp\templates\visualizar_clientes.html first seen with mtime 1754337533.9455597
File C:\Users\willi\OneDrive\Escritorio\Nova\SoftwareAdministrativoSupermercadosNovaAdvance\mainApp\templates\visualizar_empleados.html first seen with mtime 1754337533.94656
File C:\Users\willi\OneDrive\Escritorio\Nova\SoftwareAdministrativoSupermercadosNovaAdvance\mainApp\templates\visualizar_horarios.html first seen with mtime 1754337533.94656
File C:\Users\willi\OneDrive\Escritorio\Nova\SoftwareAdministrativoSupermercadosNovaAdvance\mainApp\templates\visualizar_horarios_cajas.html first seen with mtime 1754337533.94756
File C:\Users\willi\OneDrive\Escritorio\Nova\SoftwareAdministrativoSupermercadosNovaAdvance\mainApp\templates\visualizar_inventarios.html first seen with mtime 1754337533.94756
File C:\Users\willi\OneDrive\Escritorio\Nova\SoftwareAdministrativoSupermercadosNovaAdvance\mainApp\templates\visualizar_pedidos.html first seen with mtime 1754940342.5312862
File C:\Users\willi\OneDrive\Escritorio\Nova\SoftwareAdministrativoSupermercadosNovaAdvance\mainApp\templates\visualizar_productos.html first seen with mtime 1754337533.9485605
File C:\Users\willi\OneDrive\Escritorio\Nova\SoftwareAdministrativoSupermercadosNovaAdvance\mainApp\templates\visualizar_productos_precios_proveedores.html first seen with mtime 1754337533.9490643
File C:\Users\willi\OneDrive\Escritorio\Nova\SoftwareAdministrativoSupermercadosNovaAdvance\mainApp\templates\visualizar_proveedores.html first seen with mtime 1754337533.9490643
File C:\Users\willi\OneDrive\Escritorio\Nova\SoftwareAdministrativoSupermercadosNovaAdvance\mainApp\templates\visualizar_puntos_pago.html first seen with mtime 1754337533.9490643
File C:\Users\willi\OneDrive\Escritorio\Nova\SoftwareAdministrativoSupermercadosNovaAdvance\mainApp\templates\visualizar_roles.html first seen with mtime 1754337533.9490643
File C:\Users\willi\OneDrive\Escritorio\Nova\SoftwareAdministrativoSupermercadosNovaAdvance\mainApp\templates\visualizar_sucursales.html first seen with mtime 1754337533.9505467
File C:\Users\willi\OneDrive\Escritorio\Nova\SoftwareAdministrativoSupermercadosNovaAdvance\mainApp\templates\visualizar_usuarios.html first seen with mtime 1754337533.9505467
File C:\Users\willi\OneDrive\Escritorio\Nova\SoftwareAdministrativoSupermercadosNovaAdvance\mainApp\templates\visualizar_ventas.html first seen with mtime 1755392137.5642369
File C:\Users\willi\OneDrive\Escritorio\Nova\SoftwareAdministrativoSupermercadosNovaAdvance\mainApp\templates\migrations\__init__.py first seen with mtime 1754337533.9435601
File C:\Users\willi\AppData\Local\Programs\Python\Python312\Lib\site-packages\dal_select2\locale\bg\LC_MESSAGES\django.mo first seen with mtime 1732343688.5418167
File C:\Users\willi\AppData\Local\Programs\Python\Python312\Lib\site-packages\dal_select2\locale\cs\LC_MESSAGES\django.mo first seen with mtime 1732343688.5428174
File C:\Users\willi\AppData\Local\Programs\Python\Python312\Lib\site-packages\dal_select2\locale\de\LC_MESSAGES\django.mo first seen with mtime 1732343688.5448177
File C:\Users\willi\AppData\Local\Programs\Python\Python312\Lib\site-packages\dal_select2\locale\es\LC_MESSAGES\django.mo first seen with mtime 1732343688.5463238
File C:\Users\willi\AppData\Local\Programs\Python\Python312\Lib\site-packages\dal_select2\locale\fi\LC_MESSAGES\django.mo first seen with mtime 1732343688.5493267
File C:\Users\willi\AppData\Local\Programs\Python\Python312\Lib\site-packages\dal_select2\locale\fr\LC_MESSAGES\django.mo first seen with mtime 1732343688.551327
File C:\Users\willi\AppData\Local\Programs\Python\Python312\Lib\site-packages\dal_select2\locale\it\LC_MESSAGES\django.mo first seen with mtime 1732343688.5523274
File C:\Users\willi\AppData\Local\Programs\Python\Python312\Lib\site-packages\dal_select2\locale\ja\LC_MESSAGES\django.mo first seen with mtime 1732343688.5533278
File C:\Users\willi\AppData\Local\Programs\Python\Python312\Lib\site-packages\dal_select2\locale\nl\LC_MESSAGES\django.mo first seen with mtime 1732343688.554328
File C:\Users\willi\AppData\Local\Programs\Python\Python312\Lib\site-packages\dal_select2\locale\pl\LC_MESSAGES\django.mo first seen with mtime 1732343688.5558321
File C:\Users\willi\AppData\Local\Programs\Python\Python312\Lib\site-packages\dal_select2\locale\pt-br\LC_MESSAGES\django.mo first seen with mtime 1732343688.5568476
File C:\Users\willi\AppData\Local\Programs\Python\Python312\Lib\site-packages\dal_select2\locale\ru\LC_MESSAGES\django.mo first seen with mtime 1732343688.5578456
File C:\Users\willi\AppData\Local\Programs\Python\Python312\Lib\site-packages\dal_select2\locale\tr\LC_MESSAGES\django.mo first seen with mtime 1732343688.5598466
File C:\Users\willi\AppData\Local\Programs\Python\Python312\Lib\site-packages\dal_select2\locale\uk\LC_MESSAGES\django.mo first seen with mtime 1732343688.5608468
File C:\Users\willi\AppData\Local\Programs\Python\Python312\Lib\site-packages\dal_select2\locale\zh-cn\LC_MESSAGES\django.mo first seen with mtime 1732343688.5618474
(0.109) 
            SELECT
                c.relname,
                CASE
                    WHEN c.relispartition THEN 'p'
                    WHEN c.relkind IN ('m', 'v') THEN 'v'
                    ELSE 't'
                END,
                obj_description(c.oid, 'pg_class')
            FROM pg_catalog.pg_class c
            LEFT JOIN pg_catalog.pg_namespace n ON n.oid = c.relnamespace
            WHERE c.relkind IN ('f', 'm', 'p', 'r', 'v')
                AND n.nspname NOT IN ('pg_catalog', 'pg_toast')
                AND pg_catalog.pg_table_is_visible(c.oid)
        ; args=None; alias=default
(0.093) SELECT "django_migrations"."id", "django_migrations"."app", "django_migrations"."name", "django_migrations"."applied" FROM "django_migrations"; args=(); alias=default
File C:\Users\willi\AppData\Local\Programs\Python\Python312\Lib\site-packages\django\contrib\auth\migrations\0001_initial.py first seen with mtime 1731739623.4132893
File C:\Users\willi\AppData\Local\Programs\Python\Python312\Lib\site-packages\django\contrib\messages\middleware.py first seen with mtime 1731739624.2072644
File C:\Users\willi\AppData\Local\Programs\Python\Python312\Lib\site-packages\django\contrib\auth\migrations\0002_alter_permission_name_max_length.py first seen with mtime 1731739623.4132893
File C:\Users\willi\OneDrive\Escritorio\Nova\SoftwareAdministrativoSupermercadosNovaAdvance\mainApp\migrations\0005_alter_cambiodevolucion_detalle_and_more.py first seen with mtime 1754337533.8435447
File C:\Users\willi\AppData\Local\Programs\Python\Python312\Lib\site-packages\django\db\migrations\executor.py first seen with mtime 1731739624.880226
File C:\Users\willi\AppData\Local\Programs\Python\Python312\Lib\site-packages\django\contrib\sessions\exceptions.py first seen with mtime 1731739624.4798634
File C:\Users\willi\AppData\Local\Programs\Python\Python312\Lib\site-packages\django\contrib\auth\migrations\0006_require_contenttypes_0002.py first seen with mtime 1731739623.4189668
File C:\Users\willi\AppData\Local\Programs\Python\Python312\Lib\site-packages\django\contrib\contenttypes\migrations\0002_remove_content_type_name.py first seen with mtime 1731739623.649715
File C:\Users\willi\AppData\Local\Programs\Python\Python312\Lib\site-packages\django\contrib\contenttypes\migrations\0001_initial.py first seen with mtime 1731739623.649715
File C:\Users\willi\OneDrive\Escritorio\Nova\SoftwareAdministrativoSupermercadosNovaAdvance\mainApp\migrations\0002_alter_horariocaja_puntopagoid.py first seen with mtime 1754337533.841544
File C:\Users\willi\AppData\Local\Programs\Python\Python312\Lib\site-packages\django\contrib\auth\migrations\0012_alter_user_first_name_max_length.py first seen with mtime 1731739623.4192743
File C:\Users\willi\OneDrive\Escritorio\Nova\SoftwareAdministrativoSupermercadosNovaAdvance\mainApp\migrations\__init__.py first seen with mtime 1754337533.8435447
File C:\Users\willi\OneDrive\Escritorio\Nova\SoftwareAdministrativoSupermercadosNovaAdvance\NovaSoft\wsgi.py first seen with mtime 1754337533.7866864
File C:\Users\willi\AppData\Local\Programs\Python\Python312\Lib\site-packages\django\contrib\sessions\backends\base.py first seen with mtime 1731739624.4798634
File C:\Users\willi\AppData\Local\Programs\Python\Python312\Lib\site-packages\django\contrib\admin\migrations\__init__.py first seen with mtime 1731739622.940451
File C:\Users\willi\AppData\Local\Programs\Python\Python312\Lib\site-packages\django\contrib\sessions\migrations\__init__.py first seen with mtime 1731739624.6190653
File C:\Users\willi\AppData\Local\Programs\Python\Python312\Lib\site-packages\django\db\migrations\recorder.py first seen with mtime 1731739624.8859253
File C:\Users\willi\OneDrive\Escritorio\Nova\SoftwareAdministrativoSupermercadosNovaAdvance\mainApp\migrations\0003_pedidosproveedor_detallespedidosproveedor.py first seen with mtime 1754337533.8425446
File C:\Users\willi\OneDrive\Escritorio\Nova\SoftwareAdministrativoSupermercadosNovaAdvance\mainApp\migrations\0004_cambiodevolucion_and_more.py first seen with mtime 1754337533.8425446
File C:\Users\willi\AppData\Local\Programs\Python\Python312\Lib\site-packages\django\contrib\contenttypes\migrations\__init__.py first seen with mtime 1731739623.649715
File C:\Users\willi\AppData\Local\Programs\Python\Python312\Lib\site-packages\django\contrib\auth\migrations\0005_alter_user_last_login_null.py first seen with mtime 1731739623.4132893
File C:\Users\willi\AppData\Local\Programs\Python\Python312\Lib\site-packages\django\contrib\auth\migrations\0009_alter_user_last_name_max_length.py first seen with mtime 1731739623.4192743
File C:\Users\willi\OneDrive\Escritorio\Nova\SoftwareAdministrativoSupermercadosNovaAdvance\mainApp\migrations\0001_initial.py first seen with mtime 1754337533.841544
File C:\Users\willi\AppData\Local\Programs\Python\Python312\Lib\site-packages\django\contrib\sessions\migrations\0001_initial.py first seen with mtime 1731739624.6190653
File C:\Users\willi\OneDrive\Escritorio\Nova\SoftwareAdministrativoSupermercadosNovaAdvance\mainApp\migrations\0006_alter_cambiodevolucion_productoid.py first seen with mtime 1754337533.8435447
File C:\Users\willi\AppData\Local\Programs\Python\Python312\Lib\site-packages\django\contrib\auth\migrations\0008_alter_user_username_max_length.py first seen with mtime 1731739623.4192743
File C:\Users\willi\AppData\Local\Programs\Python\Python312\Lib\site-packages\django\middleware\common.py first seen with mtime 1731739624.981244
File C:\Users\willi\AppData\Local\Programs\Python\Python312\Lib\site-packages\django\middleware\clickjacking.py first seen with mtime 1731739624.981244
File C:\Users\willi\AppData\Local\Programs\Python\Python312\Lib\site-packages\django\db\migrations\graph.py first seen with mtime 1731739624.880226
File C:\Users\willi\AppData\Local\Programs\Python\Python312\Lib\site-packages\django\db\models\sql\compiler.py first seen with mtime 1731739624.9159627
File C:\Users\willi\AppData\Local\Programs\Python\Python312\Lib\site-packages\django\contrib\admin\migrations\0002_logentry_remove_auto_add.py first seen with mtime 1731739622.940451
File C:\Users\willi\AppData\Local\Programs\Python\Python312\Lib\site-packages\django\db\migrations\loader.py first seen with mtime 1731739624.880226
File C:\Users\willi\AppData\Local\Programs\Python\Python312\Lib\site-packages\django\contrib\auth\migrations\0004_alter_user_username_opts.py first seen with mtime 1731739623.4132893
File C:\Users\willi\AppData\Local\Programs\Python\Python312\Lib\site-packages\django\contrib\admin\migrations\0003_logentry_add_action_flag_choices.py first seen with mtime 1731739622.940451
File C:\Users\willi\AppData\Local\Programs\Python\Python312\Lib\site-packages\django\contrib\sessions\backends\__init__.py first seen with mtime 1731739624.4798634
File C:\Users\willi\AppData\Local\Programs\Python\Python312\Lib\site-packages\django\views\defaults.py first seen with mtime 1731739625.2375877
File C:\Users\willi\AppData\Local\Programs\Python\Python312\Lib\site-packages\django\contrib\auth\migrations\0003_alter_user_email_max_length.py first seen with mtime 1731739623.4132893
File C:\Users\willi\AppData\Local\Programs\Python\Python312\Lib\site-packages\django\conf\urls\__init__.py first seen with mtime 1731739622.6469953
File C:\Users\willi\AppData\Local\Programs\Python\Python312\Lib\site-packages\django\contrib\admin\migrations\0001_initial.py first seen with mtime 1731739622.940451
File C:\Users\willi\AppData\Local\Programs\Python\Python312\Lib\site-packages\django\core\cache\backends\locmem.py first seen with mtime 1731739624.7886438
File C:\Users\willi\AppData\Local\Programs\Python\Python312\Lib\site-packages\django\contrib\auth\migrations\0011_update_proxy_permissions.py first seen with mtime 1731739623.4192743
File C:\Users\willi\AppData\Local\Programs\Python\Python312\Lib\site-packages\django\contrib\auth\migrations\__init__.py first seen with mtime 1731739623.4192743
File C:\Users\willi\AppData\Local\Programs\Python\Python312\Lib\site-packages\django\contrib\auth\migrations\0010_alter_group_name_max_length.py first seen with mtime 1731739623.4192743
File C:\Users\willi\AppData\Local\Programs\Python\Python312\Lib\site-packages\django\contrib\auth\migrations\0007_alter_validators_add_error_messages.py first seen with mtime 1731739623.4192743
